Iteration No,Rd,Ibias,W1,W2,Rbias1,Rbias2,Rbias3,C1,C2,Cload,Alo,flo,frf,mismatch,Temp,
1,318.74785036373845,0.002128744558965078,2.7198969265841165e-05,3.162361547157435e-05,11429.239338331674,17607.690485753334,31600.760391738168,2.7574740000000003e-12,2.786148e-12,4.9731105361105816e-11,0.2356777331893412,1000000000.0,1010000000.0,0,27,
2,328.33124244827627,0.002073583154457286,2.9257829327164716e-05,3.2546216892497496e-05,11429.239338331674,17642.227505548362,31324.30370905574,2.7574740000000003e-12,2.786148e-12,4.993129927316404e-11,0.2530439285263784,1000000000.0,1010000000.0,0,27,
3,342.4088120978429,0.0020518967259256712,3.271499956909598e-05,3.427179617878344e-05,11429.239338331674,18158.27682230927,31712.717889232074,2.7574740000000003e-12,2.786148e-12,4.84738954188826e-11,0.2729449413928335,1000000000.0,1010000000.0,0,27,
4,351.9688792927279,0.002030322044602479,3.6334586239754076e-05,3.592550684905994e-05,11429.239338331674,18983.59386468998,31990.062618883785,2.7574740000000003e-12,2.786148e-12,4.648097171238017e-11,0.28890399134178973,1000000000.0,1010000000.0,0,27,
5,354.5994946814935,0.001997976256609897,3.935738680059174e-05,3.740101648334389e-05,11429.239338331674,19744.899699344056,31772.762101259905,2.7574740000000003e-12,2.786148e-12,4.5218470283995844e-11,0.30218844203338024,1000000000.0,1010000000.0,0,27,
6,352.37749263233826,0.001959204701414504,4.1534208490439633e-05,3.802374381778747e-05,11429.239338331674,20176.309364932782,31219.780445696575,2.7574740000000003e-12,2.786148e-12,4.488301463453879e-11,0.3119839370326054,1000000000.0,1010000000.0,0,27,
7,349.0971711709095,0.0019280420959946745,4.370478707105094e-05,3.8451995829945044e-05,11429.239338331674,20510.768169886676,30543.65361428431,2.7574740000000003e-12,2.786148e-12,4.516603540792929e-11,0.3153622694326019,1000000000.0,1010000000.0,0,27,
8,347.94090181611455,0.001893998805030929,4.663133765848511e-05,3.885076385347234e-05,11429.239338331674,20786.290334026984,29825.599681828684,2.7574740000000003e-12,2.786148e-12,4.55904419271209e-11,0.31959768291038226,1000000000.0,1010000000.0,0,27,
9,348.65835768156415,0.001864931760804964,4.983461193464183e-05,3.879573599344435e-05,11429.239338331674,21444.593531216335,28967.458656792765,2.7574740000000003e-12,2.786148e-12,4.5741947055137573e-11,0.3104694888337224,1000000000.0,1010000000.0,0,27,
10,355.1703904995594,0.0018515232996817977,5.2039099615268136e-05,3.885069935306247e-05,11429.239338331674,21820.66210177976,28394.608661958773,2.7574740000000003e-12,2.786148e-12,4.5647821021762044e-11,0.30751956643707745,1000000000.0,1010000000.0,0,27,
11,363.3216793694856,0.001840338880263784,5.372446393352752e-05,3.8941445328013966e-05,11429.239338331674,22093.31663760111,27875.706182079728,2.7574740000000003e-12,2.786148e-12,4.481087031721265e-11,0.3052945575646587,1000000000.0,1010000000.0,0,27,
12,372.1513790771349,0.0018303478356123798,5.5942079925977946e-05,3.904850880352067e-05,11429.239338331674,22338.823143371905,27404.24830351863,2.7574740000000003e-12,2.786148e-12,4.3805517845259174e-11,0.3036498407936367,1000000000.0,1010000000.0,0,27,
13,380.9013555130493,0.0018207035971855863,5.815519258165852e-05,3.915759247622603e-05,11429.239338331674,22588.513070608435,26947.4082274644,2.7574740000000003e-12,2.786148e-12,4.2766183881024304e-11,0.3021676804833592,1000000000.0,1010000000.0,0,27,
14,389.8123087799563,0.001811501707505202,5.98323429906455e-05,3.9274137780296656e-05,11429.239338331674,22839.401372056254,26502.822816106072,2.7574740000000003e-12,2.786148e-12,4.1783769153964815e-11,0.3008938621253854,1000000000.0,1010000000.0,0,27,
15,398.83318840257147,0.001802624001264536,6.200717780673661e-05,3.939510217984386e-05,11429.239338331674,23077.040858097116,26077.934012067915,2.7574740000000003e-12,2.786148e-12,4.0828608924644325e-11,0.2997549620088278,1000000000.0,1010000000.0,0,27,
16,407.9790760386676,0.0017938936743494463,6.363985574824863e-05,3.951643587484204e-05,11429.239338331674,23320.240902943457,25656.166727820902,2.7574740000000003e-12,2.786148e-12,3.9905140223999773e-11,0.29874063712987736,1000000000.0,1010000000.0,0,27,
17,417.0000594097449,0.001785423444610114,6.580217545905275e-05,3.964423221690968e-05,11429.239338331674,23556.02990413484,25254.782314733144,2.7574740000000003e-12,2.786148e-12,3.90105651096702e-11,0.2978883942150621,1000000000.0,1010000000.0,0,27,
18,425.93159555464354,0.0017770509548403416,6.791903882798825e-05,4.004440948710535e-05,11429.239338331674,23789.913290425397,24865.329779436925,2.7574740000000003e-12,2.786148e-12,3.8166647582059324e-11,0.2971143452303863,1000000000.0,1010000000.0,0,27,
19,434.6953163101752,0.0017687995727035221,6.949872152090344e-05,4.017022545001507e-05,11429.239338331674,24025.679959448356,24480.129339753898,2.7574740000000003e-12,2.786148e-12,3.7366315331607526e-11,0.2963667272081759,1000000000.0,1010000000.0,0,27,
20,435.5092444639928,0.0017568370317038702,6.946031683808141e-05,4.0091415606605045e-05,11429.239338331674,24187.49454888646,24262.542393236567,2.7574740000000003e-12,2.786148e-12,3.661298779173662e-11,0.2963667272081759,1000000000.0,1010000000.0,0,27,
21,436.338996530331,0.0017450107986037708,6.942439687247976e-05,4.0016898528488204e-05,11429.239338331674,24385.293593816878,24060.21179936409,2.7574740000000003e-12,2.786148e-12,3.654456136465641e-11,0.2963667272081759,1000000000.0,1010000000.0,0,27,
22,437.211059816067,0.0017331436308536592,6.938879541058806e-05,3.994215307004399e-05,11429.239338331674,24583.10688590108,23869.264824932114,2.7574740000000003e-12,2.786148e-12,3.6475067403431606e-11,0.2963667272081759,1000000000.0,1010000000.0,0,27,
23,438.09196100344343,0.0017221596807465952,6.935454089663113e-05,3.991667315672934e-05,11429.239338331674,24759.29700477414,23681.711513559756,2.7574740000000003e-12,2.786148e-12,3.6402314058306575e-11,0.2963667272081759,1000000000.0,1010000000.0,0,27,
24,438.9622835087695,0.0017115083391410037,6.932178921489386e-05,3.98920153231349e-05,11429.239338331674,24943.337174094468,23496.387033771236,2.7574740000000003e-12,2.786148e-12,3.632911745911822e-11,0.2963667272081759,1000000000.0,1010000000.0,0,27,
25,439.8150911246668,0.0017012549344427761,6.928989862047257e-05,3.986795972315704e-05,11429.239338331674,25130.043802363074,23310.206498538708,2.7574740000000003e-12,2.786148e-12,3.625708838119705e-11,0.2963667272081759,1000000000.0,1010000000.0,0,27,
26,440.6716626413415,0.0016917065095543916,6.929522085873101e-05,3.984409020531338e-05,11429.239338331674,25305.10193186107,23120.2467647982,2.7574740000000003e-12,2.786148e-12,3.618678537949086e-11,0.2963667272081759,1000000000.0,1010000000.0,0,27,
27,441.50504051773424,0.0016822277380674686,6.930050300843887e-05,3.982112322754126e-05,11429.239338331674,25481.86882713106,22923.291809706297,2.7574740000000003e-12,2.786148e-12,3.6116446003797163e-11,0.2963667272081759,1000000000.0,1010000000.0,0,27,
28,442.3163605546995,0.001673243596174218,6.930599128200833e-05,3.9798392094506935e-05,11429.239338331674,25672.613919218962,22737.766009737126,2.7574740000000003e-12,2.786148e-12,3.604827317605731e-11,0.2963667272081759,1000000000.0,1010000000.0,0,27,
29,443.11055163654476,0.0016646410123152984,6.931161820603603e-05,3.97761156932207e-05,11429.239338331674,25868.133765593448,22556.26108797086,2.7574740000000003e-12,2.786148e-12,3.598215152889722e-11,0.2963667272081759,1000000000.0,1010000000.0,0,27,
30,443.9012905596482,0.0016563007887698926,6.928108769149453e-05,3.975457226737503e-05,11429.239338331674,26047.015252927155,22375.76424022759,2.7574740000000003e-12,2.786148e-12,3.5917660390637676e-11,0.2963667272081759,1000000000.0,1010000000.0,0,27,
31,441.53326769173515,0.001657256202961946,6.967825864124607e-05,3.9987460442715004e-05,11429.239338331674,25883.959189415167,22522.830607053642,2.7574740000000003e-12,2.786148e-12,3.585367884180757e-11,0.2987237655784021,1000000000.0,1010000000.0,0,27,
32,442.2323311958481,0.0016476968332329118,6.964922157323572e-05,3.994541564267784e-05,11429.239338331674,26077.23233241626,22369.597653511762,2.7574740000000003e-12,2.786148e-12,3.604596861385593e-11,0.2987237655784021,1000000000.0,1010000000.0,0,27,
33,443.00092533689883,0.0016396624865905516,6.96187400651253e-05,3.992398101561759e-05,11429.239338331674,26274.19255557418,22193.371649042645,2.7574740000000003e-12,2.786148e-12,3.598898856208041e-11,0.2987237655784021,1000000000.0,1010000000.0,0,27,
34,442.5981002420094,0.0016318660046320877,6.958744348596633e-05,3.990267094309565e-05,11429.239338331674,26357.511900865597,22020.515944931278,2.7574740000000003e-12,2.786148e-12,3.592654867952233e-11,0.2987237655784021,1000000000.0,1010000000.0,0,27,
35,445.2835543727274,0.0016393911047335298,7.063976996976479e-05,4.040854466429486e-05,11429.239338331674,25872.156593786778,22361.652410253868,2.7574740000000003e-12,2.786148e-12,3.595924677599623e-11,0.3044008115128726,1000000000.0,1010000000.0,0,27,
36,446.055041712819,0.0016310301223380372,7.064434825674798e-05,4.0336069104050025e-05,11429.239338331674,26054.366731368562,22180.99234789081,2.7574740000000003e-12,2.786148e-12,3.574238067608347e-11,0.3044008115128726,1000000000.0,1010000000.0,0,27,
37,446.82795413468114,0.0016232259667016513,7.06488359743382e-05,4.026641446054291e-05,11429.239338331674,26252.182161963272,22007.8256949923,2.7574740000000003e-12,2.786148e-12,3.56805614125001e-11,0.3044008115128726,1000000000.0,1010000000.0,0,27,
38,447.598414965942,0.001615726566721925,7.065331755714643e-05,4.01962716237039e-05,11429.239338331674,26443.805827161028,21832.202764368838,2.7574740000000003e-12,2.786148e-12,3.561884202167071e-11,0.3044008115128726,1000000000.0,1010000000.0,0,27,
39,448.34753168114355,0.0016083782891463598,7.065776683221846e-05,4.012512965982146e-05,11429.239338331674,26639.81833110863,21658.44486932091,2.7574740000000003e-12,2.786148e-12,3.555753053862032e-11,0.3044008115128726,1000000000.0,1010000000.0,0,27,
40,449.09823007561414,0.0016013474986482242,7.06621527507081e-05,4.0053351597543016e-05,11429.239338331674,26832.24395463063,21486.158217362037,2.7574740000000003e-12,2.786148e-12,3.549811961607572e-11,0.3044008115128726,1000000000.0,1010000000.0,0,27,
41,449.85239088558245,0.0015944797567489896,7.066660153377046e-05,3.998255844150944e-05,11429.239338331674,26976.902839988386,21319.691182351853,2.7574740000000003e-12,2.786148e-12,3.5438782082284894e-11,0.3044008115128726,1000000000.0,1010000000.0,0,27,
42,447.5045065548512,0.0015958318756944328,7.104590465062005e-05,4.048547382271166e-05,11429.239338331674,26741.45069756138,21477.434174722883,2.7574740000000003e-12,2.786148e-12,3.5379370281567656e-11,0.3070227035342689,1000000000.0,1010000000.0,0,27,
43,448.2475203050907,0.0015892336873456633,7.104970992508244e-05,4.041181922509655e-05,11429.239338331674,26967.124153681794,21323.548200774534,2.7574740000000003e-12,2.786148e-12,3.556499225385733e-11,0.3070227035342689,1000000000.0,1010000000.0,0,27,
44,448.977919415267,0.0015826699189560168,7.107662079515764e-05,4.034067933537332e-05,11429.239338331674,27178.588577013863,21155.341789896745,2.7574740000000003e-12,2.786148e-12,3.550603982896988e-11,0.3070227035342689,1000000000.0,1010000000.0,0,27,
45,449.696696498238,0.0015765530066076036,7.107976149576865e-05,4.026611177192426e-05,11429.239338331674,27157.140372993315,20992.988286928332,2.7574740000000003e-12,2.786148e-12,3.544827845858726e-11,0.3070227035342689,1000000000.0,1010000000.0,0,27,
46,451.16937020024056,0.0015815751864566524,7.157391060251184e-05,4.053409844921547e-05,11429.239338331674,26686.72232671947,21154.878940626313,2.7574740000000003e-12,2.786148e-12,3.539161935838658e-11,0.30993567258836585,1000000000.0,1010000000.0,0,27,
47,451.8953535933453,0.0015747102629327255,7.154359666049648e-05,4.046452082785687e-05,11429.239338331674,26898.358229730147,20991.639368526983,2.7574740000000003e-12,2.786148e-12,3.527609665107768e-11,0.30993567258836585,1000000000.0,1010000000.0,0,27,
48,452.6231171079921,0.0015683479437607526,7.151308674938748e-05,4.039209649394153e-05,11429.239338331674,27085.91583052582,20833.281765591553,2.7574740000000003e-12,2.786148e-12,3.5219424547373586e-11,0.30993567258836585,1000000000.0,1010000000.0,0,27,
49,453.3547584159049,0.0015620432647602028,7.148266096202294e-05,4.0318694114539225e-05,11429.239338331674,27274.629085097775,20669.812310324676,2.7574740000000003e-12,2.786148e-12,3.51627959501508e-11,0.30993567258836585,1000000000.0,1010000000.0,0,27,
50,451.94971952136734,0.0015561588779864053,7.145222937317384e-05,4.024688780909881e-05,11429.239338331674,27209.72643637569,20511.121045372467,2.7574740000000003e-12,2.786148e-12,3.5106048880573915e-11,0.30993567258836585,1000000000.0,1010000000.0,0,27,
51,458.26530808377834,0.0015673957586303932,7.286699268174855e-05,4.0629973377990806e-05,11429.239338331674,26592.35617569417,20830.115367369905,2.7574740000000003e-12,2.786148e-12,3.52151879329512e-11,0.3174729755878642,1000000000.0,1010000000.0,0,27,
52,458.9733259363618,0.001560149327116008,7.286920202155784e-05,4.0556036819916835e-05,11429.239338331674,26760.117424078093,20647.86017117242,2.7574740000000003e-12,2.786148e-12,3.472986941939738e-11,0.3174729755878642,1000000000.0,1010000000.0,0,27,
53,459.7099387027342,0.0015537157855761133,7.28711359215053e-05,4.048511537296265e-05,11429.239338331674,26958.166295805808,20488.881500663832,2.7574740000000003e-12,2.786148e-12,3.4676294699087303e-11,0.3174729755878642,1000000000.0,1010000000.0,0,27,
54,460.44897076712203,0.0015473782598637044,7.287293829265576e-05,4.041122352154924e-05,11429.239338331674,27152.39977818754,20330.75184558521,2.7574740000000003e-12,2.786148e-12,3.462073139880731e-11,0.3174729755878642,1000000000.0,1010000000.0,0,27,
55,461.1705393530516,0.0015411999742161841,7.287463943547508e-05,4.0340123464820524e-05,11429.239338331674,27362.694130279397,20172.49403384044,2.7574740000000003e-12,2.786148e-12,3.456516426277126e-11,0.3174729755878642,1000000000.0,1010000000.0,0,27,
56,461.89275762780915,0.001535524582917394,7.287603893786851e-05,4.0268025045457375e-05,11429.239338331674,27565.475911153477,20016.019457498125,2.7574740000000003e-12,2.786148e-12,3.4511082020799557e-11,0.3174729755878642,1000000000.0,1010000000.0,0,27,
57,462.6199704727559,0.0015301251205111278,7.287717267111406e-05,4.019149864365305e-05,11429.239338331674,27763.02718013079,19860.296710639395,2.7574740000000003e-12,2.786148e-12,3.445712028681376e-11,0.3174729755878642,1000000000.0,1010000000.0,0,27,
58,460.0193216219337,0.0015316297503337871,7.306909403875404e-05,4.030255085455981e-05,11429.239338331674,27546.818315591463,19914.902713929532,2.7574740000000003e-12,2.786148e-12,3.440295561154728e-11,0.3185981122634867,1000000000.0,1010000000.0,0,27,
59,460.6839776895528,0.001526083215626091,7.307005640856828e-05,4.022483935845714e-05,11429.239338331674,27796.181918525373,19771.52977775163,2.7574740000000003e-12,2.786148e-12,3.4597447457369327e-11,0.3185981122634867,1000000000.0,1010000000.0,0,27,
60,459.4030192788489,0.0015208627541458512,7.30706403912985e-05,4.014725331368639e-05,11429.239338331674,27829.577655814996,19620.111149342087,2.7574740000000003e-12,2.786148e-12,3.454753167021302e-11,0.3185981122634867,1000000000.0,1010000000.0,0,27,
61,456.53552456940844,0.0015219491122368876,7.34072857590654e-05,4.042735241093545e-05,11429.239338331674,27189.703399913455,19762.97565441972,2.7574740000000003e-12,2.786148e-12,3.464386092667173e-11,0.32125598727329946,1000000000.0,1010000000.0,0,27,
62,457.210270591373,0.0015162760230132397,7.337628192351955e-05,4.035084313331684e-05,11429.239338331674,27431.07263206476,19625.73021568606,2.7574740000000003e-12,2.786148e-12,3.4861458643772755e-11,0.32125598727329946,1000000000.0,1010000000.0,0,27,
63,457.88837945392794,0.001511148619196715,7.334600255318848e-05,4.027530928965679e-05,11429.239338331674,27626.189997841222,19478.699473923014,2.7574740000000003e-12,2.786148e-12,3.4810010476369734e-11,0.32125598727329946,1000000000.0,1010000000.0,0,27,
64,458.55996464587236,0.0015061840024819088,7.331597472136647e-05,4.020079919806976e-05,11429.239338331674,27486.309339534706,19330.19870703524,2.7574740000000003e-12,2.786148e-12,3.4758458662283934e-11,0.32125598727329946,1000000000.0,1010000000.0,0,27,
65,461.539528616004,0.0015090659690989298,7.366252889654033e-05,4.039184815482957e-05,11429.239338331674,27077.10004536317,19427.87172855786,2.7574740000000003e-12,2.786148e-12,3.470755307101534e-11,0.3231836258575017,1000000000.0,1010000000.0,0,27,
66,462.21390332694034,0.0015035244902365677,7.363070153345867e-05,4.031804699336332e-05,11429.239338331674,27258.8908556732,19275.787933784723,2.7574740000000003e-12,2.786148e-12,3.448349127736588e-11,0.3231836258575017,1000000000.0,1010000000.0,0,27,
67,462.8831865943111,0.0014986760684186286,7.360064065112773e-05,4.02450481799266e-05,11429.239338331674,27457.09113598196,19132.650701369515,2.7574740000000003e-12,2.786148e-12,3.4433179518470556e-11,0.3231836258575017,1000000000.0,1010000000.0,0,27,
68,463.55856136738015,0.0014938537796900654,7.357064150621097e-05,4.0170639546551016e-05,11429.239338331674,27657.1781218813,18986.85148924975,2.7574740000000003e-12,2.786148e-12,3.438339254940036e-11,0.3231836258575017,1000000000.0,1010000000.0,0,27,
69,460.9673436963523,0.0014954765202801145,7.41143226951154e-05,4.0465154344906965e-05,11429.239338331674,27174.90514559515,19136.3008925037,2.7574740000000003e-12,2.786148e-12,3.433329817540822e-11,0.32633999052484136,1000000000.0,1010000000.0,0,27,
70,461.6397672840867,0.0014904977035845473,7.411416719634694e-05,4.038847787098963e-05,11429.239338331674,27398.90405229244,19000.158030138442,2.7574740000000003e-12,2.786148e-12,3.4526294599457275e-11,0.32633999052484136,1000000000.0,1010000000.0,0,27,
71,462.3103574435897,0.0014857341922018456,7.411368380272665e-05,4.0313660573634595e-05,11429.239338331674,27605.77963829686,18855.148988585373,2.7574740000000003e-12,2.786148e-12,3.4476003665852644e-11,0.32633999052484136,1000000000.0,1010000000.0,0,27,
72,462.9696987369202,0.0014809820594716013,7.411282286962502e-05,4.023821704188694e-05,11429.239338331674,27742.76098811129,18709.392271765464,2.7574740000000003e-12,2.786148e-12,3.4425995552417437e-11,0.32633999052484136,1000000000.0,1010000000.0,0,27,
73,465.4571648126985,0.0014860543621493009,7.467295648049613e-05,4.04763069829698e-05,11429.239338331674,27168.90229585652,18876.43364143798,2.7574740000000003e-12,2.786148e-12,3.437696754800668e-11,0.32972892078487265,1000000000.0,1010000000.0,0,27,
74,466.12372002042065,0.0014811931541196428,7.467213169902769e-05,4.0402692063212785e-05,11429.239338331674,27359.654618449164,18729.442165427234,2.7574740000000003e-12,2.786148e-12,3.419325238143875e-11,0.32972892078487265,1000000000.0,1010000000.0,0,27,
75,466.7953130016074,0.0014764650090691655,7.467089514275446e-05,4.032808236930955e-05,11429.239338331674,27564.495803128953,18587.534148478244,2.7574740000000003e-12,2.786148e-12,3.414435615611298e-11,0.32972892078487265,1000000000.0,1010000000.0,0,27,
76,467.46762307926537,0.001471927977075406,7.466932851372203e-05,4.0252140450242474e-05,11429.239338331674,27778.276180315886,18451.71001373669,2.7574740000000003e-12,2.786148e-12,3.4095231605581114e-11,0.32972892078487265,1000000000.0,1010000000.0,0,27,
77,468.13408946265383,0.0014674873922273766,7.466733564324111e-05,4.0175206932003604e-05,11429.239338331674,27922.060748120177,18303.794098157858,2.7574740000000003e-12,2.786148e-12,3.404619597899051e-11,0.32972892078487265,1000000000.0,1010000000.0,0,27,
78,465.7446641615156,0.0014694030475176632,7.500322304068393e-05,4.051402634270087e-05,11429.239338331674,27428.454641051972,18472.54481597029,2.7574740000000003e-12,2.786148e-12,3.399772558212559e-11,0.3332929225423912,1000000000.0,1010000000.0,0,27,
79,466.37225856079954,0.0014647427263418458,7.500131639014176e-05,4.043547832658831e-05,11429.239338331674,27662.113337623872,18341.595553946358,2.7574740000000003e-12,2.786148e-12,3.417214524151843e-11,0.3332929225423912,1000000000.0,1010000000.0,0,27,
80,467.02359894000745,0.001460190871198321,7.499911073449866e-05,4.035524309299457e-05,11429.239338331674,27875.98574216013,18199.591989290966,2.7574740000000003e-12,2.786148e-12,3.412615998709683e-11,0.3332929225423912,1000000000.0,1010000000.0,0,27,
81,467.64141755073285,0.0014559576512930244,7.499637442376171e-05,4.027605044725123e-05,11429.239338331674,28081.205564325406,18056.444733082437,2.7574740000000003e-12,2.786148e-12,3.4078565505710114e-11,0.3332929225423912,1000000000.0,1010000000.0,0,27,
82,471.1730407722706,0.001464449264156703,7.597851643306257e-05,4.067962866234865e-05,11429.239338331674,27473.034590248448,18344.964004645255,2.7574740000000003e-12,2.786148e-12,3.403354303506043e-11,0.3398401772000014,1000000000.0,1010000000.0,0,27,
83,471.8461314329804,0.0014594846547985782,7.594613859225473e-05,4.060266303431322e-05,11429.239338331674,27664.366042078265,18200.892164573066,2.7574740000000003e-12,2.786148e-12,3.3778448535814844e-11,0.3398401772000014,1000000000.0,1010000000.0,0,27,
84,472.47467084997874,0.0014551188792965935,7.591539718700951e-05,4.052693852433534e-05,11429.239338331674,27876.137224443948,18060.933053538407,2.7574740000000003e-12,2.786148e-12,3.373026342476249e-11,0.3398401772000014,1000000000.0,1010000000.0,0,27,
85,473.13506116360213,0.0014508078685270326,7.58855378054503e-05,4.044532599160913e-05,11429.239338331674,28081.034418185176,17919.458375444217,2.7574740000000003e-12,2.786148e-12,3.368539160111518e-11,0.3398401772000014,1000000000.0,1010000000.0,0,27,
86,473.78648552666004,0.0014465208602042138,7.585557994873717e-05,4.036316355048195e-05,11429.239338331674,28303.896847894022,17776.843657465626,2.7574740000000003e-12,2.786148e-12,3.36383743577317e-11,0.3398401772000014,1000000000.0,1010000000.0,0,27,
87,474.4380981371727,0.0014424173507791027,7.582621981172877e-05,4.02837825902023e-05,11429.239338331674,28536.640203976858,17629.81988407225,2.7574740000000003e-12,2.786148e-12,3.3592123868830715e-11,0.3398401772000014,1000000000.0,1010000000.0,0,27,
88,471.9646787710376,0.0014443859380999426,7.620815755620986e-05,4.049542348162195e-05,11429.239338331674,28309.872988978866,17734.135065933096,2.7574740000000003e-12,2.786148e-12,3.35459870775132e-11,0.3420952283890717,1000000000.0,1010000000.0,0,27,
89,472.58043177855046,0.0014402244875945335,7.620378657037206e-05,4.041287986220934e-05,11429.239338331674,28550.695028872593,17577.711833602414,2.7574740000000003e-12,2.786148e-12,3.372179111079318e-11,0.3420952283890717,1000000000.0,1010000000.0,0,27,
90,473.1960504540825,0.001436290236540735,7.619826900097098e-05,4.032982568346505e-05,11429.239338331674,28804.2828929406,17432.29555129423,2.7574740000000003e-12,2.786148e-12,3.367785299381054e-11,0.3420952283890717,1000000000.0,1010000000.0,0,27,
91,470.9802252137679,0.001438674487659194,7.654776589597121e-05,4.0627240439930175e-05,11429.239338331674,28143.536664913372,17568.579811526553,2.7574740000000003e-12,2.786148e-12,3.363403877508467e-11,0.34510643303591226,1000000000.0,1010000000.0,0,27,
92,471.59540613121413,0.00143480833666768,7.654287017970431e-05,4.05450547331446e-05,11429.239338331674,28376.43909641719,17427.3885800783,2.7574740000000003e-12,2.786148e-12,3.3792277164005833e-11,0.34510643303591226,1000000000.0,1010000000.0,0,27,
93,472.20533822279754,0.0014312329176482572,7.653759262641168e-05,4.04625815455359e-05,11429.239338331674,28604.67409590956,17284.670047051746,2.7574740000000003e-12,2.786148e-12,3.374819623404324e-11,0.34510643303591226,1000000000.0,1010000000.0,0,27,
94,472.8116252695761,0.0014277526568637667,7.653167976155731e-05,4.037861353596948e-05,11429.239338331674,28712.489708743466,17139.037595815098,2.7574740000000003e-12,2.786148e-12,3.370460479987253e-11,0.34510643303591226,1000000000.0,1010000000.0,0,27,
95,475.6417153594573,0.0014340492697461236,7.731026298033482e-05,4.071373263200075e-05,11429.239338331674,28025.04865258508,17329.769794879052,2.7574740000000003e-12,2.786148e-12,3.366138533525953e-11,0.34997397819695664,1000000000.0,1010000000.0,0,27,
96,476.2889798262854,0.001430042159249317,7.727996079958086e-05,4.063086300878669e-05,11429.239338331674,28239.208808290638,17186.456784945614,2.7574740000000003e-12,2.786148e-12,3.34610985438098e-11,0.34997397819695664,1000000000.0,1010000000.0,0,27,
97,476.9271248488988,0.0014262060918978252,7.725020217979134e-05,4.0546503463385085e-05,11429.239338331674,28460.577472793295,17039.75526061018,2.7574740000000003e-12,2.786148e-12,3.3415625771972123e-11,0.34997397819695664,1000000000.0,1010000000.0,0,27,
98,477.54063399882233,0.0014224953919392568,7.722062373768132e-05,4.046240184310274e-05,11429.239338331674,28715.071373327966,16897.788006381477,2.7574740000000003e-12,2.786148e-12,3.337091450655468e-11,0.34997397819695664,1000000000.0,1010000000.0,0,27,
99,478.1873806155694,0.0014190887970441483,7.72135371591676e-05,4.037249845308647e-05,11429.239338331674,28956.638611722803,16746.99479068428,2.7574740000000003e-12,2.786148e-12,3.332804200538207e-11,0.34997397819695664,1000000000.0,1010000000.0,0,27,
100,475.631980586794,0.0014213693753799476,7.752678503577962e-05,4.061989721190573e-05,11429.239338331674,28712.442593610063,16849.431524110543,2.7574740000000003e-12,2.786148e-12,3.3282965955106465e-11,0.3525937807059548,1000000000.0,1010000000.0,0,27,
101,476.2610500548042,0.001417682658886021,7.749494109451848e-05,4.0532116415877695e-05,11429.239338331674,28974.603437045687,16704.291293786504,2.7574740000000003e-12,2.786148e-12,3.34617833930224e-11,0.3525937807059548,1000000000.0,1010000000.0,0,27,
102,476.8601681663789,0.0014145012846149183,7.74658397514505e-05,4.0444714445154365e-05,11429.239338331674,29247.957207689444,16557.15146510947,2.7574740000000003e-12,2.786148e-12,3.341758539220898e-11,0.3525937807059548,1000000000.0,1010000000.0,0,27,
103,480.2180946517495,0.0014226492208328316,7.87086058746747e-05,4.104414412764965e-05,11429.239338331674,28529.324599410636,16898.73826721678,2.7574740000000003e-12,2.786148e-12,3.337560016888753e-11,0.3609054783706067,1000000000.0,1010000000.0,0,27,
104,480.89395296628453,0.0014188306143818321,7.870106015799235e-05,4.095829171508218e-05,11429.239338331674,28753.941495927556,16755.41715455711,2.7574740000000003e-12,2.786148e-12,3.314222118333823e-11,0.3609054783706067,1000000000.0,1010000000.0,0,27,
105,481.55176107523454,0.0014153815612900007,7.8693316805134e-05,4.0868921760538817e-05,11429.239338331674,28988.043002994673,16612.183702522343,2.7574740000000003e-12,2.786148e-12,3.30956424197444e-11,0.3609054783706067,1000000000.0,1010000000.0,0,27,
106,482.21609524578804,0.0014120232719172679,7.868481219726111e-05,4.078174984556626e-05,11429.239338331674,29231.54360662624,16461.49133407066,2.7574740000000003e-12,2.786148e-12,3.305043319466336e-11,0.3609054783706067,1000000000.0,1010000000.0,0,27,
107,482.86519014746113,0.0014087290716406546,7.867518697344592e-05,4.0694203259591064e-05,11429.239338331674,29535.565657977462,16320.311102119005,2.7574740000000003e-12,2.786148e-12,3.30049006370833e-11,0.3603995,1000000000.0,1010000000.0,0,27,
108,479.49152995620835,0.0014049106390451708,7.8662595539371e-05,4.059767300098429e-05,11429.239338331674,29418.43959123942,16186.52725321163,2.7574740000000003e-12,2.786148e-12,3.296053356906746e-11,0.3560494,1000000000.0,1010000000.0,0,27,
109,472.88516584162727,0.001403539357049007,7.856266578975957e-05,4.06659668058646e-05,11429.239338331674,27887.778473828686,16238.778166508926,2.7574740000000003e-12,2.786148e-12,3.319244098147695e-11,0.35783298021071847,1000000000.0,1010000000.0,0,27,
110,473.53945716030535,0.0013992137180542821,7.855406807957532e-05,4.0569941321715214e-05,11429.239338331674,28152.214386956945,16091.605109574464,2.7574740000000003e-12,2.786148e-12,3.3656150496629763e-11,0.35783298021071847,1000000000.0,1010000000.0,0,27,
111,474.16430940805014,0.001395948107249747,7.854564233513102e-05,4.04834969453319e-05,11429.239338331674,28359.128879233733,15943.10191382562,2.7574740000000003e-12,2.786148e-12,3.3609647661951276e-11,0.35783298021071847,1000000000.0,1010000000.0,0,27,
112,481.38486492216634,0.0014034769402565632,7.934330244287927e-05,4.073136545435483e-05,11429.239338331674,27918.55312159755,16153.12912659116,2.7574740000000003e-12,2.786148e-12,3.356535697311032e-11,0.3632122123562259,1000000000.0,1010000000.0,0,27,
113,482.01364929071417,0.001399748023767681,7.931069679339463e-05,4.064553285280764e-05,11429.239338331674,28146.19475964837,16014.933656614066,2.7574740000000003e-12,2.786148e-12,3.306189178125253e-11,0.3632122123562259,1000000000.0,1010000000.0,0,27,
114,482.64041047202716,0.0013964125437361257,7.927966581572873e-05,4.056010569072614e-05,11429.239338331674,28421.920378074956,15882.339586482329,2.7574740000000003e-12,2.786148e-12,3.301876271057733e-11,0.3627837,1000000000.0,1010000000.0,0,27,
115,483.2866297429387,0.0013921452260140538,7.924504597662461e-05,4.045945626424055e-05,11429.239338331674,28799.10607368123,15755.164124592397,2.7574740000000003e-12,2.786148e-12,3.29758842481176e-11,0.3586268,1000000000.0,1010000000.0,0,27,
116,466.8534756422445,0.001375452758070159,7.765478130587854e-05,3.967586409301881e-05,11429.239338331674,26284.562855640004,15500.449653581603,2.7574740000000003e-12,2.786148e-12,3.293179105255823e-11,0.3519017853857809,1000000000.0,1010000000.0,0,27,
117,487.1204399136764,0.0013913361090604694,7.873616453808226e-05,3.9949575593487003e-05,11429.239338331674,25584.262440383474,15744.204368068591,2.7574740000000003e-12,2.786148e-12,3.4090983873033794e-11,0.36211537371152575,1000000000.0,1010000000.0,0,27,
118,487.73922602644325,0.001386549256682491,7.87291180991838e-05,3.993076427265067e-05,11429.239338331674,25772.098537917103,15610.653139690101,2.7574740000000003e-12,2.786148e-12,3.2672606208045696e-11,0.36211537371152575,1000000000.0,1010000000.0,0,27,
119,488.40890276524215,0.001383057041367267,7.872259842658001e-05,3.9913158536366525e-05,11429.239338331674,25961.7512577884,15486.895896692131,2.7574740000000003e-12,2.786148e-12,3.2631155051545226e-11,0.36211537371152575,1000000000.0,1010000000.0,0,27,
120,489.058436726806,0.0013795277547220012,7.871556151277556e-05,3.989530103090429e-05,11429.239338331674,26169.25880379045,15362.037182302414,2.7574740000000003e-12,2.786148e-12,3.258641318591903e-11,0.36211537371152575,1000000000.0,1010000000.0,0,27,
121,489.7090272916528,0.0013761652745796454,7.870793923595333e-05,3.9877385744748716e-05,11429.239338331674,26386.0344640446,15233.245094150067,2.7574740000000003e-12,2.786148e-12,3.254313414100271e-11,0.36211537371152575,1000000000.0,1010000000.0,0,27,
122,490.36254606043246,0.0013729690925257,7.869970297161125e-05,3.9859371219874446e-05,11429.239338331674,26598.072829717352,15109.582418910679,2.7574740000000003e-12,2.786148e-12,3.249989978173477e-11,0.36211537371152575,1000000000.0,1010000000.0,0,27,
123,490.9734966535982,0.0013698805933928988,7.869084967683754e-05,3.984099925526141e-05,11429.239338331674,26844.16710398673,14979.775181451141,2.7574740000000003e-12,2.786148e-12,3.245658632996025e-11,0.36211537371152575,1000000000.0,1010000000.0,0,27,
124,478.60348032935184,0.0013574093918446457,7.771685099533506e-05,3.952295827151138e-05,11429.239338331674,26159.806459343912,14767.957333912615,2.7574740000000003e-12,2.786148e-12,3.2416198466245443e-11,0.3583112,1000000000.0,1010000000.0,0,27,
125,495.40313502210563,0.0013711329785185654,7.890871304021723e-05,3.9918884759719935e-05,11429.239338331674,25274.39221678475,15062.770066261322,2.7574740000000003e-12,2.786148e-12,3.325402961599288e-11,0.3745741630133035,1000000000.0,1010000000.0,0,27,
126,496.05274118771274,0.0013668513911471113,7.89007792286593e-05,3.990115279538004e-05,11429.239338331674,25481.437018006953,14937.611556504255,2.7574740000000003e-12,2.786148e-12,3.2126349601076623e-11,0.3735452,1000000000.0,1010000000.0,0,27,
127,496.65664535972167,0.0013621187661201632,7.889076605016975e-05,3.98793420673432e-05,11429.239338331674,25792.846122925872,14818.396110234633,2.7574740000000003e-12,2.786148e-12,3.208427852063195e-11,0.3696989,1000000000.0,1010000000.0,0,27,
128,497.2516726602196,0.0013577534036613007,7.887971051862644e-05,3.985732682635467e-05,11429.239338331674,26090.372644642368,14696.327094805085,2.7574740000000003e-12,2.786148e-12,3.204526599591184e-11,0.3650225,1000000000.0,1010000000.0,0,27,
129,493.8664941378892,0.0013536554367776185,7.886851621541702e-05,3.983593168107911e-05,11429.239338331674,26001.751137224317,14575.27463411223,2.7574740000000003e-12,2.786148e-12,3.2006919602792084e-11,0.3604679,1000000000.0,1010000000.0,0,27,
130,485.6644256833059,0.0013515716498876344,7.864900922927969e-05,3.9887806958086486e-05,11429.239338331674,25447.96141017282,14598.67922840947,2.7574740000000003e-12,2.786148e-12,3.222630913030895e-11,0.3612914564633792,1000000000.0,1010000000.0,0,27,
131,486.28700863236304,0.0013476184736672492,7.863963325277145e-05,3.986758792693725e-05,11429.239338331674,25681.69787196468,14473.86123881837,2.7574740000000003e-12,2.786148e-12,3.277055816224797e-11,0.3612914564633792,1000000000.0,1010000000.0,0,27,
132,484.3736349647427,0.0013447627186276858,7.863090453068412e-05,3.984995835661288e-05,11429.239338331674,25679.658878509665,14355.575966446298,2.7574740000000003e-12,2.786148e-12,3.2728602711288506e-11,0.3605949,1000000000.0,1010000000.0,0,27,
133,478.54653472518015,0.0013447546265611403,7.801399308103726e-05,3.953723943402388e-05,11429.239338331674,23821.041403912728,14366.321929758693,2.7574740000000003e-12,2.786148e-12,3.2857887300880885e-11,0.3631846557689091,1000000000.0,1010000000.0,0,27,
134,479.13638277162585,0.0013406631437348608,7.800695353513919e-05,3.9453001902221656e-05,11429.239338331674,24039.149049079093,14256.909566751912,2.7574740000000003e-12,2.786148e-12,3.3257986745906515e-11,0.3631846557689091,1000000000.0,1010000000.0,0,27,
135,479.68966159074483,0.0013375135490943425,7.80000587596103e-05,3.937731724243507e-05,11429.239338331674,24219.764252531317,14148.261307611812,2.7574740000000003e-12,2.786148e-12,3.321704400138498e-11,0.3631846557689091,1000000000.0,1010000000.0,0,27,
136,480.2411294909372,0.001334450425509631,7.799267133577489e-05,3.930043403359877e-05,11429.239338331674,24399.121625013297,14028.866338296883,2.7574740000000003e-12,2.786148e-12,3.3178731132980095e-11,0.3631846557689091,1000000000.0,1010000000.0,0,27,
137,488.15738706403914,0.0013421791258735431,7.894978517642722e-05,3.953382840607818e-05,11429.239338331674,24039.24877319731,14231.081599389465,2.7574740000000003e-12,2.786148e-12,3.3140631511632907e-11,0.3699912000874827,1000000000.0,1010000000.0,0,27,
138,488.7494134193717,0.0013384160433604305,7.894146865825476e-05,3.945792655860337e-05,11429.239338331674,24213.02371588425,14114.209888144265,2.7574740000000003e-12,2.786148e-12,3.260320284183603e-11,0.3699912000874827,1000000000.0,1010000000.0,0,27,
139,489.4695482973218,0.0013346587924608945,7.893364356742626e-05,3.9382775609798335e-05,11429.239338331674,24480.479008419217,14019.78170497847,2.7574740000000003e-12,2.786148e-12,3.25637103026725e-11,0.3683959,1000000000.0,1010000000.0,0,27,
140,490.0653582812286,0.0013304696002019107,7.892285976274661e-05,3.9291191395220765e-05,11429.239338331674,24775.447922330204,13908.106040671597,2.7574740000000003e-12,2.786148e-12,3.251580075727587e-11,0.3642952,1000000000.0,1010000000.0,0,27,
141,474.26849500473264,0.0013164635384274302,7.733948317993585e-05,3.869007229934186e-05,11429.239338331674,23526.349331570746,13713.940233080579,2.7574740000000003e-12,2.786148e-12,3.2476268808325513e-11,0.35825726515470924,1000000000.0,1010000000.0,0,27,
142,490.40051987990046,0.0013296815539426284,7.838553661594324e-05,3.90231157841599e-05,11429.239338331674,22672.544709984366,13958.124002444038,2.7574740000000003e-12,2.786148e-12,3.3557983456250276e-11,0.3734763851289317,1000000000.0,1010000000.0,0,27,
143,490.9654705374724,0.0013253387190571904,7.837847399201414e-05,3.894747789716757e-05,11429.239338331674,22822.964741950756,13844.644768364538,2.7574740000000003e-12,2.786148e-12,3.2454073077017236e-11,0.3734763851289317,1000000000.0,1010000000.0,0,27,
144,491.5661526761352,0.0013218584033429404,7.837188697313238e-05,3.887754373251187e-05,11429.239338331674,22996.925372444504,13741.60352715307,2.7574740000000003e-12,2.786148e-12,3.2416728393885695e-11,0.3734763851289317,1000000000.0,1010000000.0,0,27,
145,492.175986680642,0.0013184000842802503,7.836484172312941e-05,3.8805873658032385e-05,11429.239338331674,23169.488498942654,13636.974408894177,2.7574740000000003e-12,2.786148e-12,3.237711592334825e-11,0.3734763851289317,1000000000.0,1010000000.0,0,27,
146,492.7804170341722,0.0013140485366181192,7.835548269860722e-05,3.872222083883004e-05,11429.239338331674,23457.98508199451,13546.37216998798,2.7574740000000003e-12,2.786148e-12,3.2336998837606055e-11,0.370646,1000000000.0,1010000000.0,0,27,
147,493.34980084745916,0.0013098725727541858,7.834502271211276e-05,3.863207965051373e-05,11429.239338331674,23723.098664721758,13438.401234165955,2.7574740000000003e-12,2.786148e-12,3.229733520048923e-11,0.3662235,1000000000.0,1010000000.0,0,27,
148,477.634527091222,0.0012965768364752992,7.679667740016122e-05,3.8066911692709524e-05,11429.239338331674,22677.822762787084,13257.697207846479,2.7574740000000003e-12,2.786148e-12,3.226006026930679e-11,0.36068986258234664,1000000000.0,1010000000.0,0,27,
149,493.841192379833,0.0013099230373171695,7.743586587827824e-05,3.839425773900177e-05,11429.239338331674,21866.720378257174,13494.388048730107,2.7574740000000003e-12,2.786148e-12,3.332149040002269e-11,0.3761612720354504,1000000000.0,1010000000.0,0,27,
150,494.39649304897387,0.0013056207239883642,7.74025389680081e-05,3.8321748834014824e-05,11429.239338331674,22011.010996301247,13388.285425763916,2.7574740000000003e-12,2.786148e-12,3.2227960232503836e-11,0.3761612720354504,1000000000.0,1010000000.0,0,27,
151,494.9837540314734,0.0013022474922448949,7.737376788722755e-05,3.825431266207556e-05,11429.239338331674,22167.976155223536,13289.859305067695,2.7574740000000003e-12,2.786148e-12,3.219176214426136e-11,0.3761612720354504,1000000000.0,1010000000.0,0,27,
152,495.640700065539,0.0012991019838399524,7.734720523742839e-05,3.818639465263564e-05,11429.239338331674,22376.811441892187,13205.30325849525,2.7574740000000003e-12,2.786148e-12,3.2153569040525626e-11,0.3749453,1000000000.0,1010000000.0,0,27,
153,496.22493866508853,0.0012946839205546178,7.731237128227589e-05,3.810144444121791e-05,11429.239338331674,22637.272278386125,13107.288930922185,2.7574740000000003e-12,2.786148e-12,3.211095115289163e-11,0.3712659,1000000000.0,1010000000.0,0,27,
154,484.8877382718439,0.0012817204107993367,7.645791984620034e-05,3.769749714361272e-05,11429.239338331674,22106.253602775858,12905.225433868132,2.7574740000000003e-12,2.786148e-12,3.207314479599583e-11,0.3668446,1000000000.0,1010000000.0,0,27,
155,503.03025655250957,0.0012949398353510784,7.721606371966462e-05,3.8014027272021784e-05,11429.239338331674,21385.417359439434,13149.822042264337,2.7574740000000003e-12,2.786148e-12,3.282304965250903e-11,0.38315356172730186,1000000000.0,1010000000.0,0,27,
156,503.66393462065804,0.001290955209740676,7.720978617926698e-05,3.794417394113802e-05,11429.239338331674,21570.00521734227,13056.150093448807,2.7574740000000003e-12,2.786148e-12,3.163923859822172e-11,0.3808951,1000000000.0,1010000000.0,0,27,
157,504.21202868632673,0.001286010617789187,7.720080693828989e-05,3.7928617304360433e-05,11429.239338331674,21821.360207704933,12964.906990747366,2.7574740000000003e-12,2.786148e-12,3.159943211176421e-11,0.3771962,1000000000.0,1010000000.0,0,27,
158,504.74453940751954,0.0012815465855906033,7.719137237360843e-05,3.791275125575701e-05,11429.239338331674,22053.759687455447,12867.11229510611,2.7574740000000003e-12,2.786148e-12,3.156508255198857e-11,0.3728449,1000000000.0,1010000000.0,0,27,
159,495.0817952144416,0.0012704994251676505,7.638450220854731e-05,3.763513201584379e-05,11429.239338331674,21632.272997298318,12709.277220484006,2.7574740000000003e-12,2.786148e-12,3.153178106269658e-11,0.368615,1000000000.0,1010000000.0,0,27,
160,489.9078554698857,0.0012707894593041605,7.639363574830102e-05,3.7764664156664635e-05,11429.239338331674,21318.996184183576,12766.85894607168,2.7574740000000003e-12,2.786148e-12,3.21472016604768e-11,0.37413980624589716,1000000000.0,1010000000.0,0,27,
161,490.45908452765093,0.0012669964047871199,7.638617380709294e-05,3.7751713750736437e-05,11429.239338331674,21501.34153334553,12673.316996391208,2.7574740000000003e-12,2.786148e-12,3.248670975876574e-11,0.37413980624589716,1000000000.0,1010000000.0,0,27,
162,488.7318481714673,0.001262774429343262,7.637729778466947e-05,3.773746607338921e-05,11429.239338331674,21138.697205360713,12586.75469787265,2.7574740000000003e-12,2.786148e-12,3.2450197807055314e-11,0.3709908,1000000000.0,1010000000.0,0,27,
163,490.6708318575193,0.0012644134874574596,7.660709654260684e-05,3.785096957133582e-05,11429.239338331674,20823.64536279945,12623.772648323893,2.7574740000000003e-12,2.786148e-12,3.256488065743103e-11,0.3724915282007867,1000000000.0,1010000000.0,0,27,
164,491.18541740307603,0.0012613297929991835,7.660087857524942e-05,3.783980551916577e-05,11429.239338331674,20969.20271762797,12533.635700551435,2.7574740000000003e-12,2.786148e-12,3.2436194034478626e-11,0.3724915282007867,1000000000.0,1010000000.0,0,27,
165,491.7319917463886,0.0012582636157121502,7.659425389666592e-05,3.782778402687725e-05,11429.239338331674,21110.854164691686,12443.868380546346,2.7574740000000003e-12,2.786148e-12,3.240221257653701e-11,0.3724915282007867,1000000000.0,1010000000.0,0,27,
166,489.14103534169794,0.0012548224356339263,7.658677541796268e-05,3.7816486944957215e-05,11429.239338331674,20759.32651744167,12367.715736865057,2.7574740000000003e-12,2.786148e-12,3.236619657929023e-11,0.3710064,1000000000.0,1010000000.0,0,27,
167,494.197518930165,0.001259823764179384,7.717960084305967e-05,3.801782611671833e-05,11429.239338331674,20445.51120734894,12464.022394826854,2.7574740000000003e-12,2.786148e-12,3.253763875703352e-11,0.37445727355644653,1000000000.0,1010000000.0,0,27,
168,494.725078277904,0.0012563625256463852,7.71727743703346e-05,3.7951810642029295e-05,11429.239338331674,20574.371840215892,12370.331141821052,2.7574740000000003e-12,2.786148e-12,3.2204723211972556e-11,0.37445727355644653,1000000000.0,1010000000.0,0,27,
169,495.2461882464517,0.001253204186699573,7.716591885865234e-05,3.794009043391789e-05,11429.239338331674,20721.626972971873,12287.327053407844,2.7574740000000003e-12,2.786148e-12,3.217038110255097e-11,0.37445727355644653,1000000000.0,1010000000.0,0,27,
170,495.86208294861586,0.0012494429098050834,7.715784676592789e-05,3.792768740677636e-05,11429.239338331674,20928.42013883159,12213.657845979777,2.7574740000000003e-12,2.786148e-12,3.213653065264872e-11,0.3723949,1000000000.0,1010000000.0,0,27,
171,483.0604066455205,0.0012400059526874935,7.590596290807676e-05,3.744787022372428e-05,11429.239338331674,19671.30013232682,12108.040453758087,2.7574740000000003e-12,2.786148e-12,3.209661487837292e-11,0.36871789394204296,1000000000.0,1010000000.0,0,27,
172,506.7977601861052,0.0012532138915420453,7.692965391193412e-05,3.767804440076647e-05,11429.239338331674,19306.937788720174,12279.96796134634,2.7574740000000003e-12,2.786148e-12,3.294721341314285e-11,0.37850395589754354,1000000000.0,1010000000.0,0,27,
173,507.3366569544561,0.0012488967030685066,7.692293293107829e-05,3.766617089307497e-05,11429.239338331674,19425.07574778467,12189.90934829449,2.7574740000000003e-12,2.786148e-12,3.14040344285363e-11,0.37850395589754354,1000000000.0,1010000000.0,0,27,
174,507.88820855054865,0.0012454043866121658,7.691696540864142e-05,3.765553788417368e-05,11429.239338331674,19562.055037175454,12106.247342314215,2.7574740000000003e-12,2.786148e-12,3.1370676829721524e-11,0.37850395589754354,1000000000.0,1010000000.0,0,27,
175,508.44222029063985,0.0012420378993498419,7.691074125935168e-05,3.76449129294821e-05,11429.239338331674,19693.272713261485,12022.81078923831,2.7574740000000003e-12,2.786148e-12,3.133660920108861e-11,0.37850395589754354,1000000000.0,1010000000.0,0,27,
176,509.0131492060015,0.0012387981287430164,7.69042990581919e-05,3.763389157006991e-05,11429.239338331674,19823.422930726225,11938.081108417413,2.7574740000000003e-12,2.786148e-12,3.130246402450959e-11,0.37850395589754354,1000000000.0,1010000000.0,0,27,
177,509.6001175331772,0.0012348696032967817,7.689657296946421e-05,3.762117087774645e-05,11429.239338331674,20030.560919717653,11866.95547979512,2.7574740000000003e-12,2.786148e-12,3.126735396524778e-11,0.3760161,1000000000.0,1010000000.0,0,27,
178,502.18621296308163,0.0012265047018621786,7.644800546710103e-05,3.736411063939655e-05,11429.239338331674,19753.93479622707,11769.687030309973,2.7574740000000003e-12,2.786148e-12,3.1231339557439104e-11,0.3721899,1000000000.0,1010000000.0,0,27,
179,497.5713232311439,0.0012276365190649632,7.652532504644738e-05,3.7562407121302576e-05,11429.239338331674,19488.99522521957,11831.265062450731,2.7574740000000003e-12,2.786148e-12,3.169241587753339e-11,0.3763003987720968,1000000000.0,1010000000.0,0,27,
180,498.1047223867405,0.0012239956161437596,7.651769637392589e-05,3.749171726569573e-05,11429.239338331674,19645.50060913937,11758.22023017962,2.7574740000000003e-12,2.786148e-12,3.1986357665946285e-11,0.3763003987720968,1000000000.0,1010000000.0,0,27,
181,498.1047223867405,0.0012239956161437596,7.651769637392589e-05,3.749171726569573e-05,11429.239338331674,19645.50060913937,11758.22023017962,2.7574740000000003e-12,2.786148e-12,3.1952104836364834e-11,0.374577,1000000000.0,1010000000.0,0,27,
182,498.1047223867405,0.0012239956161437596,7.651769637392589e-05,3.749171726569573e-05,11429.239338331674,19645.50060913937,11758.22023017962,2.7574740000000003e-12,2.786148e-12,3.1952104836364834e-11,0.374577,1000000000.0,1010000000.0,0,27,
183,498.1047223867405,0.0012239956161437596,7.651769637392589e-05,3.749171726569573e-05,11429.239338331674,19645.50060913937,11758.22023017962,2.7574740000000003e-12,2.786148e-12,3.1952104836364834e-11,0.374577,1000000000.0,1010000000.0,0,27,
184,498.1047223867405,0.0012239956161437596,7.651769637392589e-05,3.749171726569573e-05,11429.239338331674,19645.50060913937,11758.22023017962,2.7574740000000003e-12,2.786148e-12,3.1952104836364834e-11,0.374577,1000000000.0,1010000000.0,0,27,
185,498.1047223867405,0.0012239956161437596,7.651769637392589e-05,3.749171726569573e-05,11429.239338331674,19645.50060913937,11758.22023017962,2.7574740000000003e-12,2.786148e-12,3.1952104836364834e-11,0.374577,1000000000.0,1010000000.0,0,27,
186,498.1047223867405,0.0012239956161437596,7.651769637392589e-05,3.749171726569573e-05,11429.239338331674,19645.50060913937,11758.22023017962,2.7574740000000003e-12,2.786148e-12,3.1952104836364834e-11,0.374577,1000000000.0,1010000000.0,0,27,
187,498.1047223867405,0.0012239956161437596,7.651769637392589e-05,3.749171726569573e-05,11429.239338331674,19645.50060913937,11758.22023017962,2.7574740000000003e-12,2.786148e-12,3.1952104836364834e-11,0.374577,1000000000.0,1010000000.0,0,27,
188,498.1047223867405,0.0012239956161437596,7.651769637392589e-05,3.749171726569573e-05,11429.239338331674,19645.50060913937,11758.22023017962,2.7574740000000003e-12,2.786148e-12,3.1952104836364834e-11,0.374577,1000000000.0,1010000000.0,0,27,
189,498.1047223867405,0.0012239956161437596,7.651769637392589e-05,3.749171726569573e-05,11429.239338331674,19645.50060913937,11758.22023017962,2.7574740000000003e-12,2.786148e-12,3.1952104836364834e-11,0.374577,1000000000.0,1010000000.0,0,27,
190,498.1047223867405,0.0012239956161437596,7.651769637392589e-05,3.749171726569573e-05,11429.239338331674,19645.50060913937,11758.22023017962,2.7574740000000003e-12,2.786148e-12,3.1952104836364834e-11,0.374577,1000000000.0,1010000000.0,0,27,
191,498.1047223867405,0.0012239956161437596,7.651769637392589e-05,3.749171726569573e-05,11429.239338331674,19645.50060913937,11758.22023017962,2.7574740000000003e-12,2.786148e-12,3.1952104836364834e-11,0.374577,1000000000.0,1010000000.0,0,27,
192,498.1047223867405,0.0012239956161437596,7.651769637392589e-05,3.749171726569573e-05,11429.239338331674,19645.50060913937,11758.22023017962,2.7574740000000003e-12,2.786148e-12,3.1952104836364834e-11,0.374577,1000000000.0,1010000000.0,0,27,
193,498.1047223867405,0.0012239956161437596,7.651769637392589e-05,3.749171726569573e-05,11429.239338331674,19645.50060913937,11758.22023017962,2.7574740000000003e-12,2.786148e-12,3.1952104836364834e-11,0.374577,1000000000.0,1010000000.0,0,27,
194,498.1047223867405,0.0012239956161437596,7.651769637392589e-05,3.749171726569573e-05,11429.239338331674,19645.50060913937,11758.22023017962,2.7574740000000003e-12,2.786148e-12,3.1952104836364834e-11,0.374577,1000000000.0,1010000000.0,0,27,
195,498.1047223867405,0.0012239956161437596,7.61961016781885e-05,3.7334144077033424e-05,11429.239338331674,19562.932927538885,11708.801841538398,2.7574740000000003e-12,2.786148e-12,3.1952104836364834e-11,0.3730026978182334,1000000000.0,1010000000.0,0,27,
196,498.1047223867405,0.0012239956161437596,7.631173078640767e-05,3.7497573546048434e-05,11429.239338331674,19648.56927517088,11715.769515338288,2.7574740000000003e-12,2.786148e-12,3.1952104836364834e-11,0.3746355096678855,1000000000.0,1010000000.0,0,27,
197,501.3248498718508,0.0012319084540431647,7.680506781112846e-05,3.7739986359606994e-05,11429.239338331674,19775.59255987876,11852.302750116705,2.7574740000000003e-12,2.786148e-12,3.1952104836364834e-11,0.37705743832537614,1000000000.0,1010000000.0,0,27,
198,501.3248498718508,0.0012319084540431647,7.680506781112846e-05,3.7739986359606994e-05,11429.239338331674,19775.59255987876,11913.772110823835,2.7574740000000003e-12,2.786148e-12,3.1746868947864585e-11,0.3748956,1000000000.0,1010000000.0,0,27,
199,501.3248498718508,0.0012326787910376454,7.679933508086702e-05,3.77371694470251e-05,11429.239338331674,19877.729540332446,11975.304361022074,2.7574740000000003e-12,2.786148e-12,3.1746868947864585e-11,0.37480634485555164,1000000000.0,1010000000.0,0,27,
200,505.41471246450976,0.0012382303339094516,7.686763107240479e-05,3.7996616305135466e-05,11429.239338331674,20021.037035435955,12061.639717763803,2.7574740000000003e-12,2.786148e-12,3.1746868947864585e-11,0.37738317639849794,1000000000.0,1010000000.0,0,27,
201,506.1446547381886,0.0012347521855519644,7.686076773461078e-05,3.7976901049495416e-05,11429.239338331674,20146.81991584565,11989.541812614863,2.7574740000000003e-12,2.786148e-12,3.148997034847323e-11,0.3761039,1000000000.0,1010000000.0,0,27,
202,506.5713524822665,0.0012307964628903937,7.685232235551891e-05,3.796230063211638e-05,11429.239338331674,20316.24460681328,11889.85830612229,2.7574740000000003e-12,2.786148e-12,3.1444556729384163e-11,0.3732372,1000000000.0,1010000000.0,0,27,
203,506.8971183876222,0.001225817940429871,7.684599587234257e-05,3.795321701282109e-05,11429.239338331674,20424.2896462319,11953.090474971841,2.7574740000000003e-12,2.786148e-12,3.141807019129983e-11,0.3693409,1000000000.0,1010000000.0,0,27,
204,505.0696123446341,0.0012213985235256073,7.656323641976936e-05,3.781356587362881e-05,11429.239338331674,20458.859798887257,11847.5924984393,2.7574740000000003e-12,2.786148e-12,3.1397878843373144e-11,0.3656793914611504,1000000000.0,1010000000.0,0,27,
205,505.0696123446341,0.0012213985235256073,7.656323641976936e-05,3.781356587362881e-05,11429.239338331674,20458.859798887257,11847.5924984393,2.7574740000000003e-12,2.786148e-12,3.151148657569524e-11,0.3656793914611504,1000000000.0,1010000000.0,0,27,
206,513.7798950449655,0.0012363848450749647,7.74755904711011e-05,3.822227279104199e-05,11429.239338331674,19829.30943712556,11483.023983051982,2.7574740000000003e-12,2.786148e-12,3.151148657569524e-11,0.38048493454092697,1000000000.0,1010000000.0,0,27,
207,513.7798950449655,0.0012363848450749647,7.74755904711011e-05,3.822227279104199e-05,11429.239338331674,19829.30943712556,11483.023983051982,2.7574740000000003e-12,2.786148e-12,3.097726178599617e-11,0.364586,1000000000.0,1010000000.0,0,27,
208,513.7798950449655,0.0012363848450749647,7.74755904711011e-05,3.822227279104199e-05,11429.239338331674,19829.30943712556,11483.023983051982,2.7574740000000003e-12,2.786148e-12,3.097726178599617e-11,0.364586,1000000000.0,1010000000.0,0,27,
209,513.7798950449655,0.0012363848450749647,7.74755904711011e-05,3.822227279104199e-05,11429.239338331674,19829.30943712556,11483.023983051982,2.7574740000000003e-12,2.786148e-12,3.097726178599617e-11,0.364586,1000000000.0,1010000000.0,0,27,
210,513.7798950449655,0.0012363848450749647,7.74755904711011e-05,3.822227279104199e-05,11429.239338331674,19829.30943712556,11483.023983051982,2.7574740000000003e-12,2.786148e-12,3.097726178599617e-11,0.364586,1000000000.0,1010000000.0,0,27,
211,513.7798950449655,0.0012363848450749647,7.74755904711011e-05,3.822227279104199e-05,11429.239338331674,19829.30943712556,11483.023983051982,2.7574740000000003e-12,2.786148e-12,3.097726178599617e-11,0.364586,1000000000.0,1010000000.0,0,27,
212,513.7798950449655,0.0012363848450749647,7.74755904711011e-05,3.822227279104199e-05,11429.239338331674,19829.30943712556,11483.023983051982,2.7574740000000003e-12,2.786148e-12,3.097726178599617e-11,0.364586,1000000000.0,1010000000.0,0,27,
213,513.7798950449655,0.0012363848450749647,7.74755904711011e-05,3.822227279104199e-05,11429.239338331674,19829.30943712556,11483.023983051982,2.7574740000000003e-12,2.786148e-12,3.097726178599617e-11,0.364586,1000000000.0,1010000000.0,0,27,
214,513.7798950449655,0.0012363848450749647,7.74755904711011e-05,3.822227279104199e-05,11429.239338331674,21937.105386702104,12703.634893235843,2.7574740000000003e-12,2.786148e-12,3.097726178599617e-11,0.40334039517997206,1000000000.0,1010000000.0,0,27,
215,513.7798950449655,0.0012363848450749647,7.74755904711011e-05,3.822227279104199e-05,11429.239338331674,21937.105386702104,12703.634893235843,2.7574740000000003e-12,2.786148e-12,3.097726178599617e-11,0.3668926,1000000000.0,1010000000.0,0,27,
216,513.7798950449655,0.0012363848450749647,7.74755904711011e-05,3.822227279104199e-05,11429.239338331674,21937.105386702104,12703.634893235843,2.7574740000000003e-12,2.786148e-12,3.097726178599617e-11,0.3668926,1000000000.0,1010000000.0,0,27,
217,513.7798950449655,0.0012363848450749647,7.74755904711011e-05,3.822227279104199e-05,11429.239338331674,21937.105386702104,12703.634893235843,2.7574740000000003e-12,2.786148e-12,3.097726178599617e-11,0.3668926,1000000000.0,1010000000.0,0,27,
218,513.7798950449655,0.0012363848450749647,7.74755904711011e-05,3.822227279104199e-05,11429.239338331674,21937.105386702104,12703.634893235843,2.7574740000000003e-12,2.786148e-12,3.097726178599617e-11,0.3668926,1000000000.0,1010000000.0,0,27,
219,513.7798950449655,0.0012363848450749647,7.74755904711011e-05,3.822227279104199e-05,11429.239338331674,21937.105386702104,12095.316122511118,2.7574740000000003e-12,2.786148e-12,3.097726178599617e-11,0.3668926,1000000000.0,1010000000.0,0,27,
220,513.7798950449655,0.0012363848450749647,7.74755904711011e-05,3.822227279104199e-05,11429.239338331674,21937.105386702104,12095.316122511118,2.7574740000000003e-12,2.786148e-12,3.097726178599617e-11,0.3645761,1000000000.0,1010000000.0,0,27,
221,513.7798950449655,0.0012363848450749647,7.74755904711011e-05,3.822227279104199e-05,11429.239338331674,20506.539791575902,11306.554670075897,2.7574740000000003e-12,2.786148e-12,3.097726178599617e-11,0.34080131220226967,1000000000.0,1010000000.0,0,27,
222,513.7798950449655,0.0012363848450749647,7.74755904711011e-05,3.822227279104199e-05,11429.239338331674,20506.539791575902,11306.554670075897,2.7574740000000003e-12,2.786148e-12,3.097726178599617e-11,0.34080131220226967,1000000000.0,1010000000.0,0,27,
223,513.7798950449655,0.0012363848450749647,7.74755904711011e-05,3.822227279104199e-05,11429.239338331674,20506.539791575902,11306.554670075897,2.7574740000000003e-12,2.786148e-12,3.097726178599617e-11,0.34080131220226967,1000000000.0,1010000000.0,0,27,
224,513.7798950449655,0.0012363848450749647,7.74755904711011e-05,3.822227279104199e-05,11429.239338331674,20506.539791575902,11306.554670075897,2.7574740000000003e-12,2.786148e-12,3.097726178599617e-11,0.34080131220226967,1000000000.0,1010000000.0,0,27,
225,513.7798950449655,0.0012363848450749647,7.74755904711011e-05,3.822227279104199e-05,11429.239338331674,20506.539791575902,11306.554670075897,2.7574740000000003e-12,2.786148e-12,3.097726178599617e-11,0.34080131220226967,1000000000.0,1010000000.0,0,27,
226,513.7798950449655,0.0012363848450749647,7.74755904711011e-05,3.822227279104199e-05,11429.239338331674,6901.208372713443,3805.073432609257,2.7574740000000003e-12,2.786148e-12,3.097726178599617e-11,0.34080131220226967,1000000000.0,1010000000.0,0,27,
227,513.7798950449655,0.0012363848450749647,7.74755904711011e-05,3.822227279104199e-05,11429.239338331674,6901.208372713443,3805.073432609257,2.7574740000000003e-12,2.786148e-12,3.097726178599617e-11,0.34080131220226967,1000000000.0,1010000000.0,0,27,
228,513.7798950449655,0.0012363848450749647,7.74755904711011e-05,3.822227279104199e-05,11429.239338331674,6901.208372713443,3805.073432609257,2.7574740000000003e-12,2.786148e-12,3.097726178599617e-11,0.34080131220226967,1000000000.0,1010000000.0,0,27,
229,513.7798950449655,0.0012363848450749647,7.74755904711011e-05,3.822227279104199e-05,11429.239338331674,6901.208372713443,5193.9780280863315,2.7574740000000003e-12,2.786148e-12,3.097726178599617e-11,0.34080131220226967,1000000000.0,1010000000.0,0,27,
230,513.7798950449655,0.0012363848450749647,7.74755904711011e-05,3.822227279104199e-05,11429.239338331674,6901.208372713443,5193.9780280863315,2.7574740000000003e-12,2.786148e-12,3.097726178599617e-11,0.34080131220226967,1000000000.0,1010000000.0,0,27,
231,690.3255274748244,0.0014351780005231426,0.00010138820400209706,4.980083266573313e-05,11429.239338331674,8889.185905854321,6884.317071841428,2.7574740000000003e-12,2.786148e-12,3.097726178599617e-11,0.4567071188937844,1000000000.0,1010000000.0,0,27,
232,733.2356069014257,0.00148938257560089,0.00011195143798165433,5.453558217785133e-05,11429.239338331674,10048.727357709573,7310.21628746044,2.7574740000000003e-12,2.786148e-12,2.305505689092449e-11,0.46270732873091147,1000000000.0,1010000000.0,0,27,
233,818.1735937759344,0.0016030807460156921,0.0001303123387831224,6.257201506775218e-05,11429.239338331674,12629.420012015364,8224.86589375182,2.7574740000000003e-12,2.786148e-12,2.1705839377395607e-11,0.47432836903033804,1000000000.0,1010000000.0,0,27,
234,1023.9244782374284,0.00186946135058048,0.0001743651366972089,8.247984058064298e-05,11429.239338331674,17128.590594216508,10419.02736559499,2.7574740000000003e-12,2.786148e-12,1.9452466359539052e-11,0.5056558493138315,1000000000.0,1010000000.0,0,27,
235,1791.8678369154995,0.002826533934430971,0.0003051389892201156,0.00014433972101612522,11429.239338331674,29975.03353987889,18233.297889791233,2.7574740000000003e-12,2.786148e-12,1.5543621280141948e-11,0.6620293749999999,1000000000.0,1010000000.0,0,27,
236,447.9669592288749,0.0007066334836077427,7.62847473050289e-05,3.6084930254031306e-05,11429.239338331674,7493.758384969722,4558.324472447808,2.7574740000000003e-12,2.786148e-12,8.882069302938257e-12,0.09445807500000003,1000000000.0,1010000000.0,0,27,
237,324.09811361922016,0.0006012171808575645,5.5281233478670454e-05,2.6677687277849177e-05,11429.239338331674,4793.63607236061,3369.755349055817,2.7574740000000003e-12,2.786148e-12,3.552827721175303e-11,0.07271399520528336,1000000000.0,1010000000.0,0,27,
238,284.4327758046811,0.0005525906727887651,4.513402991175545e-05,2.178083700030821e-05,11429.239338331674,3859.779417201763,2952.3892530424228,2.7574740000000003e-12,2.786148e-12,4.9107025435786703e-11,0.06286446756268402,1000000000.0,1010000000.0,0,27,
239,274.1449250341207,0.0005335494853605946,4.244808830550231e-05,5.445209250077053e-06,11429.239338331674,964.944854300441,738.0973132606059,2.7574740000000003e-12,2.786148e-12,5.5955205106596585e-11,0.015716116890671004,1000000000.0,1010000000.0,0,27,
240,274.14492503412123,0.0005335494853605956,4.244808830550238e-05,5.4452092500770625e-06,11429.239338331674,706.4601206287266,540.3793954006478,2.7574740000000003e-12,2.786148e-12,5.805503898059997e-11,0.01571611689067103,1000000000.0,1010000000.0,0,27,
241,274.14492503412026,0.0005224665515871707,4.068461794580358e-05,5.218992581713614e-06,11429.239338331674,677.1108252241455,517.9297849512325,2.7574740000000003e-12,2.786148e-12,5.805503898059985e-11,0.015063203946587665,1000000000.0,1010000000.0,0,27,
242,85.95213748391328,0.00013061663789679264,1.0171154486450896e-05,1.3047481454284039e-06,11429.239338331674,169.2777063060364,129.48244623780812,2.7574740000000003e-12,2.786148e-12,5.805503898060006e-11,0.0037658009866469166,1000000000.0,1010000000.0,0,27,
243,21.488034370978312,3.265415947419816e-05,2.542788621612724e-06,3.2618703635710097e-07,11429.239338331674,42.3194265765091,32.37061155945203,2.7574740000000003e-12,2.786148e-12,1.8516694028892838e-10,0.0009414502466617292,1000000000.0,1010000000.0,0,27,
244,5.372008592744578,8.16353986854954e-06,6.35697155403181e-07,8.154675908927524e-08,11429.239338331674,10.579856644127275,8.092652889863007,2.7574740000000003e-12,2.786148e-12,7.406677611557138e-10,0.0002353625616654323,1000000000.0,1010000000.0,0,27,
245,5.372008592744578,8.16353986854954e-06,6.35697155403181e-07,8.154675908927524e-08,11429.239338331674,10.579856644127275,8.092652889863007,2.7574740000000003e-12,2.786148e-12,2.9626710446228553e-09,0.0002353625616654323,1000000000.0,1010000000.0,0,27,
246,5.372008592744578,8.16353986854954e-06,6.35697155403181e-07,8.154675908927524e-08,11429.239338331674,10.579856644127275,8.092652889863007,2.7574740000000003e-12,2.786148e-12,2.9626710446228553e-09,0.0002353625616654323,1000000000.0,1010000000.0,0,27,
247,5.372008592744578,8.16353986854954e-06,6.35697155403181e-07,8.154675908927524e-08,11429.239338331674,10.579856644127275,8.092652889863007,2.7574740000000003e-12,2.786148e-12,2.9626710446228553e-09,0.0002353625616654323,1000000000.0,1010000000.0,0,27,
248,5.372008592744578,8.16353986854954e-06,6.35697155403181e-07,8.154675908927524e-08,11429.239338331674,10.579856644127275,8.092652889863007,2.7574740000000003e-12,2.786148e-12,2.9626710446228553e-09,0.0002353625616654323,1000000000.0,1010000000.0,0,27,
249,5.372008592744578,8.16353986854954e-06,6.35697155403181e-07,8.154675908927524e-08,11429.239338331674,10.579856644127275,8.092652889863007,2.7574740000000003e-12,2.786148e-12,2.9626710446228553e-09,0.0002353625616654323,1000000000.0,1010000000.0,0,27,
250,5.372008592744578,8.16353986854954e-06,6.35697155403181e-07,8.154675908927524e-08,11429.239338331674,10.579856644127275,8.092652889863007,2.7574740000000003e-12,2.786148e-12,2.9626710446228553e-09,0.0002353625616654323,1000000000.0,1010000000.0,0,27,
