n,Io,W,Rb,Rd,fo,iip3,gain,s11,nf,PWR,gm,CF,CF_wo_Io
1,0.0012463105843279,4.7980047129251644e-05,150.88231424366694,360.76590005125263,1000000000.0,-0.11425310000000001,15.7638,-21.2382,4.263012395714606,0.0032644,0.019510000000000003,0.8135394495253914,0.06575309892865144
2,0.0012070038676798714,5.517705419863939e-05,173.51466138021698,397.2282901577977,1000000000.0,-0.6566753,16.4838,-23.6832,3.9152948692625067,0.0031501000000000003,0.0199316,0.7242023206079229,0.0
3,0.001148546755553001,5.517705419863939e-05,173.51466138021698,397.2282901577977,1000000000.0,-0.9588690000000001,16.3759,-24.284,3.939460916500299,0.0030077,0.019414200000000003,0.6891280533318006,0.0
4,0.0010978145281709455,5.517705419863939e-05,173.51466138021698,397.2282901577977,1000000000.0,-1.2464,16.2659,-24.9329,3.9654999596478784,0.0028822,0.0189365,0.6586887169025673,0.0
5,0.0010524871353329427,5.517705419863939e-05,173.51466138021698,397.2282901577977,1000000000.0,-1.519,16.1535,-25.6372,3.993271868078441,0.0027688,0.018486799999999998,0.6314922811997656,0.0
6,0.0010249185622199593,5.517705419863939e-05,173.51466138021698,397.2282901577977,1000000000.0,-1.6837,16.0812,-26.1134,4.01164753364353,0.0027022,0.018214400000000002,0.6178630207428581,0.002911883410882554
7,0.000998421703608996,6.268916718114087e-05,199.54186058724952,450.5537802075715,1000000000.0,-2.1034,16.8572,-30.5462,3.7177715547584933,0.0026177,0.0183046,0.5990530221653976,0.0
8,0.000965190189380705,6.268916718114087e-05,199.54186058724952,450.5537802075715,1000000000.0,-2.3143,16.764,-31.0755,3.742841101907115,0.0025358,0.017928799999999998,0.579114113628423,0.0
9,0.0009339598284954852,6.268916718114087e-05,199.54186058724952,450.5537802075715,1000000000.0,-2.5178,16.6684,-31.4731,3.768998429769143,0.0024588,0.0175667,0.5603758970972911,0.0
10,0.0009036262487971255,6.268916718114087e-05,199.54186058724952,450.5537802075715,1000000000.0,-2.7195,16.5677,-31.6831,3.7970254661594764,0.0023838,0.0172065,0.5421757492782753,0.0
11,0.0008793460373576822,6.268916718114087e-05,199.54186058724952,450.5537802075715,1000000000.0,-2.8833,16.4812,-31.6697,3.8041221020233036,0.0023238,0.016912,0.5276076224146093,0.0
12,0.0008654789847024181,6.268916718114087e-05,199.54186058724952,450.5537802075715,1000000000.0,-2.9777,16.4293,-31.576,3.817779064072664,0.0022894,0.0167413,0.5192873908214508,0.0
13,0.0008536606133071398,6.268916718114087e-05,199.54186058724952,450.5537802075715,1000000000.0,-3.0585,16.3836,-31.444,3.8299242069805395,0.0022602000000000004,0.016594400000000002,0.5121963679842839,0.0
14,0.0008423384402579062,6.268916718114087e-05,199.54186058724952,450.5537802075715,1000000000.0,-3.1363,16.3385,-31.2728,3.842013994586307,0.0022321,0.016452400000000002,0.5054030641547437,0.0
15,0.0008317477629513854,6.268916718114087e-05,199.54186058724952,450.5537802075715,1000000000.0,-3.2093,16.2952,-31.0745,3.8537345905973313,0.0022058,0.0163185,0.49904865777083124,0.0
16,0.0008215097188727748,6.268916718114087e-05,199.54186058724952,450.5537802075715,1000000000.0,-3.2801,16.2522,-30.8499,3.8654583475149917,0.0021804000000000003,0.016187999999999998,0.4929058313236649,0.0
17,0.0008116839758977337,6.268916718114087e-05,199.54186058724952,450.5537802075715,1000000000.0,-3.3482,16.2098,-30.6062,3.8770855212046285,0.0021560000000000004,0.0160618,0.48701038553864023,0.0
18,0.0008021351447740224,6.268916718114087e-05,199.54186058724952,450.5537802075715,1000000000.0,-3.4146,16.1677,-30.3456,3.8887449707008175,0.0021322999999999997,0.0159382,0.4812810868644134,0.0
19,0.0007929576285569997,6.268916718114087e-05,199.54186058724952,450.5537802075715,1000000000.0,-3.4786,16.1262,-30.0756,3.9002961399707696,0.0021095000000000003,0.0158186,0.4757745771341998,0.0
20,0.0007841610243668203,6.268916718114087e-05,199.54186058724952,450.5537802075715,1000000000.0,-3.5401,16.0856,-29.801,3.9116963906117097,0.0020877,0.0157031,0.4704966146200922,0.0
21,0.0007755842568235572,6.268916718114087e-05,199.54186058724952,450.5537802075715,1000000000.0,-3.6001,16.0451,-29.5205,3.923128789261299,0.0020663,0.015589800000000001,0.4653505540941343,0.0
22,0.0007672990926474321,6.268916718114087e-05,199.54186058724952,450.5537802075715,1000000000.0,-3.6582,16.0051,-29.2394,3.9344763823053546,0.0020457,0.015479699999999999,0.4603794555884593,0.0
23,0.0007593199720445842,6.268916718114087e-05,199.54186058724952,450.5537802075715,1000000000.0,-3.7142,15.9659,-28.9607,3.9456964080270795,0.0020259,0.0153729,0.45559198322675054,0.0
24,0.0007514562193366446,6.268916718114087e-05,199.54186058724952,450.5537802075715,1000000000.0,-3.7695,15.9264,-28.6796,3.9570416291162944,0.0020063,0.015267099999999999,0.4508737316019868,0.0
25,0.0007439016421225278,6.268916718114087e-05,199.54186058724952,450.5537802075715,1000000000.0,-3.8227,15.8877,-28.4049,3.968215133177466,0.0019875,0.015164799999999999,0.4463409852735167,0.0
26,0.0007365234988010172,6.268916718114087e-05,199.54186058724952,450.5537802075715,1000000000.0,-3.8747,15.8493,-28.1328,3.9793957437777285,0.0019691,0.0150643,0.4419140992806103,0.0
27,0.0007292221875507562,6.268916718114087e-05,199.54186058724952,450.5537802075715,1000000000.0,-3.9263,15.8105,-27.8609,3.9907238649955,0.0019509000000000002,0.0149644,0.43753331253045374,0.0
28,0.0007223137716398632,6.268916718114087e-05,199.54186058724952,450.5537802075715,1000000000.0,-3.9751,15.7732,-27.6018,4.001691991765753,0.0019337,0.014869300000000002,0.4338112609253562,0.0004229979414382967
29,0.00072003736022567,6.705487993301156e-05,228.88291720701807,518.1368472387072,1000000000.0,-4.1921,16.5983,-22.7416,3.748103420635398,0.0019119,0.0147933,0.432022416135402,0.0
30,0.0007135210964963465,6.705487993301156e-05,228.88291720701807,518.1368472387072,1000000000.0,-4.241,16.565,-22.5885,3.7578155721249784,0.0018957,0.014701700000000002,0.4281126578978079,0.0
31,0.0007072346264508202,6.705487993301156e-05,228.88291720701807,518.1368472387072,1000000000.0,-4.2882,16.5323,-22.4403,3.767393353717592,0.0018801000000000002,0.0146128,0.4243407758704921,0.0
32,0.0007009955258204277,6.705487993301156e-05,228.88291720701807,518.1368472387072,1000000000.0,-4.3351,16.4992,-22.2927,3.7771073348209585,0.0018646000000000001,0.0145243,0.42059731549225665,0.0
33,0.0006949214526061916,6.705487993301156e-05,228.88291720701807,518.1368472387072,1000000000.0,-4.3809,16.4665,-22.1487,3.7867693487416734,0.0018495,0.0144377,0.41695287156371497,0.0
34,0.0006889738424534048,6.705487993301156e-05,228.88291720701807,518.1368472387072,1000000000.0,-4.4257,16.4339,-22.0072,3.7964258416726833,0.0018347,0.014352499999999999,0.4133843054720429,0.0
35,0.0006831281173808154,6.705487993301156e-05,228.88291720701807,518.1368472387072,1000000000.0,-4.4699,16.4013,-21.8679,3.806114286235982,0.0018202000000000001,0.0142684,0.40987687042848925,0.0
36,0.0006774466413190758,6.705487993301156e-05,228.88291720701807,518.1368472387072,1000000000.0,-4.5128,16.3691,-21.7323,3.81571774238868,0.0018061000000000002,0.014186299999999999,0.40646798479144547,0.0
37,0.0006719074093512634,6.705487993301156e-05,228.88291720701807,518.1368472387072,1000000000.0,-4.5547,16.3373,-21.5997,3.825267033597024,0.0017923000000000001,0.014106,0.403144445610758,0.0
38,0.000666481752421112,6.705487993301156e-05,228.88291720701807,518.1368472387072,1000000000.0,-4.5958,16.3056,-21.4697,3.8347964108857475,0.0017787999999999999,0.014027,0.3998890514526672,0.0
39,0.0006611498893489331,6.705487993301156e-05,228.88291720701807,518.1368472387072,1000000000.0,-4.6362,16.274,-21.3418,3.844340428766139,0.0017655000000000001,0.013949,0.3966899336093599,0.0
40,0.0006558881831279688,6.705487993301156e-05,228.88291720701807,518.1368472387072,1000000000.0,-4.6761,16.2424,-21.2153,3.8539328918851585,0.0017524,0.0138718,0.3935329098767813,0.0
41,0.0006507759431688335,6.705487993301156e-05,228.88291720701807,518.1368472387072,1000000000.0,-4.7149,16.2112,-21.0924,3.8634218466456294,0.0017397,0.0137964,0.3904655659013001,0.0
42,0.0006457106789155804,6.705487993301156e-05,228.88291720701807,518.1368472387072,1000000000.0,-4.7534,16.1798,-20.9704,3.8729909085449354,0.001727,0.013721500000000001,0.38742640734934825,0.0
43,0.0006407282865784845,6.705487993301156e-05,228.88291720701807,518.1368472387072,1000000000.0,-4.7913,16.1486,-20.8503,3.8825726066937327,0.0017146,0.013647600000000001,0.3844369719470907,0.0
44,0.0006359794112451902,6.705487993301156e-05,228.88291720701807,518.1368472387072,1000000000.0,-4.8274,16.1184,-20.7358,3.8918605151233625,0.0017028000000000002,0.0135768,0.3815876467471141,0.0
45,0.000631261619641476,6.705487993301156e-05,228.88291720701807,518.1368472387072,1000000000.0,-4.8633,16.088,-20.622,3.9012397757011947,0.001691,0.0135063,0.3787569717848856,0.0
46,0.0006266191414239988,6.705487993301156e-05,228.88291720701807,518.1368472387072,1000000000.0,-4.8986,16.0577,-20.5098,3.910625443254587,0.0016794,0.013436700000000001,0.3759714848543993,0.0
47,0.0006220809693235816,6.705487993301156e-05,228.88291720701807,518.1368472387072,1000000000.0,-4.9332,16.0277,-20.4002,3.919947901583632,0.0016681,0.013368399999999999,0.373248581594149,0.0
48,0.0006176125263318501,6.705487993301156e-05,228.88291720701807,518.1368472387072,1000000000.0,-4.9672,15.9978,-20.2922,3.9292721685930756,0.001657,0.013300900000000001,0.37056751579911007,0.0
49,0.0006131498753183115,6.705487993301156e-05,228.88291720701807,518.1368472387072,1000000000.0,-5.0012,15.9675,-20.1843,3.9387348141037846,0.0016458,0.0132333,0.3681299251909869,0.00023999999999997358
50,0.0006116492509646256,6.352159680799136e-05,194.55047962596535,560.7102383294937,1000000000.0,-4.6152,16.4294,-21.4383,4.064697110144623,0.0016476,0.013129,0.3831638281149311,0.016174277536155746
51,0.0006108461921288908,6.717937579582739e-05,223.73305156986015,628.1472096686612,1000000000.0,-4.8773,17.0589,-18.5421,3.843584806030551,0.0016314,0.013034200000000001,0.36650771527733444,0.0
52,0.0006061593791413004,6.717937579582739e-05,223.73305156986015,628.1472096686612,1000000000.0,-4.9137,17.0306,-18.4616,3.852445852884037,0.0016198,0.0129648,0.36369562748478024,0.0
53,0.0006015736453272725,6.717937579582739e-05,223.73305156986015,628.1472096686612,1000000000.0,-4.9493,17.0025,-18.3824,3.8612679593392443,0.0016084,0.0128965,0.3609441871963635,0.0
54,0.0005971129978498958,6.717937579582739e-05,223.73305156986015,628.1472096686612,1000000000.0,-4.9839,16.9747,-18.3049,3.87000214907614,0.0015974,0.0128299,0.35826779870993747,0.0
55,0.0005926179141869217,6.717937579582739e-05,223.73305156986015,628.1472096686612,1000000000.0,-5.0188,16.9463,-18.2264,3.8789555085678975,0.0015863000000000001,0.0127626,0.35933074851215296,0.0037599999999999413
56,0.0005994995168903038,6.296355108275113e-05,190.17309383438112,667.2127345873105,1000000000.0,-4.5796,17.3045,-19.5449,4.028338568052126,0.001608,0.0127568,0.3667843521472137,0.007084642013031495
57,0.0005982845677033505,6.67122022254306e-05,218.69905790953828,716.1722236924122,1000000000.0,-4.8708,17.6642,-17.3332,3.838327502678843,0.0015934,0.0127019,0.3589707406220103,0.0
58,0.0005935177044562008,6.67122022254306e-05,218.69905790953828,716.1722236924122,1000000000.0,-4.9081,17.6376,-17.2692,3.8468018499062344,0.0015817000000000001,0.0126323,0.3561106226737205,0.0
59,0.0005888652978221091,6.67122022254306e-05,218.69905790953828,716.1722236924122,1000000000.0,-4.9445,17.6111,-17.2061,3.855234732602078,0.0015702000000000001,0.0125641,0.3533191786932655,0.0
60,0.0005843986274670972,6.67122022254306e-05,218.69905790953828,716.1722236924122,1000000000.0,-4.9794,17.5853,-17.145,3.863482103209785,0.0015592,0.0124984,0.35063917648025833,0.0
61,0.000579944156478573,6.67122022254306e-05,218.69905790953828,716.1722236924122,1000000000.0,-5.0143,17.5592,-17.0835,3.8718606148482673,0.0015483,0.0124326,0.35082649388714393,0.0028600000000000847
62,0.0005870708998631399,6.308269591736347e-05,185.89419922310753,759.9947810013332,1000000000.0,-4.5883,17.8941,-18.2969,4.033756381328983,0.0015692,0.0124362,0.3606816352501297,0.008439095332245738
63,0.0005856271498985978,6.685566415030125e-05,213.77832910657366,789.0645412575537,1000000000.0,-4.8987,18.0702,-16.5283,3.8560609814337687,0.0015567,0.0124174,0.35137628993915865,0.0
64,0.0005809114157075658,6.685566415030125e-05,213.77832910657366,789.0645412575537,1000000000.0,-4.9354,18.0454,-16.4754,3.8641470952029944,0.0015452,0.012349,0.3485468494245395,0.0
65,0.0005763015075035137,6.685566415030125e-05,213.77832910657366,789.0645412575537,1000000000.0,-4.9713,18.0207,-16.4231,3.872210158798346,0.0015339000000000002,0.012282,0.34578090450210824,0.0
66,0.0005717870084400611,6.685566415030125e-05,213.77832910657366,789.0645412575537,1000000000.0,-5.0065,17.996,-16.3712,3.8802680565466656,0.0015229,0.012216,0.3443722050640366,0.0012999999999999902
67,0.0005789255419087285,6.259485263894791e-05,181.7115797405876,823.919696799939,1000000000.0,-4.582,18.2234,-17.6434,4.06409147500351,0.0015438000000000001,0.0122075,0.36337819389611453,0.01602286875087744
68,0.0005772966190499624,6.639815632097641e-05,208.96831670167575,837.8265967190271,1000000000.0,-4.9037,18.2991,-16.1112,3.886873952889019,0.0015328,0.0122168,0.34637797142997745,0.0
69,0.0005725769324608741,6.639815632097641e-05,208.96831670167575,837.8265967190271,1000000000.0,-4.9402,18.2753,-16.064,3.894769593621292,0.0015214,0.012149,0.34354615947652445,0.0
70,0.0005679353308824493,6.639815632097641e-05,208.96831670167575,837.8265967190271,1000000000.0,-4.9761,18.2515,-16.0168,3.902699882893735,0.0015101000000000001,0.012082,0.34076119852946957,0.0
71,0.0005633969471849178,6.639815632097641e-05,208.96831670167575,837.8265967190271,1000000000.0,-5.0112,18.2277,-15.9701,3.910615825163535,0.0014990000000000001,0.012016299999999999,0.3402781683109506,0.002239999999999931
72,0.0005703208292104925,6.145436081429887e-05,177.62306919642438,849.3010399682487,1000000000.0,-4.5811,18.3024,-17.4795,4.112279380293944,0.0015213000000000002,0.012016500000000001,0.37026234259978147,0.028069845073485977
73,0.000568698910898275,6.54180960305165e-05,204.26652957588803,858.3430043092583,1000000000.0,-4.9126,18.3553,-16.0006,3.9293666179320526,0.0015109,0.012041600000000001,0.34121934653896496,0.0
74,0.0005640752876488042,6.54180960305165e-05,204.26652957588803,858.3430043092583,1000000000.0,-4.9482,18.332,-15.9555,3.9371819003445334,0.0014997,0.0119755,0.33844517258928253,0.0
75,0.0005595330736828035,6.54180960305165e-05,204.26652957588803,858.3430043092583,1000000000.0,-4.9832,18.3086,-15.9104,3.945022043734157,0.0014885999999999999,0.0119103,0.3357198442096821,0.0
76,0.0005550901191899163,6.54180960305165e-05,204.26652957588803,858.3430043092583,1000000000.0,-5.0174,18.2853,-15.8658,3.9528515464045597,0.0014778,0.0118462,0.3365340715139499,0.003480000000000061
77,0.0005619030736556742,6.0507953332690346e-05,173.62655013950481,870.0259505468478,1000000000.0,-4.5819,18.3566,-17.3965,4.1606796709438845,0.0014996,0.011843500000000002,0.37731176192937566,0.04016991773597112
78,0.000560318492404182,6.43299745062134e-05,199.67053266043052,875.0291345252608,1000000000.0,-4.9184,18.388,-15.9383,3.97430771344112,0.0014898000000000001,0.0118727,0.3361910954425092,0.0
79,0.0005556618970300368,6.43299745062134e-05,199.67053266043052,875.0291345252608,1000000000.0,-4.9541,18.3643,-15.8934,3.982293451567329,0.0014786,0.0118064,0.3333971382180221,0.0
80,0.0005511426058629268,6.43299745062134e-05,199.67053266043052,875.0291345252608,1000000000.0,-4.9888,18.3409,-15.8492,3.9902111783909717,0.0014676000000000001,0.0117418,0.3306855635177561,0.0
81,0.0005467194302740684,6.43299745062134e-05,199.67053266043052,875.0291345252608,1000000000.0,-5.0228,18.3175,-15.8053,3.998127010129633,0.0014569000000000001,0.011678200000000001,0.3325916581644411,0.004560000000000031
82,0.000553484928336894,6.013454954151485e-05,169.71995276136596,886.8081175013896,1000000000.0,-4.591,18.3983,-17.3933,4.205185717193562,0.0014785,0.0116982,0.3833873863005268,0.0512964292983904
83,0.0005519632334970005,6.398887520453685e-05,195.17794567557087,889.3661531397973,1000000000.0,-4.9333,18.4187,-15.9319,4.014357791281964,0.0014692000000000001,0.011732200000000002,0.3347673879186913,0.0035894478204909763
84,0.0005506987622063192,6.766565385960022e-05,224.45463752690648,895.0372298961038,1000000000.0,-5.2458,18.4408,-14.7391,3.850586188854359,0.0014602999999999999,0.0117482,0.3969725906571248,0.06655333333333331
85,0.0005613986612071986,6.655438308352485e-05,190.7864418978705,760.7816454116883,1000000000.0,-4.8723,17.8037,-17.7621,4.023107363123472,0.0015055000000000001,0.012164999999999999,0.3426160375051872,0.005776840780868042
86,0.0005605302957087389,7.009143053238946e-05,219.40440818255107,795.6459034167933,1000000000.0,-5.1755,18.0084,-16.0325,3.8512660757002126,0.0014939,0.0121204,0.3714181774252434,0.03510000000000009
87,0.0005670653803280673,6.630439179487009e-05,186.4937469551684,818.7231610143473,1000000000.0,-4.7693,18.1859,-17.4014,4.024357801861268,0.0015149,0.0121581,0.34632867866215744,0.006089450465317059
88,0.0005658063236797423,6.996825485530708e-05,214.46780899844367,837.108363969478,1000000000.0,-5.0811,18.2778,-15.8699,3.854903433035628,0.0015042,0.012144700000000001,0.35570379420784537,0.016220000000000036
89,0.000572564814129507,6.554957258223475e-05,182.29763764867712,848.758774868862,1000000000.0,-4.6715,18.3706,-17.3544,4.0425418569597324,0.0015262000000000001,0.0121748,0.3541743527176373,0.010635464239933112
90,0.0005710003101471091,6.924015504428749e-05,209.6422832959787,857.6347437213832,1000000000.0,-4.9886,18.4095,-15.9017,3.8704764852616735,0.0015159000000000001,0.0121797,0.3426001860882654,0.0
91,0.0005664469393793269,6.924015504428749e-05,209.6422832959787,857.6347437213832,1000000000.0,-5.0235,18.3865,-15.8575,3.8781980825799147,0.0015048,0.0121133,0.3445681636275962,0.00470000000000006
92,0.0005735208740545063,6.546321672503864e-05,178.1959408015819,881.9601587326589,1000000000.0,-4.6182,18.5447,-17.251,4.066268612334398,0.0015261,0.012140900000000001,0.36067967751630337,0.016567153083599573
93,0.0005717946735564681,6.921912682843845e-05,204.9253319218192,881.4941068293034,1000000000.0,-4.9392,18.5379,-15.8801,3.890258320675262,0.0015166,0.012164300000000001,0.34307680413388086,0.0
94,0.0005671353887929027,6.921912682843845e-05,204.9253319218192,881.4941068293034,1000000000.0,-4.9744,18.5154,-15.8375,3.8979097100148596,0.0015053000000000002,0.0120968,0.3402812332757416,0.0
95,0.0005625741368201233,6.921912682843845e-05,204.9253319218192,881.4941068293034,1000000000.0,-5.0089,18.4929,-15.7952,3.90555965927215,0.0014942,0.0120306,0.33932448209207394,0.0017799999999999372
96,0.0005695043216803805,6.478769981241811e-05,174.18653213354634,893.4171261529523,1000000000.0,-4.5939,18.5767,-17.3335,4.104975390125997,0.0015161,0.0120546,0.3679464405397275,0.02624384753149922
97,0.000567690924272131,6.848717186842482e-05,200.3145119535783,890.2852921955846,1000000000.0,-4.9197,18.558,-15.9509,3.925053023115935,0.0015067,0.0120807,0.3406145545632786,0.0
98,0.0005630655975624358,6.848717186842482e-05,200.3145119535783,890.2852921955846,1000000000.0,-4.9543,18.5356,-15.9087,3.932691899552653,0.0014955,0.012014,0.3378393585374615,0.0
99,0.0005583864081209349,6.848717186842482e-05,200.3145119535783,890.2852921955846,1000000000.0,-4.9895,18.5124,-15.8653,3.9405917265467982,0.0014842,0.011946300000000002,0.33503184487256094,0.0
100,0.0005539036925273431,6.848717186842482e-05,200.3145119535783,890.2852921955846,1000000000.0,-5.0233,18.4898,-15.823,3.9483194526065524,0.0014733,0.0118811,0.33700221551640586,0.004659999999999976
101,0.000560570507179824,6.409284919860881e-05,170.26733516054153,902.205338251637,1000000000.0,-4.6035,18.5718,-17.405,4.152740185519067,0.0014945,0.0119038,0.37452735068766124,0.03818504637976683
102,0.0005589047940848266,6.78909281342127e-05,195.80743543462276,898.6024075446966,1000000000.0,-4.9358,18.5541,-15.9935,3.96748962159318,0.0014855,0.0119346,0.33534287645089594,0.0
103,0.0005543352173746699,6.78909281342127e-05,195.80743543462276,898.6024075446966,1000000000.0,-4.9699,18.5315,-15.951,3.9752599771003143,0.0014745,0.011868700000000001,0.33260113042480194,0.0
104,0.0005498089463812806,6.78909281342127e-05,195.80743543462276,898.6024075446966,1000000000.0,-5.0038,18.5085,-15.9082,3.983120326176583,0.0014635,0.0118031,0.3306453678287683,0.0007600000000000051
105,0.0005554721413676102,6.348117551130492e-05,166.43632011942935,898.6024075446966,1000000000.0,-4.5849,18.5286,-17.6626,4.194253368705266,0.0014835,0.0118303,0.38184662699688265,0.048563342176316526
106,0.0005539276872646732,6.731917907586688e-05,191.40176813734377,896.6487075111581,1000000000.0,-4.9228,18.5206,-16.1777,4.004411329804977,0.0014745,0.0118605,0.33345944481004824,0.0011028324512443177
107,0.0005526501547709571,7.085089636878418e-05,220.11203335794534,899.0291172570572,1000000000.0,-5.2312,18.5196,-14.9591,3.842068695148442,0.0014659,0.011868700000000001,0.38055675952924106,0.04896666666666676
108,0.0005630262467139498,6.954414056276631e-05,187.09522835425355,764.1747496684986,1000000000.0,-4.8522,17.8883,-18.0918,4.016407199159385,0.0015106,0.0122854,0.34191754781821615,0.004101799789846261
109,0.0005621594662901433,7.301432668287104e-05,215.15951260739158,796.5036328062596,1000000000.0,-5.1557,18.0697,-16.3073,3.8459457740726637,0.0014991000000000002,0.0122343,0.36843567977408603,0.03114000000000008
110,0.0005684345893516587,6.917122702616411e-05,182.88558571628283,819.8025740384236,1000000000.0,-4.7539,18.2495,-17.7374,4.020776365918739,0.0015194000000000002,0.0122747,0.34625484509068005,0.005194091479684859
111,0.0005671982202683924,7.263306270185745e-05,210.31842357372525,837.1111195513147,1000000000.0,-5.063,18.3278,-16.1387,3.852626168783566,0.0015088,0.0122495,0.35291893216103537,0.012599999999999945
112,0.0005739728068748363,6.806893572786517e-05,178.77066003766646,848.8008283510476,1000000000.0,-4.6545,18.4232,-17.6921,4.041898548624824,0.0015308,0.0122847,0.35485832128110767,0.01047463715620589
113,0.0005724484375129226,7.167797279376026e-05,205.58625904331643,856.6112652019712,1000000000.0,-4.9696,18.4517,-16.1786,3.8699068645735006,0.0015206,0.0122821,0.34346906250775355,0.0
114,0.0005678873613545268,7.167797279376026e-05,205.58625904331643,856.6112652019712,1000000000.0,-5.0039,18.4287,-16.1333,3.877660326671417,0.0015096,0.012215,0.34151241681271605,0.0007799999999999586
115,0.0005735531842497179,6.78038654205794e-05,174.74832018681897,868.3918023150076,1000000000.0,-4.6095,18.5224,-17.7268,4.069967596233655,0.0015287,0.012248799999999999,0.36162380960824436,0.01749189905841364
116,0.0005719213268749351,7.145583046936356e-05,200.96056821484183,870.7167044424294,1000000000.0,-4.9287,18.5242,-16.2408,3.8940871210901884,0.001519,0.0122571,0.343152796124961,0.0
117,0.0005672604931856879,7.145583046936356e-05,200.96056821484183,870.7167044424294,1000000000.0,-4.9634,18.5012,-16.1957,3.9018935102686343,0.0015077,0.0121889,0.34035629591141275,0.0
118,0.0005628100941524648,7.145583046936356e-05,200.96056821484183,870.7167044424294,1000000000.0,-4.9965,18.4787,-16.1521,3.9095024079257135,0.0014969,0.0121235,0.33768605649147887,0.0
119,0.0005584345377875926,7.145583046936356e-05,200.96056821484183,870.7167044424294,1000000000.0,-5.0291,18.4563,-16.1085,3.9171332221099764,0.0014863,0.012059,0.3408807226725555,0.005819999999999936
120,0.0005649582849338302,6.760700329059122e-05,170.81648298261555,882.4436635630848,1000000000.0,-4.6231,18.5533,-17.7523,4.112354385395303,0.0015075000000000002,0.0121083,0.3670635673091239,0.028088596348825767
121,0.0005634218996574951,7.125605955885985e-05,196.4389554300079,882.6007278142152,1000000000.0,-4.947,18.5452,-16.2567,3.932522191635716,0.0014982,0.0121197,0.3380531397944971,0.0
122,0.0005588301723384239,7.125605955885985e-05,196.4389554300079,882.6007278142152,1000000000.0,-4.9809,18.5221,-16.212,3.940398036945785,0.0014871,0.012052400000000001,0.3352981034030543,0.0
123,0.0005544945188994857,7.125605955885985e-05,196.4389554300079,882.6007278142152,1000000000.0,-5.0129,18.4999,-16.1691,3.947985287389941,0.0014766,0.0119886,0.33527671133969145,0.0025800000000000267
124,0.0005608145008372475,6.740669815717478e-05,166.97311211550672,894.5074864066888,1000000000.0,-4.6046,18.5947,-17.8578,4.148440603778651,0.0014972000000000002,0.0120345,0.37359885144701127,0.037110150944662745
125,0.0005592089302535708,7.10421798665385e-05,192.01907893283274,891.863884681677,1000000000.0,-4.9328,18.5736,-16.3471,3.964810610454601,0.0014881,0.0120489,0.3355253581521425,0.0
126,0.0005547944724862505,7.10421798665385e-05,192.01907893283274,891.863884681677,1000000000.0,-4.965,18.5514,-16.3041,3.9724385000652966,0.0014774,0.0119843,0.3328766834917503,0.0
127,0.0005503306398689795,7.10421798665385e-05,192.01907893283274,891.863884681677,1000000000.0,-4.9976,18.5285,-16.2599,3.9803078570528583,0.0014666,0.011918699999999999,0.33019838392138773,0.0
128,0.0005458885334523594,7.10421798665385e-05,192.01907893283274,891.863884681677,1000000000.0,-5.0302,18.5053,-16.2153,3.988301382051337,0.0014558,0.0118532,0.3335731200714156,0.006039999999999957
129,0.0005519792919618879,6.725370772595294e-05,163.21621709290784,891.863884681677,1000000000.0,-4.6167,18.5445,-18.0947,4.1928424278832965,0.0014772000000000001,0.0119206,0.3793981821479569,0.04821060697082413
130,0.0005505776776265098,7.081012462924693e-05,187.69864965684403,891.700197869767,1000000000.0,-4.9492,18.5345,-16.4956,4.005914191513206,0.0014682,0.0119281,0.33182515445420735,0.0014785478783014838
131,0.0005494488417550419,7.417616281060395e-05,215.85344710537063,895.5330516822756,1000000000.0,-5.2551,18.534,-15.2019,3.844436206495176,0.0014595,0.011921300000000001,0.38068930505302506,0.05101999999999993
132,0.0005556236739649628,6.958537505614603e-05,183.47543003956503,895.5330516822756,1000000000.0,-4.8549,18.5706,-16.7201,4.030734053861424,0.0014808,0.0119735,0.3410577178443336,0.007683513465355896
133,0.0005542888751602998,7.30705842988114e-05,210.99674454549978,896.5005822008284,1000000000.0,-5.166,18.5596,-15.409,3.8643913388143925,0.001472,0.0119757,0.36577332509617994,0.03320000000000008
134,0.0005606524086259458,6.84621324197729e-05,179.3472328636748,896.5005822008284,1000000000.0,-4.7613,18.5928,-16.9842,4.056136380887627,0.0014937000000000001,0.0120237,0.3504255403974742,0.014034095221906684
135,0.0005591534867888148,7.213215468657897e-05,206.24931779322603,895.3636225860486,1000000000.0,-5.0781,18.5763,-15.6458,3.884302618846893,0.0014847999999999999,0.012036300000000002,0.3511120920732889,0.015620000000000012
136,0.0005657339753518817,6.754759288234476e-05,175.31192012424214,895.3636225860486,1000000000.0,-4.6693,18.6072,-17.2874,4.080981235790344,0.0015069,0.012082200000000001,0.3596856941587151,0.020245308947586027
137,0.00056406789252998,7.118555703755035e-05,201.60870814287847,892.7572282069882,1000000000.0,-4.9896,18.5853,-15.9047,3.905130572747532,0.0014977,0.0120981,0.338440735517988,0.0
138,0.0005596488784130641,7.118555703755035e-05,201.60870814287847,892.7572282069882,1000000000.0,-5.0224,18.5636,-15.8639,3.912590117683678,0.001487,0.012033400000000001,0.3402693270478385,0.0044800000000000395
139,0.0005661496495977058,6.664705328290577e-05,171.36740192144669,892.7572282069882,1000000000.0,-4.6099,18.592,-17.5728,4.114265773314915,0.001509,0.0120763,0.36825623308735217,0.028566443328728708
140,0.0005644955937787119,7.03174310403607e-05,197.0725122096637,890.1758864652724,1000000000.0,-4.9346,18.5728,-16.1325,3.9337597078101068,0.0014999,0.0120955,0.33869735626722713,0.0
141,0.0005598290804615236,7.03174310403607e-05,197.0725122096637,890.1758864652724,1000000000.0,-4.9692,18.5498,-16.0886,3.941632418008841,0.0014885999999999999,0.0120275,0.33589744827691415,0.0
142,0.0005553769797031318,7.03174310403607e-05,197.0725122096637,890.1758864652724,1000000000.0,-5.0022,18.5274,-16.046,3.949301615994168,0.0014778,0.011962400000000002,0.3336661878218791,0.0004400000000000404
143,0.0005568047411951569,6.583598504222007e-05,167.51163537821415,890.1758864652724,1000000000.0,-4.6192,18.5305,-17.7702,4.163877659169134,0.0014877,0.0119352,0.3750522595093776,0.04096941479228344
144,0.0005553730749815778,6.948576335340969e-05,192.63838068494627,890.0169648382855,1000000000.0,-4.9497,18.5242,-16.2531,3.9790537506810244,0.0014787,0.011951000000000002,0.33322384498894664,0.0
145,0.0005508912033141883,6.948576335340969e-05,192.63838068494627,890.0169648382855,1000000000.0,-4.9827,18.5012,-16.209,3.986917712527307,0.0014678,0.0118856,0.33053472198851297,0.0
146,0.0005464491161663979,6.948576335340969e-05,192.63838068494627,890.0169648382855,1000000000.0,-5.0155,18.478,-16.1646,3.9948722119409985,0.0014570000000000002,0.0118205,0.33096946969983876,0.0031000000000000584
147,0.0005527069162330554,6.511630860494419e-05,163.74262358220432,890.0169648382855,1000000000.0,-4.5917,18.5063,-18.0069,4.204991296681184,0.0014787,0.0118669,0.3828719739101293,0.05124782417029605
148,0.0005513193861599011,6.873594520717585e-05,188.30401711953496,890.3367278383208,1000000000.0,-4.9271,18.5033,-16.4252,4.0160075325076185,0.0014697,0.0118819,0.3347935148228453,0.004001883126904637
149,0.0005501600792452816,7.213767775254758e-05,216.5496196874652,894.6170620207687,1000000000.0,-5.2351,18.5082,-15.1424,3.853189308738699,0.001461,0.011880100000000001,0.377116047547169,0.04702000000000002
150,0.0005564127049469036,6.821913215075882e-05,184.06717673434542,906.7253227241158,1000000000.0,-4.8402,18.6063,-16.5383,4.035935960123677,0.0014813,0.011926,0.3428316129990614,0.008983990030919209
151,0.0005549706277359388,7.171231774673858e-05,211.67725324449725,904.746282236976,1000000000.0,-5.1524,18.5836,-15.2788,3.8688186520974637,0.0014727,0.011936400000000002,0.3634623766415633,0.03048000000000002
152,0.0005616234831335121,6.779148249991195e-05,179.92566525782266,917.0735008559524,1000000000.0,-4.7542,18.6795,-16.7195,4.056557440879645,0.0014938,0.0119821,0.3511134501000186,0.014139360219911357
153,0.0005599571164658263,7.14506040341369e-05,206.91451504649606,910.0531654778745,1000000000.0,-5.0708,18.6377,-15.4681,3.8842346372834817,0.0014852,0.0120056,0.3501342698794958,0.01416000000000004
154,0.0005665422685697239,6.752280179815446e-05,175.87733778952165,910.0531654778745,1000000000.0,-4.6709,18.6756,-17.0941,4.076629941833503,0.0015072000000000002,0.012066499999999999,0.35908284660021017,0.01915748545837581
155,0.0005647989600720476,7.111576084360439e-05,202.25893845794988,903.0033134713144,1000000000.0,-4.9894,18.6337,-15.7785,3.901121410143311,0.0014984,0.0120892,0.33887937604322854,0.0
156,0.0005602333168481807,7.111576084360439e-05,202.25893845794988,903.0033134713144,1000000000.0,-5.0233,18.6116,-15.7378,3.908710794449703,0.0014874,0.012022500000000002,0.3407999901089084,0.004659999999999976
157,0.0005668262271955801,6.65671585352888e-05,171.9200976892574,890.9733558589907,1000000000.0,-4.6103,18.5847,-17.5569,4.1099392002697,0.0015107,0.0120847,0.3675805363847731,0.02748480006742504
158,0.0005650990190864646,7.030733356372951e-05,197.70811234264602,888.6790225756607,1000000000.0,-4.936,18.5674,-16.1212,3.92952868919781,0.0015013000000000001,0.012104799999999999,0.3390594114518788,0.0
159,0.0005604300464897244,7.030733356372951e-05,197.70811234264602,888.6790225756607,1000000000.0,-4.9706,18.5444,-16.0772,3.9373969522275076,0.00149,0.0120367,0.33625802789383463,0.0
160,0.0005558793968579507,7.030733356372951e-05,197.70811234264602,888.6790225756607,1000000000.0,-5.0044,18.5215,-16.0336,3.9452310208323715,0.001479,0.0119702,0.33440763811477053,0.0008800000000000808
161,0.0005623470615911659,6.582577816890647e-05,168.05189549124913,888.6790225756607,1000000000.0,-4.5866,18.5493,-17.8039,4.150714661771486,0.001501,0.0120139,0.37508690239757114,0.03767866544287157
162,0.0005607306821258292,6.95527113947647e-05,193.25967981493648,887.5304698406069,1000000000.0,-4.9171,18.539,-16.2991,3.9660248907339457,0.0014917,0.0120331,0.3364384092754975,0.0
163,0.0005561430993987718,6.95527113947647e-05,193.25967981493648,887.5304698406069,1000000000.0,-4.9509,18.516,-16.2545,3.973905395985293,0.0014805999999999999,0.0119664,0.33368585963926306,0.0
164,0.0005516776084101029,6.95527113947647e-05,193.25967981493648,887.5304698406069,1000000000.0,-4.9839,18.4931,-16.2104,3.9817350471374486,0.0014698,0.011901199999999999,0.33100656504606174,0.0
165,0.000547304676329935,6.95527113947647e-05,193.25967981493648,887.5304698406069,1000000000.0,-5.0162,18.4702,-16.1666,3.989560338639249,0.0014592000000000001,0.0118371,0.33162280579796105,0.0032400000000000874
166,0.0005535214428034662,6.516774846318116e-05,164.270727842696,887.5304698406069,1000000000.0,-4.5932,18.4982,-18.0026,4.1991501618331535,0.0014808,0.0118826,0.3819004061403681,0.04978754045828837
167,0.0005521571746547658,6.8782882561664e-05,188.91133701910042,888.3279467967329,1000000000.0,-4.9277,18.4975,-16.4211,4.010769278511091,0.0014718,0.011897000000000001,0.33398662442063226,0.0026923196277728323
168,0.0005509761314471152,7.227162350441287e-05,217.24803757196548,892.8912168474017,1000000000.0,-5.2361,18.5046,-15.1414,3.8479446002766666,0.001463,0.0118967,0.37780567886826927,0.04722000000000009
169,0.0005571577225469255,6.834694552973276e-05,184.66083193617067,892.8912168474017,1000000000.0,-4.842,18.5467,-16.6562,4.030114461805691,0.0014843999999999999,0.0119612,0.341823248979578,0.007528615451422693
170,0.0005558306008481507,7.188203482255761e-05,212.35995672659627,894.3117872041453,1000000000.0,-5.1537,18.5404,-15.3584,3.8633890758827727,0.0014756,0.011967700000000001,0.36423836050889036,0.030739999999999948
171,0.0005621722004242129,6.793389410149353e-05,180.50596321760682,894.3117872041453,1000000000.0,-4.7566,18.5804,-16.9329,4.05027672409961,0.0014972000000000002,0.012030200000000001,0.3498725012794302,0.012569181024902454
172,0.0005606858231759494,7.154241239140434e-05,207.58185770024784,893.5235733937751,1000000000.0,-5.0721,18.5657,-15.604,3.879363979367052,0.0014883,0.0120427,0.3508314939055696,0.014419999999999968
173,0.0005674757201563254,6.76107190950032e-05,176.44457904521067,905.591188361503,1000000000.0,-4.6712,18.6603,-17.1163,4.070489785676332,0.0015098000000000002,0.0120883,0.35810787851287834,0.01762244641908306
174,0.0005656940929501163,7.11924122961177e-05,202.91126590199227,899.6663387705753,1000000000.0,-4.9893,18.6226,-15.7907,3.895873914395087,0.0015008,0.012108,0.3394164557700698,0.0
175,0.0005609996192905615,7.11924122961177e-05,202.91126590199227,899.6663387705753,1000000000.0,-5.0243,18.5998,-15.7487,3.9036781840107464,0.0014894,0.0120394,0.34145977157433693,0.004860000000000042
176,0.0005676313166993025,6.662805733321786e-05,172.47457601669342,899.6663387705753,1000000000.0,-4.6125,18.628,-17.4279,4.104539552555223,0.0015116,0.0120815,0.36671367815838724,0.026134888138805712
177,0.0005658615182497273,7.037227326111797e-05,198.34576241919743,894.7944570873559,1000000000.0,-4.9371,18.5991,-16.0368,3.9244247393835217,0.0015025,0.012106299999999999,0.3395169109498364,0.0
178,0.0005612086422982317,7.037227326111797e-05,198.34576241919743,894.7944570873559,1000000000.0,-4.9716,18.5765,-15.994,3.9321817216997337,0.0014912,0.012038700000000001,0.33672518537893903,0.0
179,0.000556708798989953,7.037227326111797e-05,198.34576241919743,894.7944570873559,1000000000.0,-5.005,18.5541,-15.952,3.939844993077589,0.0014803,0.011973000000000001,0.3350252793939718,0.0009999999999999788
180,0.0005632194670102602,6.587115710811605e-05,168.5938980563178,894.7944570873559,1000000000.0,-4.588,18.5815,-17.702,4.145076865867617,0.0015024,0.0120155,0.3742008966730604,0.036269216466904286
181,0.0005615728961884144,6.960120455475807e-05,193.88298276476547,891.8187009607085,1000000000.0,-4.9175,18.5627,-16.2323,3.9607773517742295,0.0014932,0.0120383,0.33694373771304864,0.0
182,0.000556899252259555,6.960120455475807e-05,193.88298276476547,891.8187009607085,1000000000.0,-4.952,18.5395,-16.1877,3.9687371433461793,0.0014819,0.0119703,0.334139551355733,0.0
183,0.000552377297158007,6.960120455475807e-05,193.88298276476547,891.8187009607085,1000000000.0,-4.9854,18.5166,-16.1438,3.976601960383896,0.001471,0.0119044,0.3314263782948042,0.0
184,0.0005479748739246905,6.960120455475807e-05,193.88298276476547,891.8187009607085,1000000000.0,-5.018,18.4938,-16.1005,3.9844169130344924,0.0014602999999999999,0.0118399,0.33238492435481426,0.003599999999999959
185,0.0005544390247293194,6.518735964260255e-05,164.80053535005067,891.8187009607085,1000000000.0,-4.594,18.5223,-17.9202,4.193398993283312,0.0014824,0.011887100000000001,0.3810131631584196,0.048349748320827945
186,0.0005529579050003263,6.892753718135032e-05,189.52061565255826,891.325385704826,1000000000.0,-4.9297,18.5166,-16.3693,4.004717102544437,0.0014733,0.0119063,0.3329540186363051,0.0011792756361093115
187,0.0005517118669049456,7.232710575948766e-05,217.948708000442,895.0831217580844,1000000000.0,-5.2367,18.5182,-15.1027,3.8431733731678457,0.0014644999999999999,0.0119042,0.37836712014296736,0.047339999999999986
188,0.0005581596578488471,6.841191932058498e-05,185.2564018003757,907.272216035709,1000000000.0,-4.8424,18.6176,-16.4852,4.0244093627657875,0.0014853000000000002,0.0119526,0.3409981354007552,0.006102340691446884
189,0.0005567345740911183,7.190192644879836e-05,213.04486207043206,904.6623584201313,1000000000.0,-5.1526,18.5919,-15.2439,3.858367501151614,0.0014766999999999998,0.0119645,0.3645607444546709,0.030519999999999926
190,0.0005631764965676326,6.72740001264421e-05,181.08813275986725,904.6623584201313,1000000000.0,-4.7481,18.622,-16.7761,4.050249134168703,0.0014984,0.0120059,0.35046818148275527,0.0125622835421757
191,0.0005616058172354242,7.086271821775983e-05,208.25135267384735,901.1010256250404,1000000000.0,-5.0634,18.5954,-15.4943,3.8791825499320467,0.0014896,0.012024400000000001,0.3496434903412544,0.012679999999999936
192,0.0005682644201014802,6.631358086178993e-05,177.01364977277024,901.1010256250404,1000000000.0,-4.6549,18.6237,-17.0943,4.075644091522422,0.0015119,0.012065300000000001,0.35986967494149363,0.018911022880605532
193,0.0005664864579213967,7.000785051830865e-05,203.56569723868577,896.414695516859,1000000000.0,-4.9759,18.595,-15.7685,3.8996266561370323,0.0015027,0.0120899,0.339891874752838,0.0
194,0.0005619778898391601,7.000785051830865e-05,203.56569723868577,896.414695516859,1000000000.0,-5.0097,18.5732,-15.7282,3.9070927624012035,0.0014918,0.012024400000000001,0.339126733903496,0.0019399999999999197
195,0.0005688252824058689,6.610007519657264e-05,173.0308426528829,908.4196546975605,1000000000.0,-4.6043,18.6637,-17.2847,4.10350154126097,0.0015134,0.012065099999999999,0.3671705547587638,0.025875385315242472
196,0.0005669360547320993,6.980891304066492e-05,198.98546905081534,900.8019481759777,1000000000.0,-4.9287,18.6231,-15.9403,3.9233903063617244,0.0015043,0.0120948,0.34016163283925954,0.0
197,0.0005622883924134121,6.980891304066492e-05,198.98546905081534,900.8019481759777,1000000000.0,-4.9632,18.6008,-15.8987,3.931030551048056,0.0014931,0.0120275,0.33737303544804725,0.0
198,0.0005577475452831283,6.980891304066492e-05,198.98546905081534,900.8019481759777,1000000000.0,-4.997,18.5786,-15.8574,3.9386552191504087,0.0014821,0.0119615,0.334648527169877,0.0
199,0.0005533498188620436,6.980891304066492e-05,198.98546905081534,900.8019481759777,1000000000.0,-5.0298,18.5567,-15.8168,3.9461974013692096,0.0014714,0.011897399999999999,0.3379698913172261,0.005959999999999965
200,0.0005599447719614306,6.535082512475006e-05,169.13764869319303,900.8019481759777,1000000000.0,-4.6113,18.5844,-17.5415,4.151030911106652,0.0014936,0.0119412,0.37372459095352134,0.037757727776662975
201,0.0005583721041194274,6.897871682390182e-05,194.50829599717198,897.3599764097601,1000000000.0,-4.9401,18.5632,-16.0973,3.967261164679274,0.0014847999999999999,0.011963699999999999,0.3350232624716564,0.0
202,0.0005537751404796405,6.897871682390182e-05,194.50829599717198,897.3599764097601,1000000000.0,-4.9742,18.5402,-16.0539,3.9751363228702585,0.0014736,0.011897000000000001,0.3322650842877843,0.0
203,0.0005493029153714773,6.897871682390182e-05,194.50829599717198,897.3599764097601,1000000000.0,-5.0074,18.5175,-16.0109,3.9829616757416058,0.0014628000000000002,0.0118319,0.3310617492228863,0.0014799999999999258
204,0.0005557150030846501,6.520043857418127e-05,165.33205159759618,897.3599764097601,1000000000.0,-4.5923,18.5536,-17.8278,4.187180465074093,0.0014847999999999999,0.0118945,0.3802241181193132,0.046795116268523174
205,0.0005541558324932762,6.895558113625168e-05,190.1318593372356,895.1900034608065,1000000000.0,-4.9275,18.5401,-16.3096,3.998868564505877,0.0014757000000000001,0.0119168,0.33249349949596574,0.0
206,0.0005495554178252835,6.895558113625168e-05,190.1318593372356,895.1900034608065,1000000000.0,-4.9613,18.5167,-16.2645,4.006925857850902,0.0014646,0.0118499,0.3314647151578956,0.0017314644627255404
207,0.000548377651105719,7.240776404496285e-05,218.65163823782095,898.8401292700732,1000000000.0,-5.2688,18.5183,-15.0142,3.8454130494517216,0.0014559,0.0118494,0.38278659066343135,0.05375999999999995
208,0.0005546038882461443,6.78421899917823e-05,185.8538925021478,898.8401292700732,1000000000.0,-4.8673,18.5524,-16.4856,4.031141670597366,0.0014773000000000002,0.0118968,0.340547750597028,0.007785417649341486
209,0.0005532794216970933,7.136247015024832e-05,213.73197637746998,899.6410735054721,1000000000.0,-5.1791,18.5435,-15.2183,3.864990904103347,0.0014686,0.011904999999999999,0.367787653018256,0.03582000000000001
210,0.0005597305444753023,6.68049038070718e-05,181.6721799208495,899.6410735054721,1000000000.0,-4.7731,18.5747,-16.7455,4.05589879287222,0.0014904,0.0119494,0.34981302490323646,0.013974698218055082
211,0.0005582644574370653,7.036919157464513e-05,208.9230069089769,898.518614494969,1000000000.0,-5.0891,18.5595,-15.4475,3.8851365417957338,0.0014816,0.0119643,0.3527786744622392,0.017820000000000037
212,0.0005651029880992756,6.585959574533274e-05,177.58455587263038,910.5834451123047,1000000000.0,-4.6786,18.6437,-16.9103,4.08104125346923,0.0015031,0.0119892,0.359322106226873,0.020260313367307603
213,0.0005633273601809259,6.946703497612726e-05,204.22223925352492,904.2716751879465,1000000000.0,-4.9991,18.6074,-15.6208,3.905472130718283,0.0014942,0.0120149,0.3379964161085555,0.0
214,0.0005587728735954808,6.946703497612726e-05,173.58890336549618,904.2716751879465,1000000000.0,-4.7227,18.6445,-17.2972,4.08977822276198,0.0014899,0.0120295,0.3577082798477836,0.022444555690495083
215,0.000557271177510194,7.299116233919492e-05,199.6272388703206,900.4625298764487,1000000000.0,-5.0411,18.6132,-15.9061,3.914519313504712,0.0014812,0.0120394,0.3425827065061164,0.008220000000000028
216,0.0005635246131408654,6.901681650130174e-05,169.68315303977252,900.4625298764487,1000000000.0,-4.6384,18.6519,-17.6584,4.112197659792391,0.0015027,0.012102499999999999,0.36616418283261687,0.02804941494809765
217,0.0005618890669002377,7.258643075464963e-05,195.1356259957384,895.7751659855254,1000000000.0,-4.9603,18.6182,-16.2092,3.9328175736129865,0.0014937000000000001,0.0121156,0.3371334401401426,0.0
218,0.0005572827610520131,7.258643075464963e-05,195.1356259957384,895.7751659855254,1000000000.0,-4.9939,18.5954,-16.1656,3.940679965784646,0.0014826,0.012047800000000001,0.3343696566312078,0.0
219,0.0005527113828908875,7.258643075464963e-05,195.1356259957384,895.7751659855254,1000000000.0,-5.0274,18.5722,-16.1215,3.948649331232464,0.0014715000000000002,0.0119803,0.33710682973453254,0.005480000000000019
220,0.0005590552567145435,6.866961158024451e-05,165.86528209637763,895.7751659855254,1000000000.0,-4.6186,18.6122,-17.9533,4.149839448854593,0.0014933000000000001,0.0120483,0.3728930162423743,0.037459862213648165
221,0.0005575152699614937,7.212154317601905e-05,190.74507441083426,892.9580123166272,1000000000.0,-4.9441,18.5863,-16.4169,3.9674365665465294,0.0014843,0.012055,0.3345091619768962,0.0
222,0.0005530998409410632,7.212154317601905e-05,190.74507441083426,892.9580123166272,1000000000.0,-4.9761,18.5639,-16.3734,3.9751363228702585,0.0014736,0.01199,0.33185990456463793,0.0
223,0.0005487106463795369,7.212154317601905e-05,190.74507441083426,892.9580123166272,1000000000.0,-5.0079,18.5412,-16.3295,3.982946462990709,0.001463,0.011925100000000001,0.33080638782772215,0.0015800000000000482
224,0.0005550978348505213,6.763673589931908e-05,162.13331324920912,881.0835242556991,1000000000.0,-4.5849,18.5168,-18.3645,4.192792249262331,0.0014862,0.0119986,0.38125676322589547,0.04819806231558266
225,0.0005537052541438734,7.115535765592463e-05,186.45331023659048,882.5520764757825,1000000000.0,-4.917,18.5139,-16.703,4.005550442539735,0.0014769000000000002,0.0120015,0.3336107631212578,0.0013876106349337558
226,0.0005525167028999197,7.460522082742623e-05,214.42130677207905,887.7417591192473,1000000000.0,-5.2242,18.5206,-15.3687,3.842956623704202,0.001468,0.0119931,0.37635002173995175,0.04483999999999995
227,0.0005587280545344148,7.065631164074223e-05,182.2581107562672,899.907658293447,1000000000.0,-4.8321,18.6226,-16.8089,4.025216864449178,0.0014883,0.0120447,0.3415410488329435,0.006304216112294592
228,0.0005573577351912915,7.408159025835254e-05,209.59682736970728,898.6285469161159,1000000000.0,-5.1411,18.5994,-15.4996,3.859008477199316,0.0014797,0.0120474,0.3626346411147749,0.028219999999999957
229,0.0005636690807792092,7.012180950698328e-05,178.1573032642512,898.6285469161159,1000000000.0,-4.7465,18.642,-17.1168,4.046518383057009,0.0015013000000000001,0.0121148,0.3498310442317778,0.011629595764252265
230,0.0005621338727434764,7.360979529095716e-05,204.88089875388889,895.6802949495993,1000000000.0,-5.0592,18.6128,-15.7672,3.8761757448155088,0.0014924,0.012122,0.3491203236460858,0.01183999999999994
231,0.0005685330300072547,6.897393283147234e-05,174.14876394080557,895.6802949495993,1000000000.0,-4.6539,18.6442,-17.4367,4.073305812481671,0.0015141,0.0121676,0.3594462711247705,0.018326453120417696
232,0.0005668188079975536,7.26287652864992e-05,200.2710785319264,891.8741073336337,1000000000.0,-4.9726,18.6151,-16.0395,3.8975719426730295,0.0015049,0.0121824,0.3400912847985322,0.0
233,0.0005621355715425958,7.26287652864992e-05,200.2710785319264,891.8741073336337,1000000000.0,-5.0072,18.5922,-15.9962,3.905424097505461,0.0014936,0.0121136,0.33872134292555744,0.0014400000000000192
234,0.0005686798654429865,6.873798101118022e-05,170.23041675213744,891.8741073336337,1000000000.0,-4.6047,18.6323,-17.7609,4.101738943023909,0.0015158,0.0121808,0.36664265502176907,0.02543473575597721
235,0.0005669357607269519,7.237286417220575e-05,195.76497926495807,888.2275867022795,1000000000.0,-4.927,18.6042,-16.2962,3.922482566589079,0.0015065,0.0121944,0.34016145643617113,0.0
236,0.000562403261835915,7.237286417220575e-05,195.76497926495807,888.2275867022795,1000000000.0,-4.9601,18.5819,-16.2531,3.9301061843333116,0.0014955,0.0121279,0.337441957101549,0.0
237,0.0005578731302304704,7.237286417220575e-05,195.76497926495807,888.2275867022795,1000000000.0,-4.9933,18.5592,-16.2094,3.937883008714791,0.0014845,0.0120612,0.3347238781382822,0.0
238,0.0005535351801186826,7.237286417220575e-05,195.76497926495807,888.2275867022795,1000000000.0,-5.0251,18.5371,-16.1668,3.945483099372286,0.001474,0.0119971,0.3371411080712096,0.0050200000000000244
239,0.0005598650367860375,6.846473610806173e-05,166.40023237521436,888.2275867022795,1000000000.0,-4.6163,18.5771,-18.0013,4.145972554957009,0.0014959,0.012065200000000002,0.3724121608108747,0.036493138739252196
240,0.0005583551086073153,7.199958671827084e-05,191.36026723149652,887.2531297356015,1000000000.0,-4.9426,18.561,-16.447,3.963492818749933,0.0014866999999999999,0.0120716,0.33501306516438917,0.0
241,0.0005537995263457464,7.199958671827084e-05,191.36026723149652,887.2531297356015,1000000000.0,-4.9757,18.5378,-16.4016,3.9714597608857645,0.0014757000000000001,0.012004500000000001,0.33227971580744786,0.0
242,0.0005493381310612613,7.199958671827084e-05,191.36026723149652,887.2531297356015,1000000000.0,-5.0082,18.5146,-16.3564,3.97942505872488,0.0014649,0.0119385,0.33124287863675683,0.0016400000000000858
243,0.0005554081582854106,6.814399012248515e-05,162.65622714677204,887.2531297356015,1000000000.0,-4.5962,18.5539,-18.265,4.184244121469009,0.0014862,0.0120058,0.3793059253384985,0.046061030367252176
244,0.000553986795495613,7.163804766753736e-05,187.05466121878786,887.0896337075744,1000000000.0,-4.9265,18.542,-16.6367,3.9980637657635807,0.0014771,0.0120097,0.3323920772973678,0.0
245,0.0005493766909607401,7.163804766753736e-05,187.05466121878786,887.0896337075744,1000000000.0,-4.9598,18.5181,-16.5892,4.006281248386268,0.0014659,0.0119418,0.33119632667301113,0.0015703120965671058
246,0.0005482901964562773,7.499424750302817e-05,215.11286040160604,892.1216532853375,1000000000.0,-5.2657,18.5223,-15.2696,3.844917232087535,0.0014573000000000001,0.0119307,0.38211411787376637,0.053139999999999965
247,0.0005543685029204446,7.10453487042526e-05,182.84593134136514,892.1216532853375,1000000000.0,-4.8732,18.5686,-16.8221,4.026427301003529,0.0014785,0.012003,0.33922792700314897,0.006606825250882187
248,0.0005531406291203288,7.441474316745806e-05,210.27282104256992,894.0188880531363,1000000000.0,-5.1819,18.559,-15.483,3.861329242642306,0.0014698,0.011998100000000001,0.36826437747219726,0.03637999999999995
249,0.000559299245711661,7.047249288152972e-05,178.73189788618444,894.0188880531363,1000000000.0,-4.7872,18.603,-17.0959,4.047615654540787,0.0014911000000000002,0.012067600000000001,0.3474834610621934,0.011903913635196828
250,0.0005578711334877334,7.398140171106705e-05,205.5416825691121,893.6947283617727,1000000000.0,-5.1005,18.5854,-15.7262,3.8779679106576226,0.0014822,0.0120698,0.3548226800926401,0.020100000000000052
