Input_Current,Temperature,vd,vg,vs,i_source,v_source,p_source,Io,gm1,gds1,vt,vdsat,cgd1,cgs1,gain_db,freq,s11_db,nf_db,iip3_dbm
6.396971669108595e-05,-40.0,0.9310512,0.2616345,0.04800106,0.0002433212,1.0,0.0002433212,0.0001792385,0.005256637,0.0005266179,0.4401273,0.03423611,9.731645999999999e-14,7.762807e-14,5.460974,1000000000.0,-8.52683,7.072451,-9.857500028081773
6.396971669108595e-05,-28.57142857142857,0.9308521,0.2503303,0.04813818,0.0002438391,1.0,0.0002438391,0.0001797735,0.005048128,0.0005077993,0.4309714,0.03595708,9.807061e-14,7.757136e-14,5.160129,1000000000.0,-8.33557,7.328345,-9.46831988978721
6.396971669108595e-05,-17.142857142857142,0.9306381,0.2391231,0.04828561,0.0002443958,1.0,0.0002443958,0.0001803601,0.004855848,0.0004904733,0.4218194,0.03767687,9.881176e-14,7.751599e-14,4.870354,1000000000.0,-8.15847,7.579074,-9.080856345898752
6.396971669108595e-05,-5.714285714285715,0.9304537,0.2279124,0.04841235,0.0002448754,1.0,0.0002448754,0.0001807561,0.004672455,0.0004738916,0.4126612,0.03939403,9.952234000000001e-14,7.746291e-14,4.582056,1000000000.0,-7.98877,7.830418,-8.696118563637398
6.396971669108595e-05,5.714285714285715,0.930224,0.2168463,0.04857065,0.0002454729,1.0,0.0002454729,0.000181348,0.004506653,0.0004589754,0.403514,0.04110855,1.0022670000000001e-13,7.741078e-14,4.310775,1000000000.0,-7.83487,8.071936,-8.314853909006757
6.396971669108595e-05,17.142857142857146,0.9299666,0.2058828,0.04874824,0.0002461425,1.0,0.0002461425,0.0001820278,0.00435432,0.0004453156,0.3943739,0.04281924,1.009174e-13,7.735996e-14,4.052046,1000000000.0,-7.69304,8.306128,-7.937711719284138
6.396971669108595e-05,28.57142857142857,0.9297071,0.1949674,0.04892727,0.0002468176,1.0,0.0002468176,0.0001826806,0.004211672,0.0004325312,0.3852351,0.04452483,1.01586e-13,7.73109e-14,3.800999,1000000000.0,-7.5598,8.535915,-7.565205037322507
6.396971669108595e-05,40.0,0.9294089,0.184182,0.04913318,0.0002475932,1.0,0.0002475932,0.0001835152,0.004082377,0.0004210246,0.3761061,0.04622489,1.0224740000000002e-13,7.726275e-14,3.565846,1000000000.0,-7.4388,8.755573,-7.197848357798549
6.396971669108595e-05,51.42857142857143,0.9290936,0.173469,0.049351,0.0002484133,1.0,0.0002484133,0.0001843844,0.003962147,0.0004103608,0.366982,0.04791796,1.02891e-13,7.721608e-14,3.340323,1000000000.0,-7.32603,8.969055,-6.83611575067296
6.396971669108595e-05,62.85714285714286,0.9287395,0.1628186,0.04959589,0.0002493345,1.0,0.0002493345,0.0001851796,0.00384799,0.0004002435,0.357868,0.0496025,1.035093e-13,7.717134e-14,3.119693,1000000000.0,-7.21866,9.179437,-6.480490313595709
6.396971669108595e-05,74.28571428571429,0.9284002,0.1523027,0.04983042,0.0002502172,1.0,0.0002502172,0.000186385,0.003748886,0.0003916135,0.3487516,0.05127908,1.041374e-13,7.712635e-14,2.923371,1000000000.0,-7.12553,9.373313,-6.131563689166171
6.396971669108595e-05,85.71428571428572,0.9279667,0.1419016,0.05013053,0.0002513447,1.0,0.0002513447,0.0001875183,0.003654346,0.0003834078,0.3396588,0.05294462,1.0474159999999999e-13,7.708323e-14,2.731358,1000000000.0,-7.0365,9.564249,-5.790014648601904
6.396971669108595e-05,97.14285714285714,0.927417,0.131637,0.05051162,0.0002527746,1.0,0.0002527746,0.0001885983,0.003563015,0.0003756344,0.3305954,0.05459777,1.053057e-13,7.704189e-14,2.541572,1000000000.0,-6.95043,9.75389,-5.4415812696840575
6.396971669108595e-05,108.57142857142858,0.926846,0.1215372,0.05090752,0.0002542598,1.0,0.0002542598,0.0001900768,0.003483313,0.0003691011,0.3215389,0.05623893,1.058713e-13,7.700019e-14,2.373185,1000000000.0,-6.87559,9.92884,-5.111264149253081
6.396971669108595e-05,120.0,0.9261724,0.1116487,0.05137494,0.000256012,1.0,0.000256012,0.0001918224,0.003412671,0.0003634895,0.3125092,0.05786598,1.0644039999999999e-13,7.695868e-14,2.221806,1000000000.0,-6.80945,10.09196,-4.792476760890963
8.88856331185901e-05,-40.0,0.9187835,0.2790382,0.05655172,0.0003001482,1.0,0.0003001482,0.0002111434,0.006147772,0.0006208892,0.4428839,0.03429843,9.928331e-14,7.753163e-14,6.604649,1000000000.0,-9.34414,6.378131,-9.75633369463452
8.88856331185901e-05,-28.57142857142857,0.9184705,0.2681462,0.05676835,0.0003009624,1.0,0.0003009624,0.0002119533,0.005911893,0.0005995317,0.4337719,0.03602286,1.001221e-13,7.746951e-14,6.320747,1000000000.0,-9.13275,6.614526,-9.416698859785043
8.88856331185901e-05,-17.142857142857142,0.9181514,0.2573405,0.05698915,0.0003017923,1.0,0.0003017923,0.0002127787,0.005692658,0.0005797095,0.4246622,0.03774616,1.009428e-13,7.740908e-14,6.045263,1000000000.0,-8.93533,6.847966,-9.078000315243102
8.88856331185901e-05,-5.714285714285715,0.917824,0.2466176,0.05721577,0.0003026441,1.0,0.0003026441,0.0002136253,0.005489069,0.0005613304,0.4155553,0.03946747,1.0174430000000001e-13,7.735037e-14,5.778709,1000000000.0,-8.75119,7.077706,-8.741271063270489
8.88856331185901e-05,5.714285714285715,0.9174863,0.2359802,0.05744953,0.0003035226,1.0,0.0003035226,0.0002145291,0.005300779,0.000544373,0.4064517,0.04118595,1.025275e-13,7.72933e-14,5.522385,1000000000.0,-8.58023,7.302551,-8.407283269857516
8.88856331185901e-05,17.142857142857146,0.9171359,0.2254163,0.05769203,0.0003044339,1.0,0.0003044339,0.0002154376,0.005125313,0.0005285971,0.3973521,0.04290052,1.0328870000000001e-13,7.723807e-14,5.274498,1000000000.0,-8.42033,7.523266,-8.076633756554287
8.88856331185901e-05,28.57142857142857,0.9167634,0.2149342,0.05794999,0.0003054029,1.0,0.0003054029,0.0002163688,0.004961995,0.0005139499,0.3882587,0.04461022,1.040287e-13,7.718462999999999e-14,5.035498,1000000000.0,-8.271,7.739285,-7.749804018144616
8.88856331185901e-05,40.0,0.9163948,0.2045341,0.0582052,0.0003063618,1.0,0.0003063618,0.0002174641,0.004812829,0.0005006489,0.3791654,0.04631452,1.047561e-13,7.713238e-14,4.809965,1000000000.0,-8.13428,7.947413,-7.427167326992041
8.88856331185901e-05,51.42857142857143,0.9159795,0.1942164,0.05849292,0.0003074421,1.0,0.0003074421,0.0002184986,0.004671894,0.000488104,0.3700843,0.04801157,1.054573e-13,7.708221e-14,4.590085,1000000000.0,-8.00472,8.152423,-7.10906423297493
8.88856331185901e-05,62.85714285714286,0.9155437,0.1839838,0.05879487,0.0003085756,1.0,0.0003085756,0.000219623,0.00454154,0.0004765666,0.3610092,0.04970076,1.0614180000000001e-13,7.703346e-14,4.380688,1000000000.0,-7.88464,8.351031,-6.795819548534574
8.88856331185901e-05,74.28571428571429,0.9150787,0.1738408,0.05911719,0.0003097851,1.0,0.0003097851,0.0002208262,0.004420642,0.0004659344,0.3519424,0.05138086,1.0680940000000001e-13,7.698614e-14,4.181132,1000000000.0,-7.77307,8.543485,-6.4876990602066655
8.88856331185901e-05,85.71428571428572,0.9145788,0.1637938,0.05946385,0.0003110857,1.0,0.0003110857,0.0002221197,0.004308629,0.0004561606,0.3428855,0.05305064,1.0746130000000001e-13,7.694016000000001e-14,3.991543,1000000000.0,-7.66955,8.729568,-6.185049309846505
8.88856331185901e-05,97.14285714285714,0.9140375,0.1538528,0.05983931,0.0003124937,1.0,0.0003124937,0.0002235244,0.004205139,0.0004472206,0.33384,0.05470882,1.080997e-13,7.689537999999999e-14,3.812332,1000000000.0,-7.57383,8.9089,-5.888223478652968
8.88856331185901e-05,108.57142857142858,0.9134456,0.1440325,0.06025,0.0003140334,1.0,0.0003140334,0.0002250687,0.004109045,0.0004391083,0.3248084,0.05635405,1.0871550000000002e-13,7.685164e-14,3.642599,1000000000.0,-7.48499,9.08214,-5.587950952246253
8.88856331185901e-05,120.0,0.9127874,0.1343552,0.06070688,0.0003157455,1.0,0.0003157455,0.0002267984,0.004020147,0.0004318523,0.3157949,0.05798494,1.0930789999999999e-13,7.680869e-14,3.482922,1000000000.0,-7.40292,9.248943,-5.298617924356805
0.00012350618673278454,-40.0,0.9036588,0.2995201,0.06709316,0.0003741114,1.0,0.0003741114,0.0002506693,0.007237176,0.0007382442,0.4462839,0.03437854,1.0160499999999999e-13,7.741996999999999e-14,7.758649,1000000000.0,-10.3098,5.725392,-9.467239188871766
0.00012350618673278454,-28.57142857142857,0.9032449,0.2890582,0.06738029,0.0003751882,1.0,0.0003751882,0.0002519415,0.006972256,0.0007141735,0.4372172,0.03610768,1.025387e-13,7.735163e-14,7.495857,1000000000.0,-10.0797,5.940112,-9.172821437313786
0.00012350618673278454,-17.142857142857142,0.9027689,0.2786853,0.06771058,0.0003764263,1.0,0.0003764263,0.0002528358,0.006715087,0.0006907482,0.4281657,0.03783485,1.034314e-13,7.728654e-14,7.229475,1000000000.0,-9.85483,6.159154,-8.87807912337314
0.00012350618673278454,-5.714285714285715,0.9023219,0.2683958,0.06802069,0.000377589,1.0,0.000377589,0.0002539772,0.006481119,0.0006695365,0.4191091,0.03956074,1.0431269999999999e-13,7.722267000000001e-14,6.976925,1000000000.0,-9.64919,6.372262,-8.584197169719737
0.00012350618673278454,5.714285714285715,0.9018689,0.2581862,0.06833497,0.0003787675,1.0,0.0003787675,0.0002551489,0.006263411,0.0006498443,0.4100552,0.04128387,1.0517080000000002e-13,7.716078000000001e-14,6.73259,1000000000.0,-9.45693,6.582217,-8.29199367902207
0.00012350618673278454,17.142857142857146,0.9014061,0.2480545,0.06865603,0.0003799713,1.0,0.0003799713,0.0002563472,0.006060651,0.0006315499,0.4010048,0.0430033,1.06005e-13,7.710089e-14,6.496442,1000000000.0,-9.27708,6.788693,-8.002101946569567
0.00012350618673278454,28.57142857142857,0.9009311,0.2379992,0.06898557,0.0003812068,1.0,0.0003812068,0.0002575773,0.005871764,0.0006145567,0.3919587,0.04471805,1.068152e-13,7.704298e-14,6.268578,1000000000.0,-9.10889,6.991329,-7.715019586956814
0.00012350618673278454,40.0,0.9004416,0.2280197,0.0693252,0.0003824801,1.0,0.0003824801,0.0002588454,0.005695753,0.0005987761,0.3829174,0.04642709,1.0760190000000001e-13,7.698699999999999e-14,6.049055,1000000000.0,-8.9516,7.189826,-7.431119154985161
0.00012350618673278454,51.42857142857143,0.8999351,0.2181161,0.06967668,0.0003837977,1.0,0.0003837977,0.000260158,0.005531692,0.0005841266,0.3738815,0.04812937,1.0836570000000001e-13,7.693287999999999e-14,5.837898,1000000000.0,-8.80453,7.383935,-7.1506953557615915
0.00012350618673278454,62.85714285714286,0.8994088,0.2082895,0.07004196,0.0003851668,1.0,0.0003851668,0.0002615227,0.005378736,0.0005705344,0.3648519,0.04982378,1.0910740000000002e-13,7.688055e-14,5.635118,1000000000.0,-8.66704,7.573445,-6.874005905286147
0.00012350618673278454,74.28571428571429,0.8988595,0.1985419,0.07042325,0.0003865957,1.0,0.0003865957,0.0002629478,0.005236132,0.0005579346,0.3558293,0.05150914,1.0982810000000001e-13,7.682993e-14,5.440741,1000000000.0,-8.53855,7.758169,-6.60126703753992
0.00012350618673278454,85.71428571428572,0.8982833,0.1888765,0.07082319,0.0003880944,1.0,0.0003880944,0.0002644434,0.005103222,0.0005462714,0.3468148,0.05318421,1.1052880000000001e-13,7.678093e-14,5.254827,1000000000.0,-8.41854,7.93792,-6.332681886942382
0.00012350618673278454,97.14285714285714,0.8976758,0.1792985,0.071245,0.0003896747,1.0,0.0003896747,0.0002660222,0.004979449,0.0005354994,0.3378096,0.05484765,1.1121110000000002e-13,7.673345e-14,5.077499,1000000000.0,-8.30661,8.112501,-6.068429263327744
0.00012350618673278454,108.57142857142858,0.897031,0.1698153,0.0716928,0.0003913521,1.0,0.0003913521,0.0002677005,0.004864369,0.0005255849,0.3288153,0.05649807,1.1187659999999999e-13,7.668736e-14,4.908974,1000000000.0,-8.20241,8.281676,-5.808695830254379
0.00012350618673278454,120.0,0.896341,0.160438,0.07217204,0.0003931469,1.0,0.0003931469,0.0002695,0.004757671,0.0005165085,0.319834,0.05813396,1.1252759999999999e-13,7.664254e-14,4.749612,1000000000.0,-8.10574,8.445138,-6.20939264780597
0.0001716112899924115,-40.0,0.8845623,0.3242145,0.0804022,0.0004718909,1.0,0.0004718909,0.0003001942,0.008580519,0.0008864408,0.4505792,0.03448358,1.0437570000000001e-13,7.729097999999999e-14,8.91533,1000000000.0,-11.4415,5.120267,-8.974617249078491
0.0001716112899924115,-28.57142857142857,0.8840053,0.3141891,0.08078918,0.0004733399,1.0,0.0004733399,0.0003016401,0.008271036,0.0008580343,0.4415732,0.03621775,1.053882e-13,7.721725e-14,8.665521,1000000000.0,-11.1847,5.318282,-8.72404686270886
0.0001716112899924115,-17.142857142857142,0.8834476,0.3042539,0.08117657,0.0004747905,1.0,0.0004747905,0.0003030874,0.007980736,0.000831458,0.432569,0.0379511,1.063752e-13,7.714576e-14,8.420938,1000000000.0,-10.9417,5.515949,-8.471617403982691
0.0001716112899924115,-5.714285714285715,0.8828872,0.294403,0.08156587,0.0004762483,1.0,0.0004762483,0.000304542,0.007709015,0.0008066443,0.4235671,0.03968274,1.073351e-13,7.707656e-14,8.182413,1000000000.0,-10.7126,5.712453,-8.218576771921292
0.0001716112899924115,5.714285714285715,0.882322,0.2846322,0.08195851,0.0004777186,1.0,0.0004777186,0.0003060092,0.00745496,0.0007835031,0.414568,0.04141175,1.0826730000000001e-13,7.700968e-14,7.950471,1000000000.0,-10.4968,5.907164,-7.965906561977164
0.0001716112899924115,17.142857142857146,0.8817499,0.2749379,0.08235588,0.0004792066,1.0,0.0004792066,0.0003074942,0.007217522,0.0007619352,0.4055721,0.0431372,1.0917140000000002e-13,7.694511e-14,7.725434,1000000000.0,-10.294,6.099583,-7.714298855388861
0.0001716112899924115,28.57142857142857,0.8811691,0.2653177,0.08275936,0.0004807174,1.0,0.0004807174,0.0003090024,0.006995611,0.0007418401,0.39658,0.0448581,1.100476e-13,7.68828e-14,7.507488,1000000000.0,-10.1034,6.289313,-7.46430138964908
0.0001716112899924115,40.0,0.8805775,0.25577,0.08317034,0.0004822563,1.0,0.0004822563,0.0003105394,0.006788163,0.0007231205,0.3875921,0.04657343,1.1089659999999999e-13,7.682269e-14,7.296735,1000000000.0,-9.92441,6.476032,-7.216340399520895
0.0001716112899924115,51.42857142857143,0.879973,0.2462936,0.08359032,0.0004838289,1.0,0.0004838289,0.0003121104,0.006594157,0.0007056842,0.378609,0.04828209,1.1171880000000002e-13,7.676471e-14,7.093215,1000000000.0,-9.75626,6.659483,-6.970748073711746
0.0001716112899924115,62.85714285714286,0.8793523,0.2368882,0.0840215,0.0004854433,1.0,0.0004854433,0.0003137163,0.006412542,0.0006894353,0.3696315,0.04998296,1.1251500000000001e-13,7.670881e-14,6.896824,1000000000.0,-9.59825,6.839519,-6.727779549666828
0.0001716112899924115,74.28571428571429,0.8787142,0.2275543,0.0844649,0.0004871033,1.0,0.0004871033,0.0003153706,0.006242592,0.0006743116,0.3606601,0.05167485,1.1328640000000001e-13,7.665488e-14,6.707717,1000000000.0,-9.44987,7.01587,-6.487649138009033
0.0001716112899924115,85.71428571428572,0.8781059,0.2183123,0.08488749,0.0004886857,1.0,0.0004886857,0.0003175012,0.006091334,0.0006610775,0.3516834,0.05335813,1.140569e-13,7.660137e-14,6.535204,1000000000.0,-9.31761,7.182898,-6.250535135382123
0.0001716112899924115,97.14285714285714,0.8773878,0.2091426,0.08538656,0.0004905536,1.0,0.0004905536,0.0003191554,0.005940037,0.0006477598,0.3427351,0.05502772,1.147764e-13,7.655152e-14,6.358001,1000000000.0,-9.18474,7.35299,-6.016581403801354
0.0001716112899924115,108.57142857142858,0.876648,0.2000605,0.08590072,0.0004924779,1.0,0.0004924779,0.0003209771,0.005800063,0.0006355743,0.3337942,0.05668462,1.154799e-13,7.650302e-14,6.1902,1000000000.0,-9.06158,7.517759,-5.785918052743156
0.0001716112899924115,120.0,0.8759171,0.1909752,0.0864087,0.0004943792,1.0,0.0004943792,0.0003226292,0.005664787,0.0006237902,0.3248534,0.05832589,1.161484e-13,7.645697e-14,6.024263,1000000000.0,-8.94222,7.681554,-5.558637992271009
0.00023845311422801766,-40.0,0.8600225,0.3547271,0.09750398,0.0006025665,1.0,0.0006025665,0.000364078,0.01027971,0.001079709,0.4561034,0.0346275,1.077716e-13,7.714017000000001e-14,10.08038,1000000000.0,-12.755,4.560123,-8.251221779806095
0.00023845311422801766,-28.57142857142857,0.8593536,0.3451399,0.09796901,0.0006043063,1.0,0.0006043063,0.0003657916,0.009918174,0.001046068,0.4471594,0.03636851,1.08863e-13,7.706058e-14,9.847634,1000000000.0,-12.4783,4.739621,-8.045242531656612
0.00023845311422801766,-17.142857142857142,0.8586861,0.3356487,0.09843309,0.0006060426,1.0,0.0006060426,0.000367522,0.009577608,0.001014496,0.438217,0.03810894,1.099262e-13,7.698349000000001e-14,9.618637,1000000000.0,-12.2136,4.919755,-7.835577322060516
0.00023845311422801766,-5.714285714285715,0.8580165,0.3262462,0.09889863,0.0006077844,1.0,0.0006077844,0.0003692618,0.009257506,0.0009849204,0.429277,0.03984786,1.1095870000000001e-13,7.690899e-14,9.394222,1000000000.0,-11.9616,5.099787,-7.623642005886417
0.00023845311422801766,5.714285714285715,0.8573425,0.3169272,0.09936722,0.0006095376,1.0,0.0006095376,0.0003710147,0.008957151,0.0009572584,0.4203401,0.04158437,1.119597e-13,7.68371e-14,9.17506,1000000000.0,-11.7224,5.279069,-7.410530644042339
0.00023845311422801766,17.142857142857146,0.8566621,0.3076877,0.0998403,0.0006113076,1.0,0.0006113076,0.0003727859,0.008675584,0.0009314134,0.4114066,0.0433175,1.129292e-13,7.676779e-14,8.961607,1000000000.0,-11.496,5.457072,-7.197044881391612
0.00023845311422801766,28.57142857142857,0.8559733,0.2985244,0.1003192,0.0006130994,1.0,0.0006130994,0.0003745806,0.008411727,0.0009072805,0.4024771,0.04504627,1.1386750000000002e-13,7.670102e-14,8.754155,1000000000.0,-11.2819,5.633369,-6.983827941865343
0.00023845311422801766,40.0,0.8552742,0.2894351,0.1008053,0.0006149179,1.0,0.0006149179,0.0003764038,0.008164456,0.0008847533,0.3935521,0.04676963,1.1477520000000002e-13,7.663672e-14,8.552882,1000000000.0,-11.0797,5.807612,-6.771375333840453
0.00023845311422801766,51.42857142857143,0.854563,0.2804177,0.1012998,0.0006167678,1.0,0.0006167678,0.0003782603,0.007932664,0.000863728,0.3846321,0.04848651,1.156532e-13,7.657479e-14,8.357885,1000000000.0,-10.8889,5.979518,-6.560071589867995
0.00023845311422801766,62.85714285714286,0.8539008,0.2713815,0.1017601,0.0006184904,1.0,0.0006184904,0.000379945,0.007711188,0.0008436204,0.3757024,0.05019505,1.164907e-13,7.651573e-14,8.165625,1000000000.0,-10.7054,6.150747,-6.350217667878454
0.00023845311422801766,74.28571428571429,0.8531772,0.2624784,0.1022632,0.0006203726,1.0,0.0006203726,0.000381824,0.007506238,0.0008251897,0.3667895,0.05189521,1.173088e-13,7.645847e-14,7.98227,1000000000.0,-10.5347,6.317885,-6.142090943048842
0.00023845311422801766,85.71428571428572,0.8524377,0.2536412,0.1027774,0.0006222961,1.0,0.0006222961,0.0003837444,0.007313708,0.0008079765,0.3578826,0.05358519,1.180999e-13,7.640333e-14,7.805119,1000000000.0,-10.3736,6.482183,-5.935848935111814
0.00023845311422801766,97.14285714285714,0.8516798,0.2448704,0.1033045,0.0006242677,1.0,0.0006242677,0.0003857127,0.007132772,0.0007919061,0.3489823,0.05526361,1.188653e-13,7.635022e-14,7.634173,1000000000.0,-10.2214,6.643499,-5.731692866438827
0.00023845311422801766,108.57142857142858,0.8509005,0.2361675,0.1038464,0.0006262948,1.0,0.0006262948,0.0003877366,0.006962684,0.0007769121,0.3400895,0.05692898,1.196062e-13,7.629904e-14,7.469439,1000000000.0,-10.0779,6.801713,-5.529722235753276
0.00023845311422801766,120.0,0.8500964,0.2275347,0.1044055,0.0006283863,1.0,0.0006283863,0.0003898248,0.006802776,0.0007629364,0.3312051,0.05857972,1.2032400000000002e-13,7.624968e-14,7.310939,1000000000.0,-9.94245,6.95671,-5.3300604022614095
0.00033132952783907393,-40.0,0.8278865,0.3932625,0.1198982,0.0007790359,1.0,0.0007790359,0.0004476595,0.01244836,0.001336973,0.4633466,0.03483145,1.1199820000000001e-13,7.69672e-14,11.23111,1000000000.0,-14.1732,4.054011,-7.26254557530153
0.00033132952783907393,-28.57142857142857,0.8271287,0.3841151,0.1204254,0.0007810072,1.0,0.0007810072,0.000449629,0.01202352,0.001296636,0.4544707,0.03658152,1.131564e-13,7.688183999999999e-14,11.01801,1000000000.0,-13.8969,4.214679,-7.103136597074631
0.00033132952783907393,-17.142857142857142,0.8263718,0.3750693,0.1209519,0.0007829759,1.0,0.0007829759,0.0004515959,0.01161986,0.001258503,0.4455969,0.03833119,1.142829e-13,7.679928e-14,10.80628,1000000000.0,-13.6263,4.377145,-6.938039346618119
0.00033132952783907393,-5.714285714285715,0.8256146,0.3661153,0.1214786,0.0007849456,1.0,0.0007849456,0.0004535636,0.01123806,0.00122259,0.4367253,0.04007957,1.153755e-13,7.671961e-14,10.59723,1000000000.0,-13.3634,4.540565,-6.768896574905305
0.00033132952783907393,5.714285714285715,0.8248557,0.3572456,0.1220065,0.0007869196,1.0,0.0007869196,0.0004555357,0.01087793,0.001188849,0.4278565,0.04182573,1.164333e-13,7.664284000000001e-14,10.39173,1000000000.0,-13.1098,4.704271,-6.596871890895599
0.00033132952783907393,17.142857142857146,0.8240938,0.3484542,0.1225365,0.0007889015,1.0,0.0007889015,0.0004575156,0.01053875,0.001157195,0.4189906,0.0435687,1.17456e-13,7.656897e-14,10.19039,1000000000.0,-12.8661,4.867727,-6.422918545379062
0.00033132952783907393,28.57142857142857,0.8233275,0.3397365,0.1230696,0.0007908947,1.0,0.0007908947,0.0004595068,0.01021958,0.001127522,0.4101279,0.04530748,1.184439e-13,7.649792e-14,9.99362,1000000000.0,-12.6329,5.030495,-6.247763305396731
0.00033132952783907393,40.0,0.8225555,0.3310886,0.1236066,0.0007929029,1.0,0.0007929029,0.0004615133,0.009919292,0.001099719,0.4012689,0.04704101,1.193978e-13,7.642962e-14,9.80168,1000000000.0,-12.4102,5.192214,-6.071984879978231
0.00033132952783907393,51.42857142857143,0.8217763,0.3225074,0.1241487,0.0007949299,1.0,0.0007949299,0.0004635384,0.009636751,0.001073673,0.392414,0.04876817,1.203185e-13,7.636397999999999e-14,9.614745,1000000000.0,-12.1978,5.352588,-5.896056728554093
0.00033132952783907393,62.85714285714286,0.8209883,0.3139906,0.1246969,0.0007969796,1.0,0.0007969796,0.0004655863,0.00937082,0.001049274,0.3835634,0.05048781,1.2120720000000002e-13,7.63009e-14,9.432923,1000000000.0,-11.9955,5.511368,-5.720359743936342
0.00033132952783907393,74.28571428571429,0.82019,0.3055364,0.1252523,0.0007990562,1.0,0.0007990562,0.0004676613,0.009120409,0.001026417,0.3747177,0.05219867,1.22065e-13,7.624027e-14,9.256276,1000000000.0,-11.8031,5.668346,-5.545175880017723
0.00033132952783907393,85.71428571428572,0.8193796,0.2971435,0.1258161,0.0008011643,1.0,0.0008011643,0.0004697678,0.008884485,0.001005004,0.3658773,0.05389944,1.228931e-13,7.618198999999999e-14,9.084839,1000000000.0,-11.6202,5.823349,-5.370764254409295
0.00033132952783907393,97.14285714285714,0.8185552,0.2888112,0.1263897,0.0008033088,1.0,0.0008033088,0.0004719109,0.008662087,0.0009849464,0.3570427,0.05558872,1.236929e-13,7.612596e-14,8.918625,1000000000.0,-11.4463,5.97623,-5.197328771986996
0.00033132952783907393,108.57142857142858,0.8177146,0.2805394,0.1269745,0.0008054953,1.0,0.0008054953,0.0004740962,0.008452327,0.0009661608,0.3482145,0.05726498,1.244656e-13,7.607207e-14,8.75764,1000000000.0,-11.281,6.126867,-5.025027964281378
0.00033132952783907393,120.0,0.8168555,0.2723286,0.1275722,0.00080773,1.0,0.00080773,0.0004763298,0.008254394,0.0009485725,0.3393934,0.0589266,1.252125e-13,7.602022e-14,8.601889,1000000000.0,-11.1241,6.275152,-4.8539978389202645
0.0004603808860851723,-40.0,0.785215,0.4428682,0.1496324,0.001019086,1.0,0.001019086,0.0005586804,0.01523785,0.001688282,0.4729825,0.03513357,1.173643e-13,7.677873e-14,12.33297,1000000000.0,-15.4301,3.61017,-5.97496838292053
0.0004603808860851723,-28.57142857142857,0.7844115,0.4341795,0.1501915,0.001021175,1.0,0.001021175,0.0005613544,0.01475045,0.001640777,0.4641809,0.03689722,1.185796e-13,7.668699e-14,12.14775,1000000000.0,-15.2095,3.75,-5.864437377121973
0.0004603808860851723,-17.142857142857142,0.7835465,0.4256078,0.1507935,0.001023426,1.0,0.001023426,0.0005631973,0.01426266,0.001593342,0.4553959,0.0386586,1.1973629999999999e-13,7.660008999999999e-14,11.95365,1000000000.0,-14.9743,3.895767,-5.746241712751882
0.0004603808860851723,-5.714285714285715,0.7826856,0.4171512,0.1513926,0.001025665,1.0,0.001025665,0.0005653358,0.01380444,0.00154916,0.4466125,0.04041974,1.208692e-13,7.651555e-14,11.76286,1000000000.0,-14.7394,4.042232,-5.622122337037894
0.0004603808860851723,5.714285714285715,0.7819299,0.408678,0.1519184,0.001027631,1.0,0.001027631,0.000567458,0.01336906,0.001507286,0.4378072,0.04217878,1.2196240000000001e-13,7.643397e-14,11.57379,1000000000.0,-14.5049,4.189793,-5.493419328279749
0.0004603808860851723,17.142857142857146,0.7811213,0.4003558,0.1524811,0.001029734,1.0,0.001029734,0.0005698352,0.01296216,0.001468496,0.4290166,0.04393573,1.230299e-13,7.635500000000001e-14,11.38956,1000000000.0,-14.2754,4.336942,-5.361195016638163
0.0004603808860851723,28.57142857142857,0.7803225,0.3921095,0.153037,0.001031812,1.0,0.001031812,0.0005723689,0.01258057,0.001432346,0.4202261,0.04568928,1.240663e-13,7.627871e-14,11.20992,1000000000.0,-14.0518,4.483506,-5.226258925862311
0.0004603808860851723,40.0,0.7794258,0.3839315,0.1536611,0.001034145,1.0,0.001034145,0.0005737284,0.01219608,0.001395689,0.4114611,0.04743385,1.250255e-13,7.620822e-14,11.02187,1000000000.0,-13.8197,4.635367,-5.089290011190428
0.0004603808860851723,51.42857142857143,0.7785876,0.3758213,0.1542444,0.001036325,1.0,0.001036325,0.0005759093,0.01184897,0.001363009,0.4026849,0.04917491,1.259781e-13,7.613865e-14,10.84565,1000000000.0,-13.6032,4.782972,-4.950822679713255
0.0004603808860851723,62.85714285714286,0.7777434,0.3677744,0.154832,0.001038521,1.0,0.001038521,0.0005781084,0.01152123,0.001332312,0.3939126,0.05090862,1.268969e-13,7.607185e-14,10.67339,1000000000.0,-13.3935,4.929777,-4.811300687860751
0.0004603808860851723,74.28571428571429,0.7768918,0.359788,0.1554247,0.001040736,1.0,0.001040736,0.0005803299,0.01121173,0.001303482,0.3851447,0.05263372,1.2778320000000002e-13,7.600769e-14,10.50523,1000000000.0,-13.191,5.075555,-4.671090794566609
0.0004603808860851723,85.71428571428572,0.7760316,0.3518599,0.1560233,0.001042974,1.0,0.001042974,0.0005825785,0.01091935,0.001276407,0.3763813,0.05434886,1.286383e-13,7.594606e-14,10.34128,1000000000.0,-12.9958,5.220114,-4.530495935567558
0.0004603808860851723,97.14285714285714,0.7751615,0.3439886,0.1566289,0.001045237,1.0,0.001045237,0.0005848593,0.01064302,0.001250984,0.367623,0.0560526,1.294636e-13,7.588686e-14,10.1816,1000000000.0,-12.8081,5.363289,-4.3897602583893445
0.0004603808860851723,108.57142857142858,0.7742801,0.3361729,0.1572424,0.00104753,1.0,0.00104753,0.0005871775,0.01038174,0.001227114,0.3588701,0.05774342,1.3026040000000002e-13,7.582996e-14,10.02624,1000000000.0,-12.6278,5.504939,-4.249097861022491
0.0004603808860851723,120.0,0.7733856,0.3284121,0.1578649,0.001049856,1.0,0.001049856,0.0005895389,0.01013456,0.001204706,0.350123,0.05941964,1.310301e-13,7.577524999999999e-14,9.875229,1000000000.0,-12.4547,5.644949,-4.108686047830261
0.0006396971669108595,-40.0,0.7280115,0.50774,0.1894906,0.001347201,1.0,0.001347201,0.000707646,0.01882333,0.002182734,0.4859377,0.03560574,1.2433630000000001e-13,7.660104e-14,13.32565,1000000000.0,-16.0249,3.238648,-4.375263884816185
0.0006396971669108595,-28.57142857142857,0.7271363,0.4994905,0.1900996,0.001349478,1.0,0.001349478,0.0007097789,0.01823901,0.002122985,0.4772386,0.03738472,1.255172e-13,7.650748e-14,13.16264,1000000000.0,-15.9099,3.362108,-4.315435319722916
0.0006396971669108595,-17.142857142857142,0.7262809,0.4913642,0.190695,0.001351703,1.0,0.001351703,0.0007121939,0.01767585,0.00206616,0.4685376,0.03916466,1.266839e-13,7.641575e-14,12.99752,1000000000.0,-15.7801,3.488314,-4.246112306864198
0.0006396971669108595,-5.714285714285715,0.7254085,0.4833456,0.1913022,0.001353972,1.0,0.001353972,0.0007142652,0.01712462,0.002010942,0.4598431,0.04094293,1.278117e-13,7.632754e-14,12.82809,1000000000.0,-15.6354,3.618082,-4.1691779035373955
0.0006396971669108595,5.714285714285715,0.7245482,0.4754226,0.191901,0.00135621,1.0,0.00135621,0.0007165219,0.01660035,0.001958891,0.4511484,0.04272011,1.289127e-13,7.624189e-14,12.65941,1000000000.0,-15.4805,3.749252,-4.0860691127528455
0.0006396971669108595,17.142857142857146,0.72369,0.4675861,0.1924984,0.001358442,1.0,0.001358442,0.0007188089,0.01610067,0.001909629,0.4424558,0.04449477,1.299804e-13,7.615923e-14,12.4915,1000000000.0,-15.317,3.881682,-3.9979201309315613
0.0006396971669108595,28.57142857142857,0.7228324,0.4598284,0.1930954,0.001360673,1.0,0.001360673,0.0007211184,0.01562561,0.001863098,0.4337656,0.04626585,1.310139e-13,7.607955999999999e-14,12.32505,1000000000.0,-15.1473,4.01493,-3.9056409379819144
0.0006396971669108595,40.0,0.7219722,0.4521435,0.1936941,0.001362911,1.0,0.001362911,0.0007234188,0.01517412,0.001819138,0.4250786,0.04803214,1.3201220000000002e-13,7.600293e-14,12.16041,1000000000.0,-14.9732,4.148717,-3.809966335773325
0.0006396971669108595,51.42857142857143,0.7211066,0.4445264,0.1942967,0.001365162,1.0,0.001365162,0.000725685,0.01474497,0.001777587,0.4163956,0.0497924,1.32975e-13,7.592932000000001e-14,11.99778,1000000000.0,-14.7963,4.282817,-3.711503911072107
0.0006396971669108595,62.85714285714286,0.7202342,0.4369727,0.194904,0.001367432,1.0,0.001367432,0.0007279191,0.01433725,0.001738334,0.4077167,0.05154535,1.33903e-13,7.585864e-14,11.83745,1000000000.0,-14.618,4.416969,-3.610755261077827
0.0006396971669108595,74.28571428571429,0.7193553,0.429479,0.1955159,0.001369718,1.0,0.001369718,0.0007301441,0.01395032,0.001701305,0.3990421,0.05328979,1.347981e-13,7.579074999999999e-14,11.67979,1000000000.0,-14.4398,4.550882,-3.5081495165701
0.0006396971669108595,85.71428571428572,0.7184743,0.4220436,0.1961292,0.00137201,1.0,0.00137201,0.0007324592,0.01358477,0.001666583,0.3903705,0.05502469,1.35664e-13,7.572536e-14,11.5257,1000000000.0,-14.2634,4.684019,-3.404036449426897
0.0006396971669108595,97.14285714285714,0.7176249,0.4146604,0.1967205,0.001374219,1.0,0.001374219,0.0007352802,0.01324649,0.001634871,0.3816939,0.05675033,1.365144e-13,7.566148e-14,11.37844,1000000000.0,-14.093,4.814669,-3.2987083687234175
0.0006396971669108595,108.57142857142858,0.7166728,0.407339,0.1973834,0.001376696,1.0,0.001376696,0.0007369806,0.01290629,0.001602756,0.3730452,0.0584583,1.37302e-13,7.560245e-14,11.22569,1000000000.0,-13.9163,4.948726,-3.1924366138479243
0.0006396971669108595,120.0,0.7157585,0.4000703,0.1980199,0.001379074,1.0,0.001379074,0.0007393623,0.0125941,0.001573777,0.3643899,0.06015443,1.3808160000000002e-13,7.554438e-14,11.0812,1000000000.0,-13.7482,5.079421,-3.0854372018733898
0.0008888563311859001,-40.0,0.6509912,0.5936476,0.2431538,0.001796707,1.0,0.001796707,0.0009078749,0.02336166,0.002914146,0.5034611,0.03639786,1.336968e-13,7.644748e-14,14.1002,1000000000.0,-15.6546,2.952915,3.875293360324548
0.0008888563311859001,-28.57142857142857,0.650104,0.585863,0.2437712,0.001799015,1.0,0.001799015,0.0009101687,0.02271212,0.002843353,0.4948813,0.03820221,1.347715e-13,7.636134e-14,13.97174,1000000000.0,-15.6379,3.05743,3.3204132823080243
0.0008888563311859001,-17.142857142857142,0.6492219,0.5782245,0.2443851,0.00180131,1.0,0.00180131,0.0009124567,0.02206174,0.002773916,0.486303,0.04000716,1.3584750000000002e-13,7.62756e-14,13.8356,1000000000.0,-15.6107,3.166292,2.898458098540985
0.0008888563311859001,-5.714285714285715,0.6483485,0.5707064,0.2449931,0.001803582,1.0,0.001803582,0.0009147391,0.02142151,0.00270661,0.4777253,0.04181183,1.3691210000000002e-13,7.619105e-14,13.69441,1000000000.0,-15.572,3.278527,2.5728618784560666
0.0008888563311859001,5.714285714285715,0.6474778,0.5632963,0.2455991,0.001805847,1.0,0.001805847,0.0009169929,0.02079783,0.002641853,0.4691497,0.04361523,1.37957e-13,7.610828e-14,13.54994,1000000000.0,-15.5214,3.393431,2.3188244013892074
0.0008888563311859001,17.142857142857146,0.6466373,0.5559511,0.2461842,0.001808033,1.0,0.001808033,0.0009191808,0.02019414,0.002579724,0.4605695,0.0454161,1.38975e-13,7.602757e-14,13.40351,1000000000.0,-15.4593,3.510436,2.119329312386512
0.0008888563311859001,28.57142857142857,0.6457893,0.5487022,0.2467745,0.001810239,1.0,0.001810239,0.0009213922,0.01961454,0.002520666,0.4519937,0.04721385,1.3996740000000002e-13,7.594906e-14,13.25645,1000000000.0,-15.3861,3.628945,1.9623114743558006
0.0008888563311859001,40.0,0.6449373,0.5415363,0.2473677,0.001812455,1.0,0.001812455,0.0009236064,0.01905958,0.00246462,0.4434214,0.04900726,1.409317e-13,7.587288e-14,13.10943,1000000000.0,-15.3028,3.748585,1.839114954635079
0.0008888563311859001,51.42857142857143,0.6441012,0.5344408,0.2479497,0.00181463,1.0,0.00181463,0.0009261085,0.01853486,0.00241219,0.4348479,0.05079621,1.418741e-13,7.579854e-14,12.96454,1000000000.0,-15.2109,3.868352,1.7433538449379
0.0008888563311859001,62.85714285714286,0.6432477,0.5274108,0.248544,0.00181685,1.0,0.00181685,0.0009282827,0.0180282,0.00236183,0.4262811,0.05257711,1.427792e-13,7.572717e-14,12.81908,1000000000.0,-15.1105,3.989368,1.6701958941869748
0.0008888563311859001,74.28571428571429,0.6423854,0.5204416,0.2491443,0.001819093,1.0,0.001819093,0.0009303318,0.01754303,0.002313939,0.417719,0.05434931,1.436521e-13,7.565836e-14,12.67438,1000000000.0,-15.003,4.110973,1.616026337860177
0.0008888563311859001,85.71428571428572,0.641527,0.5135298,0.249742,0.001821326,1.0,0.001821326,0.000932508,0.01708301,0.002268966,0.4091585,0.05611237,1.444998e-13,7.559164e-14,12.53199,1000000000.0,-14.89,4.232358,1.5780277103652622
0.0008888563311859001,97.14285714285714,0.640667,0.5066721,0.2503408,0.001823563,1.0,0.001823563,0.000934725,0.01664543,0.002226579,0.4006011,0.05786443,1.453209e-13,7.552711000000001e-14,12.39166,1000000000.0,-14.7724,4.353555,1.5540223944682765
0.0008888563311859001,108.57142857142858,0.6398031,0.4998659,0.2509424,0.00182581,1.0,0.00182581,0.0009369635,0.01622882,0.002186607,0.3920472,0.05960376,1.461156e-13,7.546473999999999e-14,12.25344,1000000000.0,-14.6512,4.474467,1.5422641772500612
0.0008888563311859001,120.0,0.6389339,0.493109,0.2515475,0.001828071,1.0,0.001828071,0.0009392199,0.01583198,0.002148916,0.3834972,0.06132856,1.4688470000000001e-13,7.540448e-14,12.11739,1000000000.0,-14.5272,4.594985,1.5414374125932113
0.0012350618673278456,-40.0,0.5479597,0.7085084,0.3149393,0.002410921,1.0,0.002410921,0.001177969,0.02892219,0.004199227,0.527072,0.03790823,1.472308e-13,7.59415e-14,14.36318,1000000000.0,-14.5985,2.775069,0.05852503166808276
0.0012350618673278456,-28.57142857142857,0.5470187,0.701209,0.3155939,0.002413369,1.0,0.002413369,0.001178567,0.02822832,0.004116956,0.5186614,0.0397493,1.479656e-13,7.589838e-14,14.26672,1000000000.0,-14.5958,2.862517,0.17646063420005476
0.0012350618673278456,-17.142857142857142,0.5461862,0.6940695,0.316173,0.002415535,1.0,0.002415535,0.001181307,0.02754519,0.004039924,0.5102284,0.0415982,1.488052e-13,7.584819000000001e-14,14.16418,1000000000.0,-14.5879,2.952854,0.28342249836325095
0.0012350618673278456,-5.714285714285715,0.5453341,0.6870663,0.3167657,0.002417751,1.0,0.002417751,0.001182699,0.02681927,0.003959594,0.5018025,0.04344285,1.496478e-13,7.579809e-14,14.0487,1000000000.0,-14.5782,3.04922,0.37808284987829666
0.0012350618673278456,5.714285714285715,0.5445285,0.6801807,0.3173262,0.002419847,1.0,0.002419847,0.001184793,0.02610804,0.003882959,0.4933682,0.04528926,1.505196e-13,7.574620999999999e-14,13.92892,1000000000.0,-14.5625,3.148104,0.460180731652855
0.0012350618673278456,17.142857142857146,0.5437389,0.6733987,0.3178756,0.002421901,1.0,0.002421901,0.001186846,0.02540565,0.003808623,0.4849325,0.04713397,1.513929e-13,7.569448e-14,13.80446,1000000000.0,-14.5407,3.249755,0.5299290053676486
0.0012350618673278456,28.57142857142857,0.5429619,0.6667088,0.3184163,0.002423922,1.0,0.002423922,0.001188865,0.02471872,0.003737073,0.4764963,0.04897596,1.5225979999999998e-13,7.564342e-14,13.67674,1000000000.0,-14.5123,3.353605,0.5876742208992738
0.0012350618673278456,40.0,0.5421993,0.6600971,0.3189469,0.002425906,1.0,0.002425906,0.00119085,0.02405134,0.003668542,0.4680589,0.05081403,1.531147e-13,7.559342e-14,13.54685,1000000000.0,-14.4771,3.459193,0.6337310523663859
0.0012350618673278456,51.42857142857143,0.5414831,0.6535838,0.3194453,0.002427768,1.0,0.002427768,0.001194303,0.02343366,0.00360721,0.4596126,0.05265341,1.539858e-13,7.554253e-14,13.42047,1000000000.0,-14.4344,3.563778,0.6683235300660755
0.0012350618673278456,62.85714285714286,0.5406927,0.6470988,0.3199955,0.002429824,1.0,0.002429824,0.001194779,0.02278512,0.003541385,0.4511866,0.05447389,1.547776e-13,7.549736e-14,13.28361,1000000000.0,-14.3862,3.674083,0.6916203052378336
0.0012350618673278456,74.28571428571429,0.5399486,0.6406977,0.3205134,0.00243176,1.0,0.00243176,0.001196734,0.02218826,0.003482824,0.4427517,0.056293,1.5558190000000002e-13,7.545154e-14,13.1514,1000000000.0,-14.3308,3.782786,0.7036352491474531
0.0012350618673278456,85.71428571428572,0.5392082,0.6343557,0.3210288,0.002433686,1.0,0.002433686,0.001198669,0.02161538,0.003427539,0.4343181,0.05810288,1.5636650000000002e-13,7.54073e-14,13.01925,1000000000.0,-14.2692,3.892043,0.7043772343236441
0.0012350618673278456,97.14285714285714,0.5384696,0.628069,0.3215429,0.002435607,1.0,0.002435607,0.00120057,0.02106584,0.00337544,0.4258862,0.05990185,1.571307e-13,7.536469000000001e-14,12.88737,1000000000.0,-14.2018,4.001695,0.6937550617384005
0.0012350618673278456,108.57142857142858,0.5377334,0.6218342,0.3220554,0.002437522,1.0,0.002437522,0.001202469,0.0205395,0.003326536,0.417456,0.06168835,1.578752e-13,7.532366e-14,12.75607,1000000000.0,-14.129,4.111526,0.6716848723881412
0.0012350618673278456,120.0,0.5370779,0.6156486,0.3225118,0.002439228,1.0,0.002439228,0.001206091,0.02006292,0.003284547,0.4090078,0.06346886,1.5863370000000002e-13,7.528171e-14,12.63192,1000000000.0,-14.053,4.218114,0.6380599180058937
0.001716112899924115,-40.0,0.4278143,0.8631736,0.3986618,0.003204498,1.0,0.003204498,0.001486386,0.02980256,0.03340503,0.5548926,0.04367805,1.734778e-13,8.441725e-14,5.335811,1000000000.0,-7.35534,2.308919,-12.46616428604456
0.001716112899924115,-28.57142857142857,0.427747,0.8563753,0.3987072,0.003204673,1.0,0.003204673,0.001488615,0.02932443,0.03436117,0.5464612,0.04581256,1.730465e-13,8.510265e-14,5.168618,1000000000.0,-7.27013,2.336049,-12.169580047924967
0.001716112899924115,-17.142857142857142,0.4277183,0.8497806,0.3987259,0.003204748,1.0,0.003204748,0.001488684,0.02874195,0.03511596,0.538021,0.04793738,1.7276290000000002e-13,8.578504e-14,5.011887,1000000000.0,-7.19232,2.369748,-11.827790517605706
0.001716112899924115,-5.714285714285715,0.4277436,0.8433421,0.3987069,0.003204682,1.0,0.003204682,0.001488611,0.02811695,0.03566491,0.5295679,0.05005486,1.726044e-13,8.644221999999999e-14,4.872251,1000000000.0,-7.12433,2.408626,-11.459633571399372
0.001716112899924115,5.714285714285715,0.4278116,0.8370371,0.3986583,0.003204505,1.0,0.003204505,0.001488434,0.02746615,0.03604457,0.5211047,0.05216518,1.7253650000000001e-13,8.707741999999999e-14,4.746397,1000000000.0,-7.06414,2.451619,-11.076692220504526
0.001716112899924115,17.142857142857146,0.4279131,0.830848,0.3985863,0.003204241,1.0,0.003204241,0.001488167,0.02680236,0.03628603,0.5126332,0.05426823,1.7253440000000001e-13,8.769349e-14,4.631803,1000000000.0,-7.01026,2.497906,-10.68625191076147
0.001716112899924115,28.57142857142857,0.4280414,0.824761,0.3984958,0.003203907,1.0,0.003203907,0.001487826,0.02613547,0.03641508,0.5041549,0.05636372,1.7258020000000002e-13,8.829272e-14,4.526585,1000000000.0,-6.96158,2.54685,-10.29311216852578
0.001716112899924115,40.0,0.428191,0.818765,0.3983905,0.003203518,1.0,0.003203518,0.001487423,0.02547288,0.03645293,0.495671,0.0584511,1.726606e-13,8.887705000000001e-14,4.429292,1000000000.0,-6.91726,2.597956,-9.900412315416105
0.001716112899924115,51.42857142857143,0.428358,0.8128507,0.3982731,0.003203084,1.0,0.003203084,0.001486973,0.02482007,0.0364169,0.4871824,0.06052958,1.727659e-13,8.944805000000001e-14,4.338807,1000000000.0,-6.87667,2.650833,-9.510249629922818
0.001716112899924115,62.85714285714286,0.4285397,0.8070104,0.3981455,0.003202611,1.0,0.003202611,0.001486535,0.02418177,0.0363204,0.4786897,0.06259826,1.728896e-13,9.000626e-14,4.25443,1000000000.0,-6.83937,2.705167,-9.124065491990265
0.001716112899924115,74.28571428571429,0.4287203,0.8012434,0.3980187,0.003202141,1.0,0.003202141,0.001485186,0.02354525,0.03618862,0.4701967,0.06465441,1.7301139999999999e-13,9.05684e-14,4.17185,1000000000.0,-6.80352,2.760837,-8.742832887271149
0.001716112899924115,85.71428571428572,0.428933,0.7955291,0.3978696,0.003201588,1.0,0.003201588,0.001485422,0.02295331,0.03599464,0.4616952,0.06670054,1.7316700000000002e-13,9.109378e-14,4.100046,1000000000.0,-6.77262,2.817311,-8.367191700346119
0.001716112899924115,97.14285714285714,0.4291433,0.7898773,0.3977222,0.003201041,1.0,0.003201041,0.001484959,0.02236919,0.03578011,0.4531936,0.06873144,1.733165e-13,9.162184999999999e-14,4.029672,1000000000.0,-6.74286,2.874732,-7.997577255482717
0.001716112899924115,108.57142857142858,0.4293415,0.7842838,0.3975833,0.003200525,1.0,0.003200525,0.001483167,0.02178484,0.03555585,0.4446945,0.07074351,1.73446e-13,9.216396e-14,3.958461,1000000000.0,-6.71333,2.933139,-7.634239979559354
0.001716112899924115,120.0,0.4295755,0.7787339,0.3974195,0.003199917,1.0,0.003199917,0.001483645,0.02125472,0.03528706,0.4361857,0.07274226,1.736149e-13,9.266075000000001e-14,3.898346,1000000000.0,-6.6886,2.991732,-7.277364922998345
0.0023845311422801764,-40.0,0.4123088,1.072383,0.4095439,0.00391325,1.0,0.00391325,0.001528991,0.009462939,0.6261843,0.558524,0.09697688,2.129438e-13,1.5134870000000001e-13,0.06536307,1000000000.0,-5.33764,1.240169,15.342574899365616
0.0023845311422801764,-28.57142857142857,0.4123542,1.066176,0.4095099,0.003913131,1.0,0.003913131,0.001528891,0.009242343,0.6061968,0.5500896,0.1007308,2.111234e-13,1.5156799999999999e-13,0.06550471,1000000000.0,-5.33611,1.274488,15.671663603987469
0.0023845311422801764,-17.142857142857142,0.4123999,1.060188,0.4094758,0.003913013,1.0,0.003913013,0.001528758,0.009058915,0.5873169,0.5416551,0.1044575,2.0936050000000001e-13,1.518135e-13,0.0660543,1000000000.0,-5.33465,1.308863,15.985021212144247
0.0023845311422801764,-5.714285714285715,0.4124466,1.054381,0.4094412,0.003912891,1.0,0.003912891,0.001528608,0.008910296,0.5692395,0.5332202,0.1081364,2.076603e-13,1.520781e-13,0.06707246,1000000000.0,-5.3333,1.343354,16.271887506512556
0.0023845311422801764,5.714285714285715,0.4124947,1.048729,0.4094056,0.003912766,1.0,0.003912766,0.00152845,0.008793296,0.5517632,0.5247848,0.1117503,2.060257e-13,1.5235639999999999e-13,0.06858962,1000000000.0,-5.33205,1.378013,16.522994991513656
0.0023845311422801764,17.142857142857146,0.4125445,1.043209,0.4093689,0.003912636,1.0,0.003912636,0.001528286,0.008704287,0.5347593,0.5163489,0.1152855,2.044584e-13,1.526441e-13,0.07061476,1000000000.0,-5.33093,1.412886,16.72971634621085
0.0023845311422801764,28.57142857142857,0.4125963,1.037804,0.4093308,0.003912502,1.0,0.003912502,0.001528116,0.008639472,0.5181501,0.5079124,0.1187306,2.029585e-13,1.529379e-13,0.07314185,1000000000.0,-5.32994,1.448011,16.883796041195183
0.0023845311422801764,40.0,0.4126504,1.032501,0.4092912,0.003912361,1.0,0.003912361,0.001527951,0.008595139,0.5018933,0.4994751,0.1220768,2.0152570000000002e-13,1.532349e-13,0.07615565,1000000000.0,-5.32908,1.483423,16.976812616330648
0.0023845311422801764,51.42857142857143,0.4127069,1.027289,0.40925,0.003912214,1.0,0.003912214,0.001527776,0.008567584,0.4859715,0.4910371,0.1253169,2.001588e-13,1.535332e-13,0.07963091,1000000000.0,-5.32836,1.519152,17.00133245789189
0.0023845311422801764,62.85714285714286,0.4127659,1.022159,0.409207,0.003912061,1.0,0.003912061,0.001527596,0.008553459,0.4703835,0.4825983,0.1284455,1.988563e-13,1.538311e-13,0.08353989,1000000000.0,-5.32777,1.555222,16.952352910945166
0.0023845311422801764,74.28571428571429,0.4128274,1.017106,0.4091623,0.0039119,1.0,0.0039119,0.001527398,0.008549511,0.4551424,0.4741586,0.131459,1.976164e-13,1.541274e-13,0.08784642,1000000000.0,-5.32733,1.591653,16.829714572689312
0.0023845311422801764,85.71428571428572,0.4128919,1.01211,0.4091156,0.003911733,1.0,0.003911733,0.001527272,0.008553968,0.4402337,0.4657181,0.1343504,1.9643580000000002e-13,1.544198e-13,0.09254799,1000000000.0,-5.32704,1.628477,16.639081025310645
0.0023845311422801764,97.14285714285714,0.4129591,1.007174,0.409067,0.003911558,1.0,0.003911558,0.001527173,0.00856382,0.4256943,0.4572767,0.1371197,1.953132e-13,1.547082e-13,0.09759441,1000000000.0,-5.3269,1.6657,16.391506838129786
0.0023845311422801764,108.57142857142858,0.4130288,1.002304,0.4090167,0.003911377,1.0,0.003911377,0.001527007,0.008575983,0.4115671,0.4488344,0.1397688,1.942475e-13,1.549932e-13,0.1029204,1000000000.0,-5.32689,1.703318,16.10157245454792
0.0023845311422801764,120.0,0.4131001,0.9975281,0.4089653,0.003911191,1.0,0.003911191,0.001526374,0.008585027,0.3979442,0.4403915,0.1423082,1.932405e-13,1.5527850000000001e-13,0.1083703,1000000000.0,-5.32699,1.74129,15.784253436720917
0.0033132952783907397,-40.0,0.4116025,1.356306,0.4103498,0.004843851,1.0,0.004843851,0.001530824,0.002727298,1.709985,0.5587555,0.178732,2.2096170000000002e-13,1.686005e-13,-0.04418106,1000000000.0,-5.2871,1.153745,51.00812717900432
0.0033132952783907397,-28.57142857142857,0.4116237,1.350774,0.4103311,0.004843796,1.0,0.004843796,0.001530872,0.002742069,1.636653,0.5503282,0.183118,2.207024e-13,1.68656e-13,-0.04417332,1000000000.0,-5.28392,1.183271,42.141588678238136
0.0033132952783907397,-17.142857142857142,0.4116453,1.3455,0.4103126,0.00484374,1.0,0.00484374,0.001531045,0.002753425,1.569414,0.5419009,0.1874573,2.2043119999999999e-13,1.687209e-13,-0.04417665,1000000000.0,-5.28081,1.212765,38.98136037054748
0.0033132952783907397,-5.714285714285715,0.4116671,1.34034,0.4102943,0.004843683,1.0,0.004843683,0.001531166,0.002762788,1.507154,0.5334735,0.1917145,2.201481e-13,1.687907e-13,-0.04418314,1000000000.0,-5.27778,1.24224,37.26098650944158
0.0033132952783907397,5.714285714285715,0.411689,1.33544,0.4102762,0.004843626,1.0,0.004843626,0.001531104,0.00276859,1.449701,0.5250461,0.1959329,2.198549e-13,1.6886960000000001e-13,-0.04420563,1000000000.0,-5.2748,1.271682,36.11688593573545
0.0033132952783907397,17.142857142857146,0.4117113,1.330693,0.4102583,0.004843568,1.0,0.004843568,0.001531041,0.002772531,1.396255,0.5166187,0.2000827,2.1955239999999998e-13,1.689543e-13,-0.04423368,1000000000.0,-5.27191,1.301102,35.311548510310985
0.0033132952783907397,28.57142857142857,0.4117338,1.326077,0.4102404,0.004843509,1.0,0.004843509,0.001530978,0.002775037,1.346349,0.5081911,0.2041568,2.1924130000000003e-13,1.690439e-13,-0.04426501,1000000000.0,-5.26909,1.330502,34.724052650175636
0.0033132952783907397,40.0,0.4117565,1.321577,0.4102226,0.00484345,1.0,0.00484345,0.001530915,0.002776478,1.299587,0.4997634,0.2081478,2.189228e-13,1.6913769999999998e-13,-0.04429732,1000000000.0,-5.26635,1.359887,34.30018531034915
0.0033132952783907397,51.42857142857143,0.4117796,1.317179,0.4102047,0.00484339,1.0,0.00484339,0.001530852,0.002777182,1.255635,0.4913357,0.2120477,2.1859780000000001e-13,1.6923520000000002e-13,-0.04432827,1000000000.0,-5.26371,1.38926,34.007443203480705
0.0033132952783907397,62.85714285714286,0.4118029,1.312872,0.4101868,0.00484333,1.0,0.00484333,0.001530788,0.002777433,1.214208,0.4829078,0.215848,2.182674e-13,1.69336e-13,-0.04435549,1000000000.0,-5.26115,1.418624,33.82833483900134
0.0033132952783907397,74.28571428571429,0.4118266,1.308648,0.4101687,0.004843268,1.0,0.004843268,0.001530723,0.002777481,1.175059,0.4744798,0.2195397,2.1793269999999998e-13,1.694396e-13,-0.0443766,1000000000.0,-5.25869,1.447985,33.74814243743245
0.0033132952783907397,85.71428571428572,0.4118506,1.304499,0.4101506,0.004843206,1.0,0.004843206,0.001530658,0.00277754,1.137975,0.4660516,0.2231133,2.1759460000000001e-13,1.695456e-13,-0.04438924,1000000000.0,-5.25634,1.477345,33.767688485019804
0.0033132952783907397,97.14285714285714,0.4118749,1.300419,0.4101323,0.004843142,1.0,0.004843142,0.001530592,0.002777793,1.102769,0.4576233,0.2265585,2.172541e-13,1.696536e-13,-0.04439106,1000000000.0,-5.25409,1.50671,33.88236382839162
0.0033132952783907397,108.57142857142858,0.4118996,1.296403,0.4101139,0.004843078,1.0,0.004843078,0.001530526,0.002778391,1.069281,0.4491949,0.2298647,2.169123e-13,1.697635e-13,-0.04437974,1000000000.0,-5.25196,1.536085,34.09991526334284
0.0033132952783907397,120.0,0.4119246,1.292447,0.4100953,0.004843013,1.0,0.004843013,0.001530458,0.002779457,1.037367,0.4407663,0.2330204,2.1657000000000003e-13,1.6987490000000001e-13,-0.04435307,1000000000.0,-5.24995,1.565473,34.434951930535576
0.004603808860851722,-40.0,0.4123354,1.741194,0.4113443,0.006132458,1.0,0.006132458,0.001532255,0.000554231,2.427318,0.5589045,0.2892149,2.1983790000000002e-13,1.756351e-13,-0.05399491,1000000000.0,-5.29545,1.156976,29.993719992954425
0.004603808860851722,-28.57142857142857,0.4123481,1.736445,0.4113339,0.006132425,1.0,0.006132425,0.001532154,0.0005826667,2.341613,0.550482,0.2938546,2.1993100000000002e-13,1.756743e-13,-0.0543462,1000000000.0,-5.29186,1.184943,29.84574161379615
0.004603808860851722,-17.142857142857142,0.4123618,1.731992,0.4113249,0.006132389,1.0,0.006132389,0.001532106,0.0006110227,2.262436,0.5420595,0.2982895,2.2002410000000002e-13,1.757168e-13,-0.05468634,1000000000.0,-5.28834,1.21284,29.696989672408748
0.004603808860851722,-5.714285714285715,0.4123766,1.727783,0.411317,0.006132351,1.0,0.006132351,0.001532149,0.0006393259,2.188915,0.5336372,0.3025229,2.2011759999999998e-13,1.7576210000000003e-13,-0.05501559,1000000000.0,-5.2849,1.240666,29.54777257491034
0.004603808860851722,5.714285714285715,0.4123921,1.72378,0.4113099,0.006132311,1.0,0.006132311,0.001532119,0.0006674947,2.120329,0.525215,0.306558,2.202118e-13,1.7580970000000001e-13,-0.05533469,1000000000.0,-5.28153,1.26842,29.39901184644306
0.004603808860851722,17.142857142857146,0.4124084,1.71995,0.4113037,0.006132268,1.0,0.006132268,0.001532086,0.0006955255,2.056075,0.5167929,0.3103975,2.2030650000000002e-13,1.758592e-13,-0.05564388,1000000000.0,-5.27825,1.296101,29.248404138657662
0.004603808860851722,28.57142857142857,0.4124253,1.716271,0.4112982,0.006132224,1.0,0.006132224,0.001532053,0.0007233771,1.995647,0.5083709,0.3140433,2.20402e-13,1.759102e-13,-0.05594354,1000000000.0,-5.27504,1.323712,29.097738005963436
0.004603808860851722,40.0,0.4124428,1.712721,0.4112932,0.006132179,1.0,0.006132179,0.00153202,0.0007509996,1.938616,0.4999489,0.3174962,2.204981e-13,1.759627e-13,-0.05623403,1000000000.0,-5.27191,1.351253,28.948238250600554
0.004603808860851722,51.42857142857143,0.412461,1.709286,0.4112887,0.006132131,1.0,0.006132131,0.001531987,0.000778339,1.884619,0.491527,0.320756,2.205947e-13,1.760163e-13,-0.05651571,1000000000.0,-5.26888,1.378726,28.796190153534
0.004603808860851722,62.85714285714286,0.4124796,1.705953,0.4112848,0.006132083,1.0,0.006132083,0.001531955,0.0008053396,1.833347,0.4831051,0.3238211,2.206918e-13,1.7607090000000002e-13,-0.0567889,1000000000.0,-5.26593,1.406134,28.644943331170623
0.004603808860851722,74.28571428571429,0.4124988,1.70271,0.4112812,0.006132033,1.0,0.006132033,0.001531923,0.0008319457,1.784533,0.4746832,0.3266888,2.2078920000000003e-13,1.761264e-13,-0.05705389,1000000000.0,-5.26309,1.433478,28.491836336180995
0.004603808860851722,85.71428571428572,0.4125185,1.69955,0.411278,0.006131982,1.0,0.006131982,0.001531891,0.0008581038,1.737948,0.4662614,0.3293548,2.208868e-13,1.761827e-13,-0.05731095,1000000000.0,-5.26035,1.460761,28.337648652002514
0.004603808860851722,97.14285714285714,0.4125387,1.696465,0.4112751,0.006131929,1.0,0.006131929,0.001531858,0.0008837628,1.693393,0.4578396,0.3318137,2.2098460000000004e-13,1.762396e-13,-0.05756027,1000000000.0,-5.25772,1.487987,28.182414634388223
0.004603808860851722,108.57142857142858,0.4125594,1.693449,0.4112725,0.006131875,1.0,0.006131875,0.001531826,0.0009088756,1.650696,0.4494178,0.3340585,2.2108240000000003e-13,1.7629720000000002e-13,-0.05780204,1000000000.0,-5.25521,1.515157,28.025957191339813
0.004603808860851722,120.0,0.4125806,1.690494,0.4112702,0.00613182,1.0,0.00613182,0.001531793,0.0009333997,1.609707,0.440996,0.3360807,2.2118000000000002e-13,1.763553e-13,-0.05803637,1000000000.0,-5.25282,1.542275,27.867622655249278
0.006396971669108595,-40.0,0.4175034,2.255671,0.416536,0.007912178,1.0,0.007912178,0.001535226,0.0,2.531799,0.5595673,0.4670965,2.1716720000000002e-13,1.794892e-13,-0.05667087,1000000000.0,-5.38179,1.264707,28.407332365635114
0.006396971669108595,-28.57142857142857,0.4175475,2.251793,0.4165625,0.007912063,1.0,0.007912063,0.001535218,0.0,2.460164,0.5511613,0.4715876,2.17407e-13,1.795196e-13,-0.05710737,1000000000.0,-5.37877,1.292376,28.31227090003324
0.006396971669108595,-17.142857142857142,0.4175971,2.248197,0.416595,0.007911934,1.0,0.007911934,0.001535214,0.0,2.394718,0.5427562,0.4755687,2.1764610000000003e-13,1.795515e-13,-0.05752737,1000000000.0,-5.37589,1.320027,28.217854877493778
0.006396971669108595,-5.714285714285715,0.4176511,2.244827,0.4166327,0.007911793,1.0,0.007911793,0.001535075,0.0,2.334633,0.534352,0.4790581,2.178848e-13,1.795845e-13,-0.05793135,1000000000.0,-5.37315,1.347638,28.124104439662844
0.006396971669108595,5.714285714285715,0.4177089,2.241636,0.4166747,0.007911643,1.0,0.007911643,0.001534466,0.0,2.279209,0.5259486,0.4820719,2.181235e-13,1.796184e-13,-0.05831985,1000000000.0,-5.37053,1.375192,28.030002217246732
0.006396971669108595,17.142857142857146,0.4177698,2.238584,0.4167199,0.007911485,1.0,0.007911485,0.001535129,0.0,2.227852,0.5175458,0.4846239,2.183626e-13,1.796529e-13,-0.0586927,1000000000.0,-5.36803,1.402674,27.936913750227106
0.006396971669108595,28.57142857142857,0.417833,2.235635,0.416768,0.00791132,1.0,0.00791132,0.001535214,0.0,2.180057,0.5091437,0.4867251,2.186023e-13,1.796878e-13,-0.05905086,1000000000.0,-5.36564,1.430072,27.84631802338184
0.006396971669108595,40.0,0.417898,2.232755,0.4168183,0.007911151,1.0,0.007911151,0.001535235,0.0,2.135389,0.5007422,0.4883844,2.1884260000000002e-13,1.79723e-13,-0.0593945,1000000000.0,-5.36336,1.457373,27.75819772771024
0.006396971669108595,51.42857142857143,0.4179643,2.229913,0.4168701,0.007910979,1.0,0.007910979,0.001535227,7.377319e-06,2.093467,0.4923411,0.4896084,2.1908379999999998e-13,1.7975840000000002e-13,-0.05972392,1000000000.0,-5.36117,1.484569,27.671417295200484
0.006396971669108595,62.85714285714286,0.4180311,2.227078,0.4169229,0.007910805,1.0,0.007910805,0.001535172,2.8453650000000005e-05,2.053962,0.4839404,0.490401,2.1932610000000003e-13,1.797936e-13,-0.0600394,1000000000.0,-5.35908,1.511647,27.58757823248513
0.006396971669108595,74.28571428571429,0.4180979,2.224216,0.4169759,0.007910631,1.0,0.007910631,0.001535085,5.0232990000000004e-05,2.016583,0.47554,0.4907637,2.195694e-13,1.798287e-13,-0.06034117,1000000000.0,-5.35707,1.538598,27.506481693054766
0.006396971669108595,85.71428571428572,0.4181638,2.221293,0.4170283,0.00791046,1.0,0.00791046,0.001535045,7.271067e-05,1.981072,0.4671397,0.4906952,2.1981389999999998e-13,1.798633e-13,-0.06062933,1000000000.0,-5.35514,1.565409,27.427089166575087
0.006396971669108595,97.14285714285714,0.4182281,2.218269,0.4170791,0.007910293,1.0,0.007910293,0.001535085,9.588692e-05,1.947198,0.4587395,0.4901916,2.2005970000000003e-13,1.798974e-13,-0.06090399,1000000000.0,-5.35328,1.592066,27.34746673301622
0.006396971669108595,108.57142857142858,0.4182897,2.215096,0.4171273,0.007910132,1.0,0.007910132,0.001535162,0.0001197628,1.914751,0.450339,0.4892457,2.2030680000000002e-13,1.799307e-13,-0.06116521,1000000000.0,-5.35147,1.618555,27.26648837882206
0.006396971669108595,120.0,0.4183474,2.211722,0.4171717,0.007909982,1.0,0.007909982,0.001535229,0.0001443426,1.883539,0.4419382,0.4878469,2.205553e-13,1.7996300000000001e-13,-0.06141301,1000000000.0,-5.34971,1.644855,27.18079962239611
