Iteration No,Rd,Io,conv_gain_db,iip3_dbm,iip2_dbm,nf_db,p_src,gm1,vdsat1,vg1,vd1,Ibias,Io,conv_gain_db,iip3_dbm,iip2_dbm,nf_db,p_src,gm1,vdsat1,vg1,vd1,W1,Io,conv_gain_db,iip3_dbm,iip2_dbm,nf_db,p_src,gm1,vdsat1,vg1,vd1,W2,Io,conv_gain_db,iip3_dbm,iip2_dbm,nf_db,p_src,gm1,vdsat1,vg1,vd1,Alo,Io,conv_gain_db,iip3_dbm,iip2_dbm,nf_db,p_src,gm1,vdsat1,vg1,vd1,
1,Rd,-0.047884176302280985,0.5514076212001975,-3.3221912868972874,-0.07175663929539539,0.07577442138235102,-0.018882445528931136,-0.06048264377916385,-9.531887419540819e-05,0.0,-0.10172892709870089,Ibias,0.701563686300227,0.3764442100728228,-13.374339125378135,0.1167325424590622,-0.06223532748087797,0.7050582458685184,0.43411382489748,0.26360434660420107,0.09873607254092696,-0.54210029776822,W1,0.027105555394216174,0.022560184878499066,4.204001815055585,-0.08009022732757248,0.018184327384633076,0.010702324722153893,0.22105634481000114,-0.25508919384220813,-0.09950871890758645,-0.020989903055492174,W2,0.22206502844009576,0.04632162105191335,3.7384324658359662,0.013037759484485666,-0.09494009385517664,0.08752729263222202,0.2805391304988421,0.00047659437099908784,0.0,0.4736027133695806,Alo,0.0,0.25251275053293054,3.4797222525165603,0.06811726929371326,-0.2965073760661933,0.0,0.0,0.0,0.0,0.0,
2,Rd,-0.050783363301789675,0.534848524440177,-4.0729430853756465,-0.1555827747541945,0.08012753153687655,-0.02001550021902692,-0.06415278156596871,-9.492538391788701e-05,0.0,-0.10638185888897467,Ibias,0.6940392984577489,0.3630813971334161,-16.451386900823458,0.11645634070474617,-0.036623043818538474,0.7041816895238613,0.42106253806946714,0.2650158509570151,0.09886771094248643,-0.5469540115871789,W1,0.027973596754781015,0.022324866586219575,5.190792941791557,-0.07827091052168628,0.018078449008944963,0.01105233008727613,0.22546713803828064,-0.2565200290978023,-0.09961886192911217,-0.022105531646128492,W2,0.22577223199892124,0.045546014398364615,4.740836373873616,0.013216464863025211,-0.09704500646808915,0.08902517100784722,0.28550689150057873,0.0004746269195016115,0.0,0.4750341097260313,Alo,0.0,0.2464280246676593,4.4491271956330944,-0.016370295620388844,-0.2967806568073389,0.0,0.0,0.0,0.0,0.0,
3,Rd,-0.05376697009420552,0.5194474697104806,-5.399697120475568,-0.07103068196541173,0.08442143588309473,-0.02119105737378957,-0.0680232044524266,-0.00011029366002859829,0.0,-0.11117676811492046,Ibias,0.6864170895725878,0.3500639408162889,-21.83460267716617,0.11623434667471419,-0.03229698784737918,0.7032365675018531,0.40793136359935395,0.2663907014251255,0.09898057909010376,-0.5517752762641172,W1,0.0288629487037988,0.02232739505650745,6.90801512492928,0.006415067742501002,0.018223661477824612,0.011395191229296697,0.22986196156957647,-0.25794535831497023,-0.09975085597018203,-0.023260039383290763,W2,0.2295162732214738,0.04477741119000007,6.472099471969046,0.013482801458882214,-0.0991424190884145,0.09042850583720609,0.2904020938744504,0.0004569308772300983,0.0,0.4763642970672101,Alo,0.0,0.24084713601468336,6.126875907692075,0.06834579880397046,-0.2969075946524621,0.0,0.0,0.0,0.0,0.0,
4,Rd,-0.05696942741204078,0.503934008030388,-8.261208192011162,-0.07124696514463236,0.08869354093382237,-0.022408343285264073,-0.07204310668201941,-0.0001098483606227342,0.0,-0.11614945688546957,Ibias,0.6786428616403237,0.33693485084489766,-33.36746476382595,0.11596439613605616,-0.044417406665861005,0.7021720275332741,0.3947473117742524,0.2677475326881201,0.09909528995795513,-0.5566239356895961,W1,0.029740653463792125,0.02205787802545145,10.56292647920635,-0.07551500041791794,0.018342812749399834,0.011665519886766023,0.23421329375296113,-0.25932059416665293,-0.09988465194904204,-0.024454258871326687,W2,0.23320289422107024,0.04401975044211329,10.142610883881378,0.013665120131948138,-0.10130419654065553,0.09174239368561227,0.2952165650576987,0.00047077868834270194,0.0,0.47756950477809373,Alo,0.0,0.2352518548334006,9.68427148771529,-0.013559568237674093,-0.2969917896817339,0.0,0.0,0.0,0.0,0.0,
5,Rd,-0.06022250491130596,0.48936371691024416,-18.390762652190514,0.00978966348584701,0.09297044767172792,-0.023667080460229247,-0.07623242564211417,-0.000125041263616251,0.0,-0.12121783788719677,Ibias,0.6708044214461153,0.324714299671414,-74.06853638481385,0.115844704886574,-0.03820110615530236,0.7010802098872477,0.3815732693826095,0.26907316914581175,0.09923231376004964,-0.5614185430512302,W1,0.03064184721259104,0.0217868436655202,23.41886823706368,-0.07420039745964567,0.01821522387161078,0.012061735220790754,0.2385304032900926,-0.26066414416757006,-0.10000030315370033,-0.02568854842642419,W2,0.2368773967960084,0.04350693520100207,23.038429952624234,0.013938224110016398,-0.103588331825205,0.09316875475951121,0.29992748497579286,0.0004532745806116213,0.0,0.4786833548575218,Alo,0.0,0.2301534478208129,22.166670144923916,0.06866380580229481,-0.29712199878758616,0.0,0.0,0.0,0.0,0.0,
6,Rd,-0.0636585745603534,0.4750376176788311,72.0383622963545,-0.07062883295028302,0.0972319858021656,-0.02503082081092575,-0.08055828287787112,-0.00012455037315217828,0.0,-0.1264681359803817,Ibias,0.6628637949576387,0.31247745936207916,288.6228574332129,0.19610445446120106,-0.03194410179013736,0.6998307839098443,0.36842715322097663,0.27036772252168445,0.09937126083846094,-0.5662242676817124,W1,0.03150081166325395,0.021516591802957966,-91.05046702186512,0.0066237045503478335,0.018076232753513045,0.012386385555931781,0.2428169148530042,-0.26199170992717347,-0.10011795796498783,-0.026980770622204907,W2,0.2404769991518802,0.04278013831202344,-91.6712849871463,0.09441615891777799,-0.10593105919773971,0.09444618986394755,0.3045225822287778,0.000451495102679347,0.0,0.4796356040683389,Alo,0.0,0.2246581028814212,-88.88084884383095,0.06904418437672372,-0.2971847178736334,0.0,0.0,0.0,0.0,0.0,
7,Rd,-0.06724452694320854,0.46064036047759693,12.116274861022362,0.008976978312319583,0.10148476617419622,-0.02636979260445796,-0.08507507612470584,-0.0001240693442167865,0.0,-0.13183432381380392,Ibias,0.6548367074397596,0.3003156796805555,48.19113556436687,0.1957561461571918,-0.025640915984791218,0.6985760311993565,0.3552826124801472,0.2716343204962385,0.09949228103537293,-0.570997268987472,W1,0.03238543286955264,0.021251535014850966,-15.126902001916164,0.006704181853260564,0.01792659348725865,0.012706025976489333,0.24701295536969742,-0.26327514842959215,-0.10023791895278202,-0.028280726624991967,W2,0.244046206689376,0.04208281099947088,-15.584114342828789,0.014477433103552801,-0.10833226527935945,0.0957740651493564,0.30897828803971134,0.00044975137278854143,0.0,0.48048185573515345,Alo,0.0,0.21928115874713597,-15.21235862763799,0.1492514573732192,-0.2971718785949311,0.0,0.0,0.0,0.0,0.0,
8,Rd,-0.06675072313283638,0.4619655296359447,15.411715790643271,0.008807390511422106,0.10103061438072866,-0.02614779528581433,-0.08443842662837674,-0.00012423153092460542,0.0,-0.13125591065183828,Ibias,0.6563331014646798,0.3018388302301934,61.266151430973444,0.11620337740329992,-0.026906741897047084,0.6985562956264812,0.3581658966734968,0.27121296095138747,0.0994592545697283,-0.5705266012376837,W1,0.03218280092306768,0.021136055093577796,-19.21827889501794,0.006655794154880501,0.018212499877942823,0.012625283508119239,0.24579678984289507,-0.2628428615552802,-0.10018508736203467,-0.028021499636296687,W2,0.2432496983474895,0.04204644727725386,-19.75024438224317,0.014434353256784223,-0.10779090850592368,0.09542663524660967,0.3079689190384503,0.0004503392996043885,0.0,0.480322272828437,Alo,0.0,0.2199084041833028,-19.05848783519612,0.06958742615076804,-0.2968967526420612,0.0,0.0,0.0,0.0,0.0,
9,Rd,-0.06625192524158409,0.4632991210883781,21.123479470518884,-0.07070458824895418,0.10057795287382575,-0.025987893758401957,-0.08383244561207703,-0.00012439348457952265,0.0,-0.1306961467786813,Ibias,0.6578291408765329,0.303168522531101,83.86768004605354,0.11630294510786182,-0.028164113372622205,0.6985211344616206,0.36102862206130926,0.2707890667456533,0.09940592453662486,-0.5700551262661251,W1,0.03197803322305032,0.020814672899443575,-26.27706308220746,0.006583608910397308,0.018494987383395285,0.012543661591315258,0.24455677431303233,-0.2624080557220459,-0.10015227583691919,-0.02778016560859793,W2,0.24247548678767,0.042009678770091624,-26.92797948808734,0.014375690776962964,-0.10725271330688581,0.09513884868486315,0.306919519146914,0.00045092638160346696,0.0,0.48014407556477795,Alo,0.0,0.22013128385177416,-25.71191000086207,0.06959975862704249,-0.29662527003632805,0.0,0.0,0.0,0.0,0.0,
10,Rd,-0.06581394966007373,0.46464381453265713,33.39854598415396,-0.07087454291772224,0.10012672598905445,-0.025826229506077214,-0.08320612501024327,-0.00012455522108944852,0.0,-0.1301040305576273,Ibias,0.6592588934432975,0.3047137108650585,132.42497784121346,0.11644012171554477,-0.0294131100887742,0.6984703769919101,0.36388789209838185,0.2703626767788858,0.09935244325679872,-0.5695661562345795,W1,0.031771116269116675,0.020696563971252406,-41.42708400557303,-0.07288204065607679,0.01877408728391153,0.012461155736668094,0.24334415109834398,-0.2619863381605718,-0.10011933191082201,-0.027505670602349146,W2,0.24165802426455824,0.04197266577297187,-42.32911599210888,-0.06509089718955634,-0.10671768644688125,0.09478226228730402,0.30588123868565753,0.0004515126764519518,0.0,0.47998159719432204,Alo,0.0,0.22076612907084633,-39.96639717541097,-0.009798856671745206,-0.2963574190057245,0.0,0.0,0.0,0.0,0.0,
11,Rd,-0.06530534545404057,0.4657923056372175,78.58184760005649,0.008382869670430471,0.09967700940263018,-0.025598005040533802,-0.08259355060743977,-0.00012471671766726874,0.0,-0.1295475602328401,Ibias,0.6607208837637535,0.30626969296256434,311.21442545087484,0.1961701843265787,-0.030653666905431847,0.698469109688429,0.36676061204580523,0.2699337458027147,0.09931900156842645,-0.569076658242684,W1,0.03159509628242708,0.020577283479945207,-97.18138221858214,0.006488384960016855,0.019049814230950226,0.012442574601989088,0.24212473322917408,-0.26154654653952053,-0.10008625549393947,-0.027249074514942687,W2,0.2408960845215114,0.04193516903884619,-99.03066284230475,0.014290917822508522,-0.10618586718963648,0.0944858008838195,0.30485401217153696,0.0004520981015465535,0.0,0.4797837980088965,Alo,0.0,0.22119924370130878,-92.42198876142268,0.14919284515225006,-0.296093170291857,0.0,0.0,0.0,0.0,0.0,
12,Rd,-0.06644581687546107,0.4609763929832688,30.713756457576366,0.008458859080962855,0.10091304352422524,-0.02606734149249656,-0.08404968726234623,-0.0001245427723462814,0.0,-0.131275861523361,Ibias,0.6581723089114931,0.3021389924738772,121.43211847595286,0.1961341585710156,-0.02887937595554529,0.6982047086393923,0.3624375674239347,0.27038235876539723,0.09936921536057644,-0.5705804261157326,W1,0.031890042868897794,0.020423511902166822,-37.862539330066994,-0.07252637462249195,0.01904583830943494,0.012452962643699111,0.2435680280254517,-0.26202242517157476,-0.10011589711694051,-0.027680900297886613,W2,0.24202205908971525,0.04161627857202793,-38.858658002082755,0.014324719179666202,-0.1067132177503089,0.09491351320658524,0.30628478673311405,0.0004514675497579706,0.0,0.4800007622030296,Alo,0.0,0.21908523847407496,-36.000693902543745,0.06992389862996877,-0.29561595830502346,0.0,0.0,0.0,0.0,0.0,
13,Rd,-0.06597247457896246,0.46230610999877914,64.8279236362333,0.0083237413388274,0.10046438481669492,-0.025840094500913943,-0.08343879569833898,-0.00012470402279515477,0.0,-0.1307168677399401,Ibias,0.6596586742076324,0.3036701129966888,256.08853744771096,0.11683973900631116,-0.030115237640703306,0.6982006486576171,0.3653039243995477,0.2699686213502696,0.09933572264012393,-0.5701075756690723,W1,0.031681323545916296,0.020305151113848056,-79.75093042054681,-0.07260596666313772,0.019320167359284948,0.012434331188416864,0.24236493891180516,-0.2615822758172468,-0.10006256939114772,-0.02744069346164547,W2,0.24122734570632545,0.041374983525686616,-81.63526224669545,0.014303596736946518,-0.10618301753396162,0.09461748888682582,0.3052567812229328,0.00045205208263514015,0.0,0.47980460052735224,Alo,0.0,0.21971324607864084,-74.72314910029449,0.06992806291145673,-0.2953618041845095,0.0,0.0,0.0,0.0,0.0,
14,Rd,-0.06549433465715447,0.463441273880184,-644.6552135664186,-0.0709457607970301,0.10001713285328107,-0.025675593106217403,-0.08282460596894375,-0.00012486504819638665,0.0,-0.13012560222070835,Ibias,0.6611114206201967,0.30500822631464297,-2542.6778710349454,0.11691584967815519,-0.0313429491415144,0.6981161264825086,0.36814944644438125,0.2695368146645307,0.09928189797092808,-0.569617281927335,W1,0.03147044232386435,0.02018569462428638,790.5604986657586,-0.07271756683858066,0.019591193608023295,0.0122852837900381,0.24115515328478726,-0.2611396401732533,-0.10002928967489044,-0.027167405621229778,W2,0.2404554028349121,0.04133603714290324,807.0609072028824,-0.06491081935293054,-0.10565593968144855,0.09425217722527625,0.3042228007670503,0.00045263579971460916,0.0,0.479641139417601,Alo,0.0,0.21993744950533103,729.9439341027987,0.06993102363420803,-0.2951111090866028,0.0,0.0,0.0,0.0,0.0,
15,Rd,-0.06504467743798813,0.4647898279717354,-54.5228153421106,-0.07113568442867071,0.0995713241781867,-0.02550933863613721,-0.08222432117570659,-0.00012502582564636772,0.0,-0.12956991920994665,Ibias,0.6625635924901118,0.30656152863538433,-214.5824048897498,0.11706849673284883,-0.03256248840277125,0.6980816455415312,0.37099117681707444,0.26911808970542234,0.09922792188843046,-0.5691265668064934,W1,0.03129068413086842,0.020065243170731606,66.5893964840203,-0.07279086702437364,0.019858994612184707,0.012265359753443941,0.23993862972324836,-0.2607257311588313,-0.09999587729204726,-0.026911976692301418,W2,0.239673325257676,0.04129689295414162,67.77750013414605,-0.06497099808762612,-0.10513196797296573,0.09394743640932822,0.30318280805529174,0.0004532186179707941,0.0,0.4794594464759478,Alo,0.0,0.22057294379361195,60.54215356668003,0.06995636744477292,-0.29486383586370263,0.0,0.0,0.0,0.0,0.0,
16,Rd,-0.06459041722803088,0.46573541496111265,-28.62281585090414,0.007861879032762302,0.09912693404353412,-0.02527582406718062,-0.08160353184782505,-0.00012518637120939564,0.0,-0.1289989723638973,Ibias,0.6640148841983773,0.30771384520598966,-112.43550316059043,0.19652790824055433,-0.03377394187852414,0.698097306684138,0.3738291291801636,0.2686968975061709,0.09919403331512439,-0.5686354387070889,W1,0.03107557580034665,0.019737610128739168,34.82168728605063,0.006291500478910806,0.02012352090261976,0.012179542167062022,0.23873263464411185,-0.2602781140422684,-0.09996235236647331,-0.026674306548215367,W2,0.23884754389342291,0.041051012896961725,35.35835966561051,0.014130560457580797,-0.1046111148937833,0.09363841558561753,0.30213681766256023,0.00045380059563677376,0.0,0.47925962929804583,Alo,0.0,0.2208005509905976,31.166042140375232,0.06998588683925856,-0.29461996227376586,0.0,0.0,0.0,0.0,0.0,
17,Rd,-0.06501610232133503,0.4637410430586755,-35.42550010299979,0.007895732317472154,0.09963516804659094,-0.02548499913744512,-0.08222510441037352,-0.0001251255361035265,0.0,-0.12980145835258544,Ibias,0.6631642436776788,0.306141068540061,-139.14420782138674,0.11728762678994185,-0.033183901267869,0.6980929379107035,0.37237457137793945,0.26884785501202685,0.09921699837044236,-0.5692607637111462,W1,0.031174387523312776,0.019580211717063714,43.07859045958045,-0.07254687593086731,0.020201774538412424,0.012219730355643185,0.2392112733548569,-0.2604488034010424,-0.09996496677706454,-0.026818762453520013,W2,0.23915923176973747,0.04092901537484446,43.85743933905411,0.014152832141781634,-0.10471851904975726,0.09377172759541526,0.3025263275475795,0.00045358006837799676,0.0,0.4792058266507587,Alo,0.0,0.2198976665077909,38.45897959770123,0.07009436175175876,-0.29432107969672483,0.0,0.0,0.0,0.0,0.0,
18,Rd,-0.06456048001669702,0.4648892845983324,-22.370490788687256,-0.0710933142702019,0.09919195600203519,-0.025316356071259375,-0.08160376103129054,-0.00010962523673928262,0.0,-0.1292301059933226,Ibias,0.6646148326447879,0.30749589706769964,-87.70935491592648,0.19666069528168725,-0.03438884049497426,0.6980362115712854,0.3752183099346119,0.2684252225118276,0.09918303436174424,-0.568750770582162,W1,0.030991707877391608,0.019457471418427665,27.096508770356014,-0.07263763851219103,0.020463876256974083,0.012133486718097492,0.23801961047942832,-0.25999974003158594,-0.09993135660305336,-0.026564528444203903,W2,0.23839517841318347,0.04088840851570371,27.51221075246693,0.014106046707968044,-0.10420009279917061,0.09346064093667088,0.30149496292921824,0.0004698224431279916,0.0,0.4790216967261778,Alo,0.0,0.2203293880702112,23.811744278477214,0.07011886069816493,-0.29408384037466084,0.0,0.0,0.0,0.0,0.0,
19,Rd,-0.06410023825938013,0.46604465372559056,-16.41175955180894,-0.07129463900398092,0.09875009352629197,-0.025080111537387963,-0.08101368985824103,-0.00012544615709735921,0.0,-0.12866045994557698,Ibias,0.6660646350788116,0.30886001440952393,-64.1750521015056,0.11753108571748169,-0.03558584198193517,0.698030190924826,0.37804078543778097,0.2680000338704567,0.09912870341518377,-0.568257378828044,W1,0.030773489646520415,0.01933359847767784,19.768604834915582,0.0061921182092720545,0.02072277154015452,0.01211217985005217,0.23680391637780335,-0.25957946057526105,-0.0998976135457655,-0.02632800724255421,W2,0.23758746591734514,0.04064132185411458,20.03076596181531,0.014050997135567369,-0.10368480236219638,0.09314529612961894,0.3004228789867578,0.00045474231948064735,0.0,0.47883642328297893,Alo,0.0,0.22076364626575104,17.084473468243914,0.07013519990589188,-0.29384992355685896,0.0,0.0,0.0,0.0,0.0,
20,Rd,-0.06451069942138707,0.46429851531387883,-17.97062561914179,0.007665693453150929,0.09918168268705187,-0.02523160179274744,-0.08152682990368727,-0.00012539686147255868,0.0,-0.12936144233880936,Ibias,0.6653923232938167,0.3073742353728164,-70.32010760280205,0.19661470836345185,-0.035116711572635836,0.6980086089699616,0.3768777939978149,0.26811416443759434,0.09913485617959968,-0.5687759314605014,W1,0.030847111989429122,0.019198743331161203,21.67622106682962,0.006203531847824107,0.020807052895960774,0.012090142525698332,0.2371768225778713,-0.25972824932658706,-0.09990365710507379,-0.026431580027292012,W2,0.23779099807505832,0.04056326475760605,22.010657430244333,0.09301407682847614,-0.10375028045169961,0.09323865349981152,0.30071343327938854,0.0004545636228407443,0.0,0.478767051864687,Alo,0.0,0.2200767549119689,18.69160533602512,0.1492083369040339,-0.29357446718680325,0.0,0.0,0.0,0.0,0.0,
21,Rd,-0.06401525057326768,0.4652481726422934,-13.936523235197429,-0.07139585430126252,0.09874104578513995,-0.025060293086732036,-0.08093602065663212,-0.0001098623424706011,0.0,-0.12879161852393886,Ibias,0.6668760120181714,0.3087364737288202,-54.40366771045265,0.11769714589363287,-0.03630709816598904,0.6979951106049211,0.37972468572909823,0.26770313939492335,0.09910068556785116,-0.5682635930642209,W1,0.03066135292967485,0.0188689965503216,16.726991472874403,-0.07276935746002713,0.002786424281809885,0.01206850956544929,0.2359925796219163,-0.2592751282642915,-0.09986984938558642,-0.026178661885347,W2,0.23701124844210558,0.04031604528142207,16.940621206378513,0.014008275768734793,-0.10323746821754852,0.09292092883996289,0.29965577478594535,0.000470838610662967,0.0,0.47856342533247237,Alo,0.0,0.22030584083519789,14.183611066326284,0.07022198340849584,-0.2933467263597722,0.0,0.0,0.0,0.0,0.0,
22,Rd,-0.06358245583689874,0.466615256274767,-11.413755641473164,0.007375889486468979,0.09830168819219143,-0.02488719679485441,-0.08032462274811256,-0.00012571680184553035,0.0,-0.12820672024722637,Ibias,0.6682914765724505,0.3101096834481909,-44.42798940670286,0.11789056358296217,-0.03748979466417006,0.6979667292597334,0.382550362408363,0.2672739207251677,0.09906638237396485,-0.5677510426864574,W1,0.030473631862299514,0.01874284835520025,13.619366908517637,0.0060816605398959335,0.002903852596856282,0.011980272925179286,0.23480173814139013,-0.2588508950014954,-0.09983590864750405,-0.025926620782980903,W2,0.23622132370428311,0.04027303393079831,13.75495135000628,0.013987669092579522,-0.10272765260737385,0.09259890509572094,0.2986267792903619,0.00045572340669277353,0.0,0.47837552016855894,Alo,0.0,0.2209479577350801,11.34780627717456,0.0702972739488852,-0.29312214773559536,0.0,0.0,0.0,0.0,0.0,
23,Rd,-0.0642769433416302,0.4636164699454089,-12.996983759105452,-0.07115048795209805,0.09904733360372397,-0.025147402722133907,-0.08120446346926917,-0.0001256170742488372,0.0,-0.1293082579763647,Ibias,0.6668564431066505,0.30758989986674234,-50.62121502922559,0.11790102413007601,-0.03650883947425078,0.6978569264593512,0.3801340567702516,0.2675329638830463,0.09909827654026478,-0.5686739145637484,W1,0.030622506025959815,0.018739101903381634,15.523821036037793,0.006085319196398596,0.003008575702209239,0.012012670066737202,0.23559705234737002,-0.2591323220426254,-0.09984733399318417,-0.026157520724283928,W2,0.2367938337255294,0.04003216752171282,15.753876912335274,0.013985069078458548,-0.10297438160731999,0.09280117644962697,0.2993633778280593,0.00045536189415475875,0.0,0.4784170194681908,Alo,0.0,0.21958079277799208,12.917911071470233,0.07043481145308239,-0.2927843098662079,0.0,0.0,0.0,0.0,0.0,
24,Rd,-0.06381044746442252,0.4647700957291512,-10.779010413562894,0.007280907980439532,0.0986091595410793,-0.02497429700995987,-0.08059321336604519,-0.00012577675004123105,0.0,-0.12873910507781572,Ibias,0.668301999596912,0.3091566151292972,-41.89794591236958,0.11803933276401131,-0.037685842338313374,0.697822930246851,0.3829786715879711,0.2671026508079048,0.09904365151461182,-0.568160082790334,W1,0.03040041985719841,0.01861351851831988,12.812340103881201,0.006071478645311157,0.003123929255190199,0.011924067537918439,0.23442135621000218,-0.2586913306488238,-0.0998133158821984,-0.025905536066745196,W2,0.23600058974785762,0.03998876862505271,12.973400686007956,0.013968391432364018,-0.10246666664962543,0.0924777682385235,0.298314918198674,0.0004559407189021899,0.0,0.4782289472218303,Alo,0.0,0.22001419656199442,10.469700852798544,0.07045890164927056,-0.2925672419979902,0.0,0.0,0.0,0.0,0.0,
25,Rd,-0.06333930519565227,0.4659308433936679,-9.227499898528926,-0.07152919715685027,0.09820532817315288,-0.024799394176736128,-0.07999606559573336,-0.00012593619788783727,0.0,-0.12817165825557594,Ibias,0.6697809057452813,0.3105297966837701,-35.778250269378546,0.1181373066302969,-0.020475091004020632,0.697773838833191,0.3858018232196871,0.2666856410538071,0.0990091586511341,-0.5676460506333239,W1,0.030244009072532656,0.018281224318289685,10.912865509842705,-0.07265843227293214,0.021624513891337495,0.011834563440904887,0.23322157950984027,-0.2582636578200279,-0.09975892100686216,-0.025671172211367856,W2,0.2352311816751906,0.03994490729531647,11.02068985992337,0.013895538746539189,-0.10202932914499703,0.09215002769154353,0.2972777270862759,0.0004565187173461409,0.0,0.4780230149678194,Alo,0.0,0.22065487278811208,8.759769586342436,0.070474187817472,-0.29245495434600466,0.0,0.0,0.0,0.0,0.0,
26,Rd,-0.06286346668337721,0.4673036631893575,-8.091856729635461,0.006982220683072419,0.09776995441454131,-0.02462268570109686,-0.07939567668598262,-0.00012609539463291487,0.0,-0.12760593548939644,Ibias,0.6712250914160907,0.3119124384375442,-31.255647972108964,0.11831602087988591,-0.021501077598680023,0.6977094896764908,0.3886209437787283,0.2662661876933065,0.09897453301333749,-0.5671152066831702,W1,0.0300518035852245,0.018152661426030305,9.497506691858815,0.005949808017071949,0.021870126591668815,0.011744153613527191,0.2320500816948457,-0.25781779625285745,-0.09972464725370801,-0.025437620669915867,W2,0.23445176924031794,0.039900515029596455,9.569270939951036,0.013857882307385046,-0.10152941651402603,0.09181792825122978,0.2962345188483897,0.00045709580554705064,0.0,0.4778161217689942,Alo,0.0,0.22109407074745702,7.481222906277324,0.07053265992665343,-0.2922463017727978,0.0,0.0,0.0,0.0,0.0,
27,Rd,-0.06376100284718299,0.46326601708751786,-9.155580893965999,0.007085711245443091,0.09875712769148963,-0.025000398942543998,-0.08053358339386281,-0.00012595666053845947,0.0,-0.1290067236313692,Ibias,0.6692528690753654,0.30862204643310387,-35.45458786656498,0.19711244353083773,-0.020216231089464947,0.6975510247503922,0.3852599645701008,0.26661876115010086,0.0989950934100279,-0.5683568072285257,W1,0.030284778775125278,0.018097417711444984,10.786256461416754,0.005968739060094458,0.02188886833101553,0.011835295244071961,0.23317585939118413,-0.2582111540606008,-0.09976516783164087,-0.025737670801113464,W2,0.23531816333002023,0.039537414928349106,10.934505371081785,0.013893330082545351,-0.10191218339639704,0.0921557258892599,0.2973480606703783,0.00045659289437544065,0.0,0.47797334609492975,Alo,0.0,0.2194495946086874,8.500825295439682,0.14940020113528904,-0.2918629888234353,0.0,0.0,0.0,0.0,0.0,
28,Rd,-0.0633203227905066,0.46441884949818557,-8.035348930561433,0.006916000101630426,0.09832358477393875,-0.024824311275514883,-0.07995158137828394,-0.00012611567045459006,0.0,-0.12843919783700675,Ibias,0.6706569602768913,0.309784812762544,-31.00979605607787,0.11849078763297241,-0.021236567874129395,0.697483068418338,0.38805895502303034,0.2661986514136176,0.0989603988097972,-0.5678250109583012,W1,0.0300584094193888,0.017969616582392278,9.399479231529895,0.005961951921680553,0.022132885324106736,0.011744835442174298,0.23200298122169524,-0.2577804304107135,-0.09973083420311223,-0.02550387717466773,W2,0.23450330523223206,0.03949237012845236,9.510453894529084,0.09258055781839375,-0.10141375070219538,0.0918232589115617,0.29628601121875564,0.0004571693054006237,0.0,0.4777837816413194,Alo,0.0,0.21988293739161155,7.262456994925151,0.07076791626250685,-0.29166191913099754,0.0,0.0,0.0,0.0,0.0,
29,Rd,-0.06284099449550377,0.46578505448933266,-7.163844777981976,0.006736112973346854,0.09789225673720851,-0.02464641106732509,-0.07934885550758353,-0.00012627442462983426,0.0,-0.12787339582398938,Ibias,0.6721283940380164,0.3113652328793816,-27.576773920787254,0.11858085653795558,-0.04063695586375675,0.6974666436276227,0.39087112981480304,0.26577609524123724,0.09892557133725989,-0.5673098782490271,W1,0.029864010993242953,0.017840813001994523,8.338213047497852,0.005874963494475335,0.022375390491713214,0.011653466102475094,0.23082347141250115,-0.25734727739711366,-0.09969636725911128,-0.025270894305898038,W2,0.2337123976011571,0.039447132028339396,8.41706647013102,0.013777839622485298,-0.10091548733599412,0.09148640629875025,0.29523524674058893,0.0004577447892858873,0.0,0.4775598130688348,Alo,0.0,0.22052427919376547,6.317950638665464,0.14953088538361273,-0.29146267477872334,0.0,0.0,0.0,0.0,0.0,
30,Rd,-0.06239130024225083,0.4669531057191318,-6.480155568732711,-0.0717942253948008,0.09745805532113956,-0.024399506632555697,-0.07876041892597849,-0.00012643293957299628,0.0,-0.1272926758649671,Ibias,0.6735650773538686,0.31275009615493,-24.854189589012435,0.11870156855926745,-0.041779860994959526,0.6974360353154365,0.39367905893866356,0.2653511319303996,0.09887031733272986,-0.5667780942648863,W1,0.02970196736904324,0.017710737180290616,7.4877232575281605,0.005827089039896999,0.0025492938148798184,0.011628415006712453,0.22965490597788144,-0.25691173321386374,-0.09966176691729008,-0.025022065063362357,W2,0.23298017179068653,0.03940107386495957,7.539274455394289,0.013742853202946284,-0.10042305434512724,0.0912124807173348,0.29419591430106495,0.00045831940595485307,0.0,0.4773516992847584,Alo,0.0,0.22075823528617536,5.556990656604651,0.07079560579879145,-0.291267174104274,0.0,0.0,0.0,0.0,0.0,
31,Rd,-0.06243504215652922,0.4665421520024534,-6.501308592151745,-0.07178941260827788,0.09754231209043225,-0.02445807556604834,-0.0788355322478979,-0.00012643251996057343,0.0,-0.12744004619763905,Ibias,0.6734678186658557,0.3123383804415946,-24.941259825404583,0.11871301604034447,-0.04171452978513954,0.6974583087240727,0.3935627194902743,0.26535025126882716,0.0988906711171914,-0.5668907794319201,W1,0.029724434583585594,0.01748117861159783,7.515379664850041,-0.07261140498366754,0.0026086791769370328,0.011624305145408869,0.22967195844540364,-0.2569108805614205,-0.09964153400069875,-0.025058155246602716,W2,0.2329901408237985,0.039348155161953016,7.573111747849025,0.013727496171611753,-0.10043101488953145,0.0911802432503466,0.2942232723475063,0.00045831788485982026,0.0,0.47733786423878366,Alo,0.0,0.22067246664368467,5.569509890592074,0.07079059276161066,-0.29121148583487205,0.0,0.0,0.0,0.0,0.0,
32,Rd,-0.0620157816383037,0.4679223401052017,-5.941920619820748,-0.07196122993413455,0.09711329614127207,-0.02427665678068359,-0.07824439448138283,-0.0001265908113419115,0.0,-0.12687734402983292,Ibias,0.6749039702847817,0.3139368376063369,-22.70670939883375,0.11882477453961589,-0.042850840705019176,0.6974144011825332,0.39636545804149864,0.2649387442887704,0.09885559773629256,-0.5663585138023622,W1,0.02952640270221735,0.01755575363382084,6.815411939867858,0.005758255395023182,0.0026849072270609467,0.011531411970814863,0.22849758784615454,-0.2564729837802279,-0.0996068109456247,-0.02482672013585566,W2,0.23218019581136898,0.03930167673444169,6.851844777827381,0.013700329075798363,-0.0999382605209081,0.0909025926120721,0.2931610664911813,0.0004588916911171742,0.0,0.47711202554441035,Alo,0.0,0.2209275900788262,4.947456983576471,-0.00763936856424439,-0.29101791425822815,0.0,0.0,0.0,0.0,0.0,
33,Rd,-0.06292559743271874,0.4637784316000855,-6.480166338947379,-0.07181117091599894,0.09811493199364317,-0.024592344927137334,-0.07940921930669496,-0.0001264489668558684,0.0,-0.12829447541815525,Ibias,0.6728541787677482,0.3105531598030755,-24.853640199415768,0.1188882650575315,-0.04145325192774862,0.6972534516632721,0.3929341785609058,0.26530573858604,0.09887537380148027,-0.5676134393256429,W1,0.029729169327182416,0.017301716065912204,7.467887655723064,-0.07259167275437083,0.00282012752454912,0.011691442670268667,0.22963480369545025,-0.2568810761692212,-0.09966686386269921,-0.025125376797299582,W2,0.23306158263541105,0.038938575347937064,7.5561670859887755,0.013721473241367264,-0.10033091387580273,0.09124700658751524,0.29430086411779743,0.00045837750485526484,0.0,0.47729879691626403,Alo,0.0,0.21942307527477084,5.424980126596877,0.07104672176010508,-0.29064623454410343,0.0,0.0,0.0,0.0,0.0,
34,Rd,-0.06247327312052815,0.4651407390093902,-5.9252624508335066,-0.0719916679867476,0.09768542702878227,-0.024411296630972128,-0.07880148456148897,-0.00011078119417187805,0.0,-0.1277299234302626,Ibias,0.6743185227224522,0.3119298810224864,-22.63612605715097,0.04054103526038162,-0.04258695533339518,0.6972055134464435,0.39575152005121333,0.26489366113171336,0.09886055545054084,-0.5670968981896252,W1,0.029530940465694645,0.01717081434123361,6.775289158741326,-0.07266304317114233,0.002893120284991918,0.011598737625772536,0.22849435608370483,-0.2564426386054771,-0.0996118063340211,-0.024893690131789162,W2,0.23228479542502026,0.03889152762314688,6.842211203678178,-0.06474489336001418,-0.0998412070881299,0.09090173441588044,0.2932725941191479,0.0004589506615378336,0.0,0.47707359363547025,Alo,0.0,0.21987796496775475,4.814208097930531,-0.007369035711541783,-0.2904624341313378,0.0,0.0,0.0,0.0,0.0,
35,Rd,-0.06201645840020135,0.4662894293118028,-5.460109853612625,0.006245008884969885,0.09729861654936224,-0.024228445819644416,-0.07820808118380147,-0.00012676492427146594,0.0,-0.127150522901537,Ibias,0.6757476563105225,0.3132970707101582,-20.788211081362856,0.11914715672253127,-0.02355142832971566,0.6971430737099743,0.3985291652735647,0.26444747764738696,0.09880497575682559,-0.566530647494441,W1,0.02936529457990791,0.016833711569840072,6.205795226923295,-0.07243822157037075,0.02313286679805807,0.01150512790318985,0.22732976804803134,-0.2560176101832795,-0.09957688962992543,-0.02464620898456479,W2,0.23149813500978028,0.038638803198699875,6.250833116999603,0.013670029032636772,-0.09942417496047488,0.09061980154330514,0.29220291217362143,0.0004595228504868129,0.0,0.4768642847534026,Alo,0.0,0.22029688472208567,4.308496517894442,0.07113168543538863,-0.29038718580952133,0.0,0.0,0.0,0.0,0.0,
36,Rd,-0.061555126208845144,0.46766861678632826,-5.071821643818516,0.006085347275361179,0.09687411196878293,-0.024111688055882062,-0.07761143074893286,-0.00012692251919548398,0.0,-0.12660605113273443,Ibias,0.6771758244238013,0.3146928173268518,-19.23581322363108,0.11923530925208321,-0.02450639188428146,0.6970655056832225,0.4013376860425472,0.26403057055797435,0.09876958701508887,-0.5660142482363693,W1,0.02916317316153702,0.016905519887995595,5.718458113620801,0.005627429061394355,0.023362782553434047,0.011410601671511167,0.22617631872143848,-0.2555902230314196,-0.09954185950615302,-0.02443274670982433,W2,0.23073624860910066,0.03858991775297781,5.745915464763833,0.013593541272496727,-0.09894045999486333,0.09026600965146725,0.29116239009916245,0.0004600941320863817,0.0,0.47663747058414574,Alo,0.0,0.22094234335528384,3.878075238007559,0.07114446586699535,-0.29020825139185896,0.0,0.0,0.0,0.0,0.0,
37,Rd,-0.06158011663426685,0.46742470017491694,-5.076977338574502,-0.07205388603837348,0.09690516636203382,-0.02410833129599552,-0.07765272765386642,-0.00012692235810242964,0.0,-0.12666127929383805,Ibias,0.6771035823382232,0.3145287251408341,-19.25950313854479,0.11926901510351622,-0.02448200443505583,0.6971042838127918,0.40129428294627323,0.26403023544414805,0.0987696070879969,-0.5660554070574554,W1,0.02915856706469291,0.016690705165304902,5.721308281723253,0.005673407407409319,0.02338429244565127,0.011409013120370282,0.22617729041906964,-0.2555898986302814,-0.09954187973600971,-0.024450384368331985,W2,0.2307345181893779,0.038569304393562105,5.753252878046559,0.013621527916668553,-0.09894610086183206,0.09025344307717385,0.2911711716815732,0.00046009354812405966,0.0,0.4766250181305835,Alo,0.0,0.22082710640533645,3.8771552475221758,0.07117355542835718,-0.29018938111589393,0.0,0.0,0.0,0.0,0.0,
38,Rd,-0.06111447151660212,0.46842056027998913,-4.744033132551112,0.005938078187652541,0.09648193228754463,-0.023922107980710358,-0.07707077109643842,-0.00011119475428387869,0.0,-0.12608529560226894,Ibias,0.6785657541539845,0.3157465544285832,-17.92778054725343,0.11935576228395474,-0.04554393817725945,0.6970125308227164,0.40408017135200475,0.2636109924592452,0.09873408507601171,-0.5655060345074293,W1,0.02902414753326094,0.016555525019918395,5.305070020004232,-0.0726313734021436,0.023613689510666017,0.011313589529345247,0.22503529156164415,-0.2551443061693553,-0.09950671589002152,-0.024204538441943518,W2,0.2299632337569434,0.0385198177449681,5.323800457425947,0.013553106749979752,-0.09846285404943775,0.08996348300439415,0.29012477051388164,0.00046066398200171913,0.0,0.4764141414726382,Alo,0.0,0.22127018612445537,3.5084673943938514,-0.00708718744290267,-0.29001339245929736,0.0,0.0,0.0,0.0,0.0,
39,Rd,-0.06223705797030635,0.4637373252266454,-5.170462230921812,-0.07200468833734606,0.09773706895004558,-0.024359742505997074,-0.07850052144877946,-0.0001268963469389348,0.0,-0.12781821822167322,Ibias,0.6759693838080256,0.31190395051561265,-19.6280665131232,0.04128743649055179,-0.02378241582047653,0.6967972027687312,0.39961809983071833,0.26410302206822645,0.09876220073884417,-0.5671051456337481,W1,0.02927986450777229,0.01666630753515497,5.8200438838831206,-0.07245579005709908,0.02360216310097487,0.011399545239564135,0.2265098473461364,-0.25564855295337313,-0.09955473691761293,-0.02460405239700037,W2,0.23111665562891093,0.03824183796992258,5.894421433793046,0.013630065790563708,-0.098997665283029,0.09038210868515445,0.29164669490679385,0.0004599992576563902,0.0,0.4767076656730939,Alo,0.0,0.21946331186999676,3.8665094677158818,-0.0066851968045879276,-0.2896007025484399,0.0,0.0,0.0,0.0,0.0,
40,Rd,-0.061808657112026495,0.46509949854818927,-4.822257946293277,0.005951915885741118,0.09731237538609797,-0.024174558014181054,-0.0779203725129617,-0.00011117181443662994,0.0,-0.1272561454113471,Ibias,0.6773880601692631,0.3132847953504042,-18.24353760080728,0.19785767859091233,-0.04484626470256369,0.6967720495803076,0.4024140941645868,0.2636836621901444,0.09874696866933282,-0.5665549640501316,W1,0.02907618517665217,0.016533193249576132,5.391413498259251,0.005620952151592871,0.023828406815288444,0.011372256868643559,0.22534976327539846,-0.2552187226040881,-0.09949921034953889,-0.024374191393233043,W2,0.23034606580062833,0.03819246877455776,5.446488122746021,0.0918014045937402,-0.09851764073569877,0.09009278944437486,0.29059986797368415,0.00046056894558300476,0.0,0.4764814736261741,Alo,0.0,0.2198991196032658,3.490572813446659,0.14975774817176515,-0.2894360856043018,0.0,0.0,0.0,0.0,0.0,
41,Rd,-0.06134103026367156,0.46608384801495883,-4.527997880802472,-0.07241437112666242,0.09688654373866808,-0.02398753468282673,-0.0773192529031581,-0.00011130909997177272,0.0,-0.12669584480296123,Ibias,0.6788057827639683,0.31428764165459727,-17.051805646261542,0.041403801250413916,-0.045946793941309676,0.6966636141218873,0.405205546277608,0.2632619227152219,0.09871128180656623,-0.5660051283620172,W1,0.028905431355022285,0.016398826434742143,5.012989784821877,-0.07260798526955557,0.0240518578130318,0.011276191517562664,0.2242187170590501,-0.25478652981795447,-0.09946387142677918,-0.024145142071829415,W2,0.2295657474483098,0.03814241968991098,5.054798467517335,0.013533226482959388,-0.09804041309318116,0.08973114825800257,0.2895646940294266,0.0004611376998515334,0.0,0.47625465848267656,Alo,0.0,0.2205411577152244,3.161098455235605,-0.006712770264054898,-0.28927406366454067,0.0,0.0,0.0,0.0,0.0,
42,Rd,-0.0609039251106256,0.46705216865770044,-4.268456390374132,-0.0726187312304927,0.09646405634253798,-0.023798697312797927,-0.07673265163394527,-0.00012736701649534193,0.0,-0.12613729058684484,Ibias,0.6802224677246139,0.31568432570032434,-16.011593172680115,0.11973222075385878,-0.04704281576970309,0.696677715571972,0.4079744167417668,0.26283775941674936,0.09865509178708722,-0.565455548406704,W1,0.028732900153000125,0.01605805513266913,4.689407529281966,-0.15060339257885458,0.024272508308864984,0.01124779930635464,0.22308118874609434,-0.254367852819776,-0.09944872804527563,-0.02393340373605487,W2,0.22877563113271132,0.03809164778403087,4.716170347252634,-0.06477611287436716,-0.09756602599499399,0.08950230545593636,0.28850549516015694,0.0004617054347983763,0.0,0.47602714741227276,Alo,0.0,0.22077701296589566,2.8764540650912704,-0.006725230314225155,-0.2891145937001327,0.0,0.0,0.0,0.0,0.0,
43,Rd,-0.060462494062035084,0.468437898680548,-4.0440818164254635,-0.07249962783555718,0.09604273376834371,-0.02367683325107551,-0.07616069961265838,-0.0001275233889843143,0.0,-0.12558049886248338,Ibias,0.6816028159957591,0.31709243874872106,-15.099613954219619,0.11988498286468975,-0.04812979915746958,0.6965393968051449,0.41073846194013053,0.2624112536840157,0.09863950771861757,-0.5649063211981165,W1,0.02855858048008996,0.016126664812915477,4.400956772430548,-0.07252913759943574,0.024490411107236643,0.011150136589175422,0.22193717842043828,-0.25393094831652563,-0.09939279188488884,-0.023705934391072155,W2,0.22801086141623217,0.03804056756217232,4.417061267852805,0.013426714446137175,-0.09709436881005229,0.08913226470974303,0.28745791178055174,0.00046227228507090444,0.0,0.4757825511802729,Alo,0.0,0.22142572127054538,2.6236436832374523,0.07157897586237003,-0.288957631509894,0.0,0.0,0.0,0.0,0.0,
44,Rd,-0.06083721283324042,0.4664913162098209,-4.116040629185864,-0.07241942036128873,0.09647456616007849,-0.023772095682002198,-0.07665094129069672,-0.00011153617015191458,0.0,-0.12625342547734067,Ibias,0.6809480061490873,0.3153602311400168,-15.403678210573752,0.19821603693355702,-0.047635108232536236,0.6966048500571529,0.40953706973790577,0.2625561445196516,0.09864458352484856,-0.5654366327495879,W1,0.02860860268414848,0.016014606023798398,4.4943536578391,-0.0724663973037701,0.024553606976443192,0.011198993052504689,0.22234665080202173,-0.254079395588681,-0.09941810687894317,-0.02380646988629527,W2,0.2282713445129406,0.03777720935451369,4.527283167253523,0.013387331116068582,-0.09717318105149092,0.08924841702576351,0.2877668811512316,0.0004620784191691997,0.0,0.47575020880120883,Alo,0.0,0.22053952128475723,2.676762823276042,0.07165815456722548,-0.28872701204940504,0.0,0.0,0.0,0.0,0.0,
45,Rd,-0.06035897184436205,0.46767063989651175,-3.9085777040385916,0.005420161474633589,0.09605426951039114,-0.0236496922092562,-0.07606027467979722,-0.00012762614727853975,0.0,-0.12568015043443553,Ibias,0.6823632918675663,0.3167655773952523,-14.560862433506811,0.19819684401919122,-0.04871651274919191,0.6965282527635147,0.4123079093198348,0.2621281532432689,0.09860854424095965,-0.564869584218858,W1,0.02843327370341998,0.015877461177572955,4.227328125436102,0.00546379266767019,0.02476948467133102,0.011100875934968961,0.22119953264729617,-0.2536569677176143,-0.09938242377031835,-0.023579425971791402,W2,0.22750146664187312,0.03772523658424895,4.248618951122584,0.013408813459102595,-0.09670368111854236,0.08887595701961737,0.2867162672502808,0.00046264478388747404,0.0,0.4755211661959604,Alo,0.0,0.2211871031025772,2.4422118994504673,0.1498423316989498,-0.2885786832590252,0.0,0.0,0.0,0.0,0.0,
46,Rd,-0.059946922364663015,0.468854819159312,-3.7256707707694425,0.005228592823748201,0.09563504484525771,-0.0234567499738914,-0.0754842947440902,-0.00011180936950503021,0.0,-0.1251251210153278,Ibias,0.6837419201781738,0.3181788736763995,-13.808673322488408,0.19832197476121619,-0.049791321221907554,0.6965063281329451,0.4150559402155842,0.2617137884592176,0.0985927861213054,-0.5643029640645072,W1,0.02825613942528103,0.015532731541860235,3.989235358120606,0.005387347383450739,0.02498265474753587,0.01100183848332459,0.2200817656792367,-0.2532162763774338,-0.0993466470608443,-0.023353185730911663,W2,0.22672188062665877,0.037672523692072794,4.000918296524056,0.09142110797110138,-0.09623691303028273,0.08856825948839174,0.28565941974366044,0.0004632102450606014,0.0,0.47527510200595197,Alo,0.0,0.22163207157075038,2.233042505046441,0.14989140814726837,-0.28842953409387206,0.0,0.0,0.0,0.0,0.0,
47,Rd,-0.060615966958827316,0.4657939947912506,-3.853865878080331,-0.15022370472147473,0.09641771043155717,-0.02366486684890486,-0.07638282462789699,-0.00011171312069152125,0.0,-0.1262379654757632,Ibias,0.6822738366023694,0.315410001347385,-14.35440008291217,0.12017907215241368,-0.04873782222010678,0.6964232244105532,0.4124672529906562,0.2620151451073641,0.09860177348763961,-0.5653065096304984,W1,0.028419250670841337,0.015556045925600564,4.157184240526897,-0.07252183547475735,0.025012287343954432,0.01110799872498512,0.22092814176079056,-0.2535249479337011,-0.0993553916696233,-0.023579119463863638,W2,0.22735400536682637,0.0374401579483696,4.195162216167099,-0.06460186447989265,-0.09650971167505284,0.08886398979996152,0.28651170654095903,0.0004628115000678458,0.0,0.47539980429165984,Alo,0.0,0.22034759370262286,2.333353873244612,-0.006037315884779282,-0.2881342372783059,0.0,0.0,0.0,0.0,0.0,
48,Rd,-0.06020416262706526,0.46676464951766294,-3.676172653067644,0.005136046396206636,0.09599941698742494,-0.023540946013688075,-0.07580717040309783,-0.0001278279537996618,0.0,-0.1256817822015106,Ibias,0.6836485636045139,0.31660778543065077,-13.622238150071206,0.1984048615036505,-0.049808290686626816,0.6963273354695528,0.4152157308317513,0.26158392895835453,0.09856555230740212,-0.564755103636149,W1,0.028241740796813575,0.015417543560300638,3.9251785496133045,0.00536067502118371,0.025220789267861973,0.011008854165224888,0.21979051939941116,-0.25311532701904377,-0.09933989404559204,-0.02336928996116389,W2,0.22657175740876398,0.037182445515674796,3.9522104207739037,0.09137002284918028,-0.09604778919867497,0.0885554998573786,0.28545295951409255,0.0004473978383099036,0.0,0.47515366580896723,Alo,0.0,0.22058468241187598,2.1317447865234227,0.15003690893566865,-0.28799189432732414,0.0,0.0,0.0,0.0,0.0,
49,Rd,-0.05975268789285664,0.46794507681752534,-3.517629798712972,-0.07304575464952356,0.09558561912452054,-0.023346189950448612,-0.07521032970134132,-0.0001279835157224148,0.0,-0.1251273975238759,Ibias,0.685057453276422,0.3180182368465935,-12.96652321534576,0.04233834439733221,-0.05086876446280827,0.6962862187301744,0.41799517847422063,0.2611663617726096,0.09852921749085537,-0.5641878635275397,W1,0.028062423063974554,0.015072351150328971,3.715464105219322,-0.0726881133125507,0.025433107546638033,0.010978267893349297,0.2186824043111472,-0.2526714559164705,-0.09930391442127245,-0.02314381520876379,W2,0.22581536632845117,0.03712810643827695,3.7346708520877234,0.013281733308428915,-0.09558207538576229,0.08824303939599355,0.28440593560354704,0.00046394024449652885,0.0,0.47490715429090535,Alo,0.0,0.2212323799339853,1.9489393879960615,-0.006047628779840345,-0.28784854258885734,0.0,0.0,0.0,0.0,0.0,
50,Rd,-0.05929682039098264,0.46913299647704215,-3.3759107539748965,-0.07290921008510802,0.09516637039825922,-0.02314958466716242,-0.07462822600133535,-0.00012813879995845706,0.0,-0.12457480565757267,Ibias,0.6864651169764528,0.319233180416289,-12.375273452580954,0.19867700327489585,-0.051925922355855594,0.6962307316314587,0.4207335440249711,0.26073042319439504,0.0984927488818367,-0.5636048856880873,W1,0.02788128640898355,0.014930740328181421,3.524938636956677,-0.07249135394978545,0.025639554788419002,0.010947243351641146,0.21756789950330988,-0.25225724504784086,-0.09926780054004916,-0.0229355059135759,W2,0.22504946161627667,0.03707316402394578,3.536570126285319,0.09134528089367483,-0.09512231543189101,0.08792658513643242,0.28335263560364554,0.00046450314981189613,0.0,0.47466027395333515,Alo,0.0,0.22167861514263745,1.7822313765957059,0.07204181361726217,-0.2877107435216878,0.0,0.0,0.0,0.0,0.0,
51,Rd,-0.06003366440219231,0.4658536106346715,-3.483319276805569,-0.07273765535077664,0.09601774257112464,-0.023425259519899898,-0.07559772717000675,-0.00011201500104549932,0.0,-0.12577805910618284,Ibias,0.6848179239810891,0.31637229512819565,-12.852508357246773,0.1205843665323879,-0.050762029855089603,0.696154225791693,0.4178584233569922,0.26107496315905643,0.09851879278594854,-0.5647061060886828,W1,0.028077392539035104,0.01494696348558923,3.674394481793457,0.005319178492046966,0.025661721220058737,0.01098276262356203,0.2185094858219971,-0.2525778252223528,-0.09929356806032964,-0.023165328143514675,W2,0.2257578938752979,0.03701721171828878,3.7116947106206464,0.013264725019426389,-0.09543380255796265,0.08820965676780698,0.2843108424392474,0.00046406214720277336,0.0,0.4748154520116167,Alo,0.0,0.22039882221928592,1.8684996856755114,0.07224368753528854,-0.28741161132692655,0.0,0.0,0.0,0.0,0.0,
52,Rd,-0.05961393458754524,0.46682662029567257,-3.343589346860439,-0.07292300458358053,0.09560253530755344,-0.023298478623283447,-0.07503419508312892,-0.0001281722635214126,0.0,-0.12520772504828087,Ibias,0.6861853189702796,0.31777849987874845,-12.270016033398008,0.12066951687236219,-0.051815324196074784,0.6960943658140171,0.4205959116113053,0.26063829787233783,0.098482255447621,-0.5641383607540233,W1,0.027860316943245065,0.014806167776201628,3.4882437924666028,-0.07249355213012941,0.02586691140824291,0.01088192414741899,0.21739334528295548,-0.25216290694693716,-0.09927778319462045,-0.022956931291521626,W2,0.22498991849429242,0.03675823525764314,3.5165881393470673,0.013200580654006885,-0.09497536723594562,0.08789246426753884,0.28325589188143285,0.0004486029223249441,0.0,0.4745686944034889,Alo,0.0,0.22084097023150923,1.7071540574315416,0.07223742121161153,-0.28728070713422704,0.0,0.0,0.0,0.0,0.0,
53,Rd,-0.05919005348975018,0.4682130441281777,-3.2186380598563136,-0.07314291881982865,0.09518846176950262,-0.02310033033471971,-0.07444942181779012,-0.0001122862490856283,0.0,-0.12465557629972905,Ibias,0.6875869387520865,0.31899019685279517,-11.741181729379141,0.04294870413759613,-0.05286546295110197,0.695949952084331,0.4233462381411294,0.2602314027103002,0.09844560431398464,-0.5635712409966425,W1,0.027676996543953197,0.01466417863992763,3.3169889472444423,-0.07255388477307302,0.02606953045812372,0.010780154156214207,0.21628887461725094,-0.25172972956498474,-0.09924149539362631,-0.022749275224088254,W2,0.22417650179971046,0.03670242203340212,3.3377710998778376,0.013159793560748773,-0.09451963175307301,0.08757125226891375,0.2821946234231352,0.00046518588908334233,0.0,0.47430524072750846,Alo,0.0,0.2212857474503772,1.5585842608030207,0.0723021873435876,-0.28715202693890024,0.0,0.0,0.0,0.0,0.0,
54,Rd,-0.05876201778622014,0.46940389520693265,-3.104109377885614,-0.07301008218857527,0.09477542641381312,-0.022970580797431753,-0.07387954349665755,-0.00011242151773200438,0.0,-0.12410521266341845,Ibias,0.6889513732607929,0.3204151565156781,-11.258443637674661,0.1988192490245817,-0.053906096867924774,0.6959313270954488,0.4260731815805199,0.2598061274866412,0.09840881922687468,-0.562972148697399,W1,0.027527828295425657,0.01472709607291907,3.160756166500271,0.005185385847833031,0.02626961314824042,0.010747702941929543,0.21519617459672505,-0.2512942125723855,-0.0992050731583787,-0.022542357382914456,W2,0.22342521030900467,0.03685197593950408,3.1754411038073482,0.0909934074415212,-0.09406653740945904,0.08724605917558959,0.2811451456276279,0.0004657462877612033,0.0,0.474057788954963,Alo,0.0,0.22193844355308265,1.4226226859519928,0.15025507014262685,-0.28702553646225754,0.0,0.0,0.0,0.0,0.0,
55,Rd,-0.0592334332164565,0.4667753003276552,-3.1546505469021384,-0.1506008171346396,0.09535199438868866,-0.023129733272117228,-0.07450993819099061,-0.00011235304022477742,0.0,-0.12496248432664614,Ibias,0.6879694025213341,0.31826676059609976,-11.498801575954738,0.12090463556506567,-0.05317476889554672,0.6959246110875625,0.42430629037427564,0.2600170359309765,0.09842716573444346,-0.5637265421981338,W1,0.027642268834334693,0.014391749242430989,3.2364759972108095,-0.07256903276452223,0.02631386972885632,0.01079387552698804,0.21577628830364015,-0.25151030574312255,-0.09922323779243693,-0.022684844353403188,W2,0.22386647850777158,0.03652579909240006,3.2674527084825313,-0.06464611296924204,-0.09422884635031639,0.08740235572829294,0.2816993773085166,0.0004654625951851144,0.0,0.4740969269543101,Alo,0.0,0.22083613349153097,1.4606204178458269,-0.005338390846971134,-0.2867873942218859,0.0,0.0,0.0,0.0,0.0,
56,Rd,-0.05880453832671484,0.468163122315559,-3.0451782520522253,-0.07339921806963356,0.09493995653026152,-0.022929391541158407,-0.07395780699847175,-0.00012855792080627174,0.0,-0.1243953501516529,Ibias,0.6893318766718988,0.3196853194595049,-11.034619437314905,0.04317171735081739,-0.054210766972762885,0.6958296641617855,0.42701915528995377,0.2595905815896085,0.09841074508920979,-0.5631263644681155,W1,0.027456530762851247,0.014453417460278804,3.0868396108527856,-0.07265402966339256,0.02651229936275421,0.010691004644957222,0.21466289806354266,-0.2510896890762464,-0.09918675843501659,-0.022461855160288934,W2,0.22307530439997125,0.03646931019326142,3.1110894302377905,0.013070675752127375,-0.09377747585136276,0.0870754194109252,0.2806473560265623,0.00046602246292552264,0.0,0.47384904167367264,Alo,0.0,0.22148614869822744,1.3308612937432587,-0.005344893513329115,-0.2866665039462114,0.0,0.0,0.0,0.0,0.0,
57,Rd,-0.058371458020656075,0.4691486502050663,-2.9470674885945822,-0.15105152759117607,0.09452879229964417,-0.022797773864438414,-0.0733843649056729,-0.0001126230849728119,0.0,-0.12384631741723703,Ibias,0.6906927541997333,0.32090703974870255,-10.609227998342433,0.121068809696231,-0.05524046534612885,0.6957908815962753,0.4297446679339185,0.2591778965289817,0.09837377827020766,-0.5625432031489237,W1,0.02726894631198786,0.014309411786607612,2.9470543127716438,-0.07273177430266992,0.026708237944724485,0.01065778282827329,0.21356124853936728,-0.25066680910806144,-0.09915014453692957,-0.02227217837511036,W2,0.22231062729425716,0.03641189380797629,2.9652382008112204,0.013036617053015336,-0.0933287957898808,0.08681505217726512,0.2795889674346327,0.0004665813519983236,0.0,0.47358454616454054,Alo,0.0,0.22193387661447025,1.2095623779760643,0.07249941063684398,-0.286547689664063,0.0,0.0,0.0,0.0,0.0,
58,Rd,-0.05859506941637824,0.46822618438685426,-2.955886682858704,-0.15096481739588644,0.09475739890484829,-0.02284586095050515,-0.07364012717476084,-0.00012869244773120023,0.0,-0.12420762349901704,Ibias,0.690424763677999,0.3201284209480374,-10.665591862860754,0.04330124630247547,-0.055018341519879686,0.6958115921590642,0.4292520851816864,0.25921876284411605,0.09836833189373514,-0.5628208757922171,W1,0.02731064887716603,0.014049591517869966,2.966957949058086,-0.15015866778335238,0.026785486760019784,0.010647299393582272,0.21371645603976916,-0.25072506129378985,-0.09914465517763131,-0.02231118871964802,W2,0.22238671228557316,0.036273969350639125,2.991475525441143,-0.0647578257588228,-0.09334889543615575,0.08680016922859551,0.2796796727234717,0.0004665101230283914,0.0,0.47354359731491413,Alo,0.0,0.22152071661562736,1.2155971099362912,-0.005227138667020153,-0.28641789647949606,0.0,0.0,0.0,0.0,0.0,
59,Rd,-0.05812319724720316,0.4694189556615652,-2.8642235673712535,0.004099678469080871,0.09434729684778569,-0.02271331410604419,-0.0730831495463163,-0.00012884644901525863,0.0,-0.12364315915575658,Ibias,0.6918219609961836,0.32155864426351904,-10.26796681116048,0.19920091753882035,-0.05604244433953641,0.6957632947183234,0.43195114317585476,0.2588041986548189,0.09835170955587723,-0.5622209284793037,W1,0.0271580004604925,0.014109978978525626,2.836494227060699,-0.0724943531452859,0.0049826073737836265,0.010613698180383562,0.21261050019004876,-0.2503003330197448,-0.09910794672411555,-0.02208956938972774,W2,0.22161508519962914,0.03621594796472254,2.8553039035228087,0.012999471350457956,-0.09290245557749766,0.08646626117621534,0.27863520729204905,0.0004670683776831064,0.0,0.4732945870492112,Alo,0.0,0.22196973139786333,1.1025920497108255,0.15055826280128168,-0.2863028504358788,0.0,0.0,0.0,0.0,0.0,
60,Rd,-0.058370288509273206,0.46812882627356134,-2.8755461137228617,-0.07335577684961313,0.09462091444201241,-0.02282759722224586,-0.073363307779757,-0.00012881732013201344,0.0,-0.12407604585455899,Ibias,0.6914634177252365,0.320526924000705,-10.337463920265762,0.12130291479160009,-0.055765690289302075,0.6957823363869081,0.43134418631765614,0.25887450697184217,0.09834350864378842,-0.5625635845085891,W1,0.027193602152901324,0.014044881587057297,2.860095124063531,0.005049516165149103,0.005064482375053784,0.010601051341594368,0.21282099863001425,-0.2503725638430623,-0.09912011989242976,-0.022129763216405356,W2,0.22171295070860175,0.03625475919150343,2.887088348042346,0.01300774774240932,-0.09292493270601186,0.08650457894744683,0.27876963884921485,0.000466962785481342,0.0,0.4732327281500574,Alo,0.0,0.2215871263594545,1.1100271638141723,0.07270262344495115,-0.28614717560947295,0.0,0.0,0.0,0.0,0.0,
61,Rd,-0.05793222656372047,0.46932068932623733,-2.790164014065814,-0.07356372089204118,0.09421173298651314,-0.022623487719147756,-0.07280480986637096,-0.00011284978596885339,0.0,-0.1235121861738006,Ibias,0.6928243632270547,0.32175329099929145,-9.963170342957644,0.12136017892068235,-0.05678448787385785,0.6957254373815135,0.43403429424358764,0.258458252672603,0.09832680854161374,-0.5619626219261622,W1,0.027003540989218717,0.013899304319106721,2.736018984793496,0.004986106697412846,0.005096126840519621,0.01056708360548437,0.2117293918643159,-0.2499461545306966,-0.09908332588743098,-0.021924952491892625,W2,0.2209347586454028,0.035990946498155214,2.757642139027671,0.01294870915750677,-0.09248063471929602,0.08623874942464929,0.2777030429524713,0.0004675205418853466,0.0,0.47296643634933433,Alo,0.0,0.22203616851708283,1.002550735464826,0.07271740400405767,-0.2860360557395779,0.0,0.0,0.0,0.0,0.0,
62,Rd,-0.05802128876289947,0.4689961035957772,-2.7913459713790667,0.003983175964885735,0.09428495226325705,-0.02261671893090465,-0.07287187112908243,-0.0001289708097134444,0.0,-0.1236369388083851,Ibias,0.6927313167453726,0.32159564159885895,-9.973728044561893,0.12140967803837945,-0.056724030862746994,0.6957299776456025,0.433944597658162,0.2584575026672752,0.09832684875024435,-0.562062696520173,W1,0.02699425018838594,0.013883104759424537,2.7397058403195738,-0.07256266393083334,0.005144343980041702,0.01056392200848535,0.21173195129361724,-0.24996155057736005,-0.09908336640542306,-0.02194316622710008,W2,0.22093140699264144,0.03594951639038577,2.7632686450802453,0.012967788768568664,-0.09248920914645255,0.0862129473980491,0.2777384193797062,0.00046751918521403265,0.0,0.47296112494218695,Alo,0.0,0.22199108454600255,1.0027552459176559,0.07274406728342332,-0.28599750846314376,0.0,0.0,0.0,0.0,0.0,
63,Rd,-0.05757959312123119,0.47019338245859854,-2.7123958214136468,-0.07371993085449728,0.09390744015689252,-0.022481950408801885,-0.07231067007094245,-0.0001291244154086181,0.0,-0.12307460384905988,Ibias,0.6940911814245874,0.3228286513032024,-9.625538761220161,0.12147417197328525,-0.03573817050612204,0.6956598452444995,0.4366466082359917,0.2580390036437399,0.09826912156732948,-0.5614621696423839,W1,0.026838873044472213,0.013736361895642337,2.62394552537621,-0.07264198332146161,0.027186485688541914,0.010458375664860126,0.21065288114084657,-0.24953293277863278,-0.09906689337022852,-0.021739028462755515,W2,0.2202173292331081,0.03588996243069237,2.64261008978586,0.012916271920733783,-0.09212483987008357,0.0858725131121065,0.2766844221398082,0.000451935453941363,0.0,0.47267829521374927,Alo,0.0,0.22244224896058729,0.9019848736535969,0.0727915860280935,-0.26394042827408964,0.0,0.0,0.0,0.0,0.0,
64,Rd,-0.05848365327404616,0.46594083338708603,-2.7841097485416757,-0.15063953742815805,0.09494807426495652,-0.02282184291343145,-0.07349035742606609,-0.0001289662772522266,0.0,-0.1245663132718686,Ibias,0.6919960216585537,0.31919407250912335,-9.992089630314297,0.04401905364141975,-0.05622815721447021,0.695570081839692,0.432926674516594,0.25846454039965394,0.0983256827133076,-0.5629086647801957,W1,0.02706231160816257,0.013522684409584783,2.7436802648852345,-0.07251292743770818,0.005309169979304094,0.010560417994109027,0.21187133107378867,-0.24996888688561036,-0.09908219139710628,-0.02204526888090627,W2,0.2211844501773615,0.035537699444801694,2.7887177730126567,-0.06454459499731562,-0.0924772501519847,0.08632610145515324,0.27798526504639365,0.0004675027550421179,0.0,0.47295942567451904,Alo,0.0,0.22050626435047688,0.9659589854312325,0.07302692942863756,-0.28557419475360396,0.0,0.0,0.0,0.0,0.0,
65,Rd,-0.058079906722139855,0.4671228273649107,-2.70479577189304,-0.07338641063817342,0.07251501875084256,-0.022687767950364784,-0.07293040747667402,-0.0001291197262654135,0.0,-0.12400190528061503,Ibias,0.6933493949371586,0.3204108289129276,-9.641290133282531,0.1216917521299877,-0.05723815561115423,0.6954263166728791,0.4356237215669484,0.2580457729429632,0.09826791548468172,-0.5622909218430219,W1,0.026870615978784478,0.013580533394093808,2.6270550253680813,0.0049642646728037115,0.005337675058456168,0.010454864854863785,0.21077327100567192,-0.24954001097517586,-0.09906567749631863,-0.02184078472693658,W2,0.22039738614897295,0.03547795760955757,2.6661830452024935,0.09051292228557284,-0.11412906953932318,0.08598592931657513,0.27693052316950967,0.00046805900771492375,0.0,0.4727097047235927,Alo,0.0,0.22115474213270114,0.8652268419932554,0.07311432992094669,-0.28547305664943684,0.0,0.0,0.0,0.0,0.0,
66,Rd,-0.05763560101672355,0.46830971688335765,-2.6318965910410994,0.0036556793724054574,0.0941653998084496,-0.022480955419206604,-0.0723673198507096,-0.00012927289331069947,0.0,-0.12343935425655807,Ibias,0.6947011109216311,0.3216341613618758,-9.314373438906726,0.12177418865673373,-0.0360539196946138,0.6953395195213143,0.43833342632371286,0.25762471723573693,0.09825094490558993,-0.5616902675688128,W1,0.02671364364585283,0.013433864270856504,2.5179642126573563,0.00491725812640989,0.027566423068604014,0.010419744416509554,0.20970555328788199,-0.24912502450125643,-0.09902860287401542,-0.021637033034360504,W2,0.21963738241421601,0.035417486839616055,2.5522919151212022,0.090526902136408,-0.09167570388862864,0.08564173493026948,0.2758877889920899,0.00045245512654820387,0.0,0.4724435659640262,Alo,0.0,0.22180615989825764,0.7715332119907203,0.15076504149976774,-0.285476422975296,0.0,0.0,0.0,0.0,0.0,
67,Rd,-0.05718703687038476,0.4695040527747901,-2.565104341605335,0.0035168655585583524,0.09376045738200782,-0.022272273168365823,-0.07180104889887096,-0.00011324757149446744,0.0,-0.12289482138641716,Ibias,0.6960878116684459,0.32307036302470393,-9.009724151853638,0.19955415857958522,-0.03689180097682957,0.6953102900050493,0.44101889773430347,0.257217591295335,0.098213384496295,-0.5610745329674285,W1,0.026555059510141473,0.013285856298462092,2.4152850242005623,-0.07247469887391966,0.02774704993828107,0.010384178808390857,0.208631545980374,-0.24867548876034246,-0.09899139337909733,-0.02143401806069897,W2,0.21890477825790944,0.03535626976742894,2.444731775396155,0.012838052311683838,-0.09124441483308002,0.08536511130766555,0.2748386638527743,0.00046916851044500544,0.0,0.4721612586494021,Alo,0.0,0.22225677631770277,0.6825740097262579,0.07317627314009299,-0.2853808021307508,0.0,0.0,0.0,0.0,0.0,
68,Rd,-0.05677105413526976,0.4704984441446323,-2.502858522964874,0.003367080772304482,0.09336078595192517,-0.022133560226275814,-0.07125005096536148,-0.00011338109052500071,0.0,-0.12233601259932102,Ibias,0.6974360864836947,0.32430934684016677,-8.723874135405628,0.19966395564909784,-0.059854507403217475,0.6951950052890644,0.44371697974317437,0.25679197274836685,0.09819617276627646,-0.5604599061425289,W1,0.02639485374079489,0.013136527337673683,2.3179093432578854,-0.07252303070362814,0.027933793398372705,0.010276295819348335,0.20756973677147084,-0.24827219366008363,-0.09897453208314382,-0.021231736923492665,W2,0.21812618657030908,0.03529420596168597,2.3437029300291035,0.09048545469421325,-0.09080715972013098,0.08508485489583531,0.27378320982033694,0.0004697216607608818,0.0,0.4718950717581208,Alo,0.0,0.2229145407855683,0.5986651286251453,0.0732134033211231,-0.28528273327590387,0.0,0.0,0.0,0.0,0.0,
69,Rd,-0.05778413623546497,0.46608018438117393,-2.560991756025368,0.0035486973585720154,0.09451860677902647,-0.022472649926211702,-0.07252195941750324,-0.00011322949110274939,0.0,-0.12393822886375772,Ibias,0.6950983707002923,0.32046741490342706,-9.053103724198412,0.19945710744625467,-0.03621920166723242,0.6950776308387758,0.4396390827499134,0.25727357943493767,0.09822800607794083,-0.5620578493592552,W1,0.02661594585178667,0.013118926332825038,2.4287970318526115,0.004878273623106713,0.027927171810059024,0.010377497577384365,0.20888237626241002,-0.2487490163187947,-0.09900596861043463,-0.021574133389180065,W2,0.21920525887036105,0.03511050766956064,2.480355819794129,0.09017260160787016,-0.09128890819773046,0.08552489382746507,0.2752228596869431,0.0004690936060115356,0.0,0.472224837350256,Alo,0.0,0.22090608292752156,0.6563745307485979,0.15090649210568163,-0.28496691816000513,0.0,0.0,0.0,0.0,0.0,
70,Rd,-0.05737029596735933,0.4672618580904487,-2.497764555215943,-0.07393036215078337,0.09411969797098763,-0.022334685623139006,-0.07195408366632337,-0.00011336287570649518,0.0,-0.12337702002671694,Ibias,0.6964392832876596,0.3216882541942901,-8.762843430694756,0.12210400080878703,-0.05919314333855729,0.6949606198557343,0.44231195240147597,0.25684788694028066,0.09821076172840731,-0.5614419977310189,W1,0.02645592325275991,0.012971094420648442,2.330533021892067,-0.07244216545418844,0.028113267857564034,0.010341462153472952,0.20782021550072277,-0.248329476566358,-0.09896859242370373,-0.02137138191449392,W2,0.21842717693927768,0.03504908564397411,2.3781022319334206,0.012804882354538406,-0.09085216860790668,0.08517343134739737,0.2741854533965,0.00046964619932337334,0.0,0.47195940920217033,Alo,0.0,0.22155543066172814,0.5726703239096028,0.07351580585402256,-0.2848765722156688,0.0,0.0,0.0,0.0,0.0,
71,Rd,-0.05691546998714917,0.46824266297530615,-2.4394100407776143,-0.07414539434826761,0.09371319480532732,-0.022123272024721724,-0.07140150558978862,-0.00012970971937549454,0.0,-0.1228177134189054,Ibias,0.6978154666587861,0.32291382467683344,-8.490935519627602,0.12216637106761245,-0.06017752218926514,0.6949013424574548,0.4449972621101074,0.25641990149195804,0.09817291013725038,-0.5608112564404942,W1,0.026294281456064737,0.012821932619879834,2.237407273044112,-0.07256443471187388,0.004905779629428636,0.01030497687144443,0.20677032737617804,-0.24790770115788216,-0.09893108122368924,-0.021169366189816782,W2,0.2177136918872379,0.03478205526526277,2.280812923510127,0.012733919361606713,-0.09042225561316675,0.08488994933266625,0.2731417346700799,0.00045398401782548143,0.0,0.4716940157933743,Alo,0.0,0.22200246784709274,0.4933462172225673,0.07353812472417744,-0.2847922752421574,0.0,0.0,0.0,0.0,0.0,
72,Rd,-0.05653056027983997,0.46943581443105026,-2.3852558563582607,-0.07433619632709877,0.09331193850887445,-0.021982281124445453,-0.0708458092228476,-0.00011362891134712846,0.0,-0.12227631750484182,Ibias,0.6991527468358784,0.3241494843340857,-8.234358617543675,0.12224515458755485,-0.061160267763056386,0.6948280898843978,0.44767654113739674,0.2560221699745667,0.09813492393774605,-0.5601976457955676,W1,0.026131000943533926,0.01267149220071973,2.1494486369805603,0.004760647883296924,0.004914946369103849,0.010195729074185146,0.20571427723832297,-0.24746753622002457,-0.09891393524119971,-0.020984131693644156,W2,0.21691700215061382,0.034923763737457494,2.1888230390146295,0.012689377437056643,-0.08999483395923823,0.0845305481397603,0.2720916645761582,0.0004707483470240141,0.0,0.4713963968303311,Alo,0.0,0.22265811631136048,0.41760469327096034,-0.003791724323139851,-0.28470956998088864,0.0,0.0,0.0,0.0,0.0,
73,Rd,-0.05610461834887919,0.4706339308087061,-2.3350325766962574,-0.07453073022674697,0.09291166492302738,-0.021839891105291533,-0.07028696265142233,-0.0001137615382605236,0.0,-0.12170471855362915,Ibias,0.7004881399828841,0.3253917425565418,-7.992207290913862,0.12231062225084796,-0.062133135780808146,0.6947407220369591,0.45033104211343683,0.25558967318260417,0.09809682318472926,-0.559569291888458,W1,0.025966081666129865,0.012519719410483052,2.0652053244140114,-0.07270321981104488,0.004922479963398093,0.010158088886182672,0.204651989375723,-0.2470575578127943,-0.09887618326857164,-0.020783544432399378,W2,0.21618532555022157,0.03485999220467739,2.101163657590395,0.012641420142215467,-0.08956973906770876,0.08423957997754268,0.27105374303636,0.00045504615305337127,0.0,0.4711310638835156,Alo,0.0,0.22311115705646548,0.3455796723356915,0.07360157168686013,-0.2846286502248572,0.0,0.0,0.0,0.0,0.0,
74,Rd,-0.05675436354884507,0.46754891669817583,-2.3588331335847568,-0.07406218819983654,0.09369172721260847,-0.022139324359920123,-0.07115684407895881,-0.0001298998212570745,0.0,-0.1228081301583235,Ibias,0.6990295300976337,0.32274164633618363,-8.164976450502204,0.12245860516040084,-0.06107536958308923,0.6946393894755638,0.44773533512351654,0.2559026478779578,0.09812566851443268,-0.5606241716391802,W1,0.026111464381441265,0.012577587445536692,2.1267948481077705,0.004756985321081059,0.005043745096001627,0.010129102648328836,0.20547558964092805,-0.2473779721079144,-0.09890476910021344,-0.020984471972410174,W2,0.2168402973809866,0.03465947343872933,2.1794000531687576,0.0900999944215044,-0.08984460223090107,0.08443330564711712,0.27192079701601657,0.0004546493743997607,0.0,0.47129165285229363,Alo,0.0,0.22180881183982232,0.3757009201311176,0.15128325839356885,-0.2843879135259922,0.0,0.0,0.0,0.0,0.0,
75,Rd,-0.056328619151049114,0.4687365649672002,-2.309154852757164,0.002824586293176891,0.06982131094649131,-0.02192468218284903,-0.07059832639561858,-0.00011379486362148832,0.0,-0.12226748985965258,Ibias,0.7003984755857847,0.3239732549358865,-7.925729432387646,0.12251892891125558,-0.062045018260540874,0.6945477961701589,0.45038979723996975,0.25550198165627624,0.098108030828441,-0.5600107428735481,W1,0.025983486133886187,0.012426717323442122,2.0439874550547583,0.004732550583327128,0.005049912871429346,0.010163759952320054,0.20443013797175374,-0.2469348540662099,-0.09886696813570586,-0.020799895391593624,W2,0.21610655540616105,0.034595592403555274,2.0924708682373274,0.012623404926430683,-0.08942067144197861,0.08421401103349345,0.2708810916628926,0.00047143586358924035,0.0,0.470994241409552,Alo,0.0,0.2222579367889092,0.30497519174578847,0.15133556152582692,-0.28431284415600455,0.0,0.0,0.0,0.0,0.0,
76,Rd,-0.05589880146833085,0.46993166406506043,-2.262936474781436,-0.15177625014013726,0.09292475289276302,-0.021780985272706367,-0.07005530210673216,-0.00011392711821492736,0.0,-0.12171269757720658,Ibias,0.701728260735352,0.325417669923582,-7.698477150947239,0.04509830117178017,-0.03937004734427041,0.6944419150658034,0.4530379611352509,0.2550828176910599,0.09806973560571154,-0.5593666077615503,W1,0.02581671553758529,0.012274537425622883,1.9639653788898628,-0.07273098263749665,0.02870952357917489,0.010052762433556786,0.20337854141020006,-0.24652200852206393,-0.09884953262455858,-0.020599994018313358,W2,0.21536378932512043,0.03453099840873112,2.009724913050809,-0.06481114291592635,-0.08907944339400549,0.08384586638421924,0.26983504838608535,0.0004719837754763618,0.0,0.4707290558597318,Alo,0.0,0.22291444128343427,0.23742647706253972,-0.0035339075118494038,-0.2843305536139479,0.0,0.0,0.0,0.0,0.0,
77,Rd,-0.05550243977911661,0.47113173858139223,-2.219787725228692,0.0024895441103057613,0.09252756319345301,-0.021635876962032216,-0.06950918996367643,-0.00011405912303174618,0.0,-0.12115980099782638,Ibias,0.7030559387986082,0.3266651169122632,-7.48250083212062,0.20020212214675923,-0.04016054846465855,0.6943216056159561,0.45567966545850824,0.2546614334168518,0.09803132567916094,-0.5587238728227517,W1,0.025648285770714218,0.012327405704574319,1.8875768863127316,0.004657581043305664,0.028880836719749073,0.010013902512820493,0.202339419843174,-0.24609070502876318,-0.09881147026048162,-0.020400820247070055,W2,0.21461193730552533,0.034465588807951544,1.9305191615168047,0.01254470973961441,-0.08866047496080157,0.08354664651216194,0.26878257775895575,0.00047253065257462805,0.0,0.4704320600007518,Alo,0.0,0.22357393871416104,0.17245084321807597,0.15149632301335103,-0.28426033938522016,0.0,0.0,0.0,0.0,0.0,
78,Rd,-0.056221433092560814,0.4675463419012888,-2.240584441619954,-0.07443944003103263,0.09338707074283221,-0.021933100400411014,-0.07041277554477819,-0.0001302272188227897,0.0,-0.12235486398178676,Ibias,0.7014203959530982,0.323658949613649,-7.654375597218815,0.12274470825218026,-0.039093717103521185,0.6942809987211642,0.452805440827811,0.2550011728588915,0.09805655922038022,-0.5599078882891019,W1,0.02582742265903506,0.012170188914710486,1.9510772365359703,-0.07242826666022317,0.02889631202068321,0.010055707160320844,0.203273755731656,-0.24645501162359792,-0.09883641465158952,-0.020637784327468604,W2,0.21530338425328782,0.0342322439950694,2.011291735742866,0.012574564456106297,-0.08897717107955305,0.08379755966931605,0.2697881815840187,0.000455795265879764,0.0,0.47065347064341356,Alo,0.0,0.2220311290750705,0.20357449522954632,0.07418668994990252,-0.2840123660532197,0.0,0.0,0.0,0.0,0.0,
79,Rd,-0.05578820468298104,0.4687332078380699,-2.1976725206187098,0.00246503685821364,0.09299040636412713,-0.021788372028412502,-0.06986716635903127,-0.00011408070428340196,0.0,-0.12181654673960346,Ibias,0.7027435399325189,0.3248933230107299,-7.439247129501807,0.12284648594983051,-0.03988119734069492,0.6941570605292733,0.4554456556498688,0.2545955374561968,0.09803863194325792,-0.5592799011799361,W1,0.025658817372702532,0.012017714994618962,1.875408033366738,-0.07248310683119824,0.029066358579469487,0.00994368656330153,0.20225198184500853,-0.2460231873920703,-0.098798303018012,-0.020454449649163854,W2,0.2145873570028118,0.03416665976794688,1.9323577591132512,0.012561077987621795,-0.08855928508859061,0.08349772099477444,0.2687529571053749,0.00047262006057035536,0.0,0.47035653654593473,Alo,0.0,0.2226845071384079,0.1397048050146768,0.07423186256170235,-0.28394841218290523,0.0,0.0,0.0,0.0,0.0,
80,Rd,-0.05542626948779472,0.4699275640384306,-2.1573927680198084,-0.07484160513075987,0.09259474071352089,-0.021568879188612184,-0.06931845539657247,-0.00011421232004682308,0.0,-0.12124822562115593,Ibias,0.7040644422759942,0.32613613310761513,-7.234462161584283,0.12287582885278306,-0.06429816210099804,0.6940924013718861,0.45807930316296347,0.2541713602491545,0.09800004724378883,-0.5586374937826046,W1,0.02548854297534726,0.012069340068488869,1.8022178797611967,0.004586106547212392,0.02923417894833686,0.00990407717842614,0.20122414479738976,-0.2456054362453824,-0.09878059677119655,-0.02025584841804232,W2,0.21382474439818266,0.034100448411249276,1.855948472006052,0.012468905179584587,-0.08814387550695085,0.08319424829887502,0.26771136222671765,0.0004731653259228233,0.0,0.4700759283545332,Alo,0.0,0.2233420986442601,0.07843803870004656,0.07424162895682328,-0.28388601375272277,0.0,0.0,0.0,0.0,0.0,
81,Rd,-0.05498510142159008,0.4709196598332592,-2.1198057763713867,-0.07501463289642002,0.09220005006430118,-0.021421094551667512,-0.06878541019903228,-0.00011434367952709015,0.0,-0.12071364366396369,Ibias,0.7053835447339437,0.3271785950169701,-7.03873766144246,0.12295874771835734,-0.06524353509300301,0.6940140186709691,0.46070621693027203,0.2537612945011284,0.09798187746264737,-0.5579963921111465,W1,0.02535445144697125,0.011708766476935398,1.7316167474639883,0.004577826389447467,0.029399889054670995,0.009864009175012425,0.20019017032238712,-0.24518551853633594,-0.09874222340772149,-0.020073872487015764,W2,0.21309091954917286,0.03382703995863364,1.7832311122150035,0.01245570003164264,-0.08773083393785694,0.0828871218735261,0.2666633079183849,0.0004737095294839465,0.0,0.46976361026846397,Alo,0.0,0.2237959225514552,0.019418044302552725,0.07430102945321931,-0.283825104651902,0.0,0.0,0.0,0.0,0.0,
82,Rd,-0.055430488732289514,0.46879807215668534,-2.1250819977300375,-0.07488099574168824,0.09272749752877041,-0.021598018271630246,-0.0693456808056737,-0.00011427884822242446,0.0,-0.12147055811963003,Ibias,0.7045109392144974,0.3253951561780996,-7.122848831262334,0.12303835895114498,-0.06457111179486931,0.6940016279322543,0.4590890511146219,0.25396025185751947,0.0980017102017531,-0.5586881307117556,W1,0.025411933867033512,0.011817048378931015,1.7658188854979227,-0.07256020714000078,0.02943245272066167,0.00991745736962576,0.20069897443462772,-0.2453893382405771,-0.09876189118235275,-0.020176087721244313,W2,0.2134526926454916,0.0337551565373027,1.8276910565251465,-0.06469727657473334,-0.08787604859193678,0.0830862539633124,0.2671732373341369,0.0004734409426503232,0.0,0.46983053837986555,Alo,0.0,0.22282917610863887,0.03477780346858574,0.0744679104417273,-0.2836408659130712,0.0,0.0,0.0,0.0,0.0,
83,Rd,-0.05502615826842693,0.46999233556277104,-2.089014206277449,-0.07510684723564494,0.09233354193810389,-0.021376247009166658,-0.06881209105775478,-0.00013075437757406318,0.0,-0.12091982989846466,Ibias,0.7057900630792358,0.3268437701994928,-6.931071665488928,0.12305828849196086,-0.0655126840893041,0.6939172046355613,0.46170147068203793,0.2535327381176055,0.09796294221810087,-0.558062180257003,W1,0.025239270941298592,0.011662494084863098,1.6962127251076415,0.004550434893149147,0.029596869544198216,0.009877300342166747,0.1996623183521636,-0.24498467068365862,-0.0987234602336412,-0.020010261020254525,W2,0.21267685964350888,0.033892508081586246,1.7555570534576002,0.012416559117661667,-0.08746445320605115,0.08277767376308749,0.2661223417637142,0.00045764032150922114,0.0,0.46953386104900907,Alo,0.0,0.22348703093762456,-0.022821966879729066,0.07445098884283403,-0.2835844312815736,0.0,0.0,0.0,0.0,0.0,
84,Rd,-0.05461795576706914,0.4709844413885979,-2.054583787332423,0.0019491519506012632,0.09194052518995643,-0.02122650754429452,-0.0682754441582678,-0.00011454107074277358,0.0,-0.12038688146263953,Ibias,0.7071047462851333,0.32788879138515375,-6.746680174773893,0.2005326307494227,-0.06644900445276392,0.693818352867384,0.4643258446044145,0.2531357663493072,0.09794460279588156,-0.5574060140774638,W1,0.025102960171494746,0.011506430726171465,1.628821568020763,0.004537521758292906,0.029759171007995137,0.009762714271225204,0.19865720557794556,-0.24454518604333803,-0.09870545736304268,-0.019829174045122158,W2,0.2119678742965397,0.03361827423499035,1.6862054238283137,0.012385570361299152,-0.08705532174033159,0.08246535160931319,0.2650837982503105,0.000474527293091803,0.0,0.4692217112640498,Alo,0.0,0.22394122409031808,-0.07830934307279835,0.07456781843889092,-0.2835294746840382,0.0,0.0,0.0,0.0,0.0,
85,Rd,-0.05497183832205002,0.46934009346942707,-2.055037456476695,-0.07488960315470741,0.09235940136223018,-0.021412422453803003,-0.0687211942718811,-0.00013084700043805106,0.0,-0.12098786168362699,Ibias,0.7064336792104762,0.326572145298554,-6.80393378647829,0.20054278178959684,-0.06594263159739401,0.6938363234427654,0.4631333775148267,0.25328708109946113,0.09794883139888942,-0.5579475657880478,W1,0.025170116579780945,0.01163380598371473,1.6543076429663117,0.004556757594413867,0.02979699768309107,0.00974634401345414,0.19902396312564838,-0.244716602570712,-0.09870955909866995,-0.019907988262868194,W2,0.21218066600963126,0.03359825812998521,1.720277230874854,0.08966110242208991,-0.08714499419662483,0.0825485803563868,0.26542807765646514,0.0004579645015445279,0.0,0.469234775985116,Alo,0.0,0.2232977902157882,-0.06701183217828824,0.15193881461281836,-0.28336692746082776,0.0,0.0,0.0,0.0,0.0,
86,Rd,-0.054562254122170195,0.47033080531580723,-2.021917665980709,-0.07537253815581788,0.09196715876112645,-0.02118827710413664,-0.06818361678012493,-0.00013099652990114494,0.0,-0.12045506726516468,Ibias,0.7077471161448367,0.32761599058115276,-6.623869791148727,0.04600269891187175,-0.0668747508803574,0.69373086294817,0.4657450986650893,0.25285605184319054,0.09793044038460876,-0.5573067121613506,W1,0.024994999095067187,0.011272599611570316,1.5880731119435725,-0.0727363476857658,0.02995776022537219,0.009779204817306191,0.19801580008941008,-0.24430852826707833,-0.09869150450859122,-0.01972725055841934,W2,0.21146683685619713,0.03332392130761696,1.6517801557802065,0.012345512840265156,-0.08673745042713706,0.08223422232727393,0.2643862237363119,0.00045848785466536944,0.0,0.4689381367683202,Alo,0.0,0.22375181507018388,-0.12140405706844795,0.07463456770155374,-0.28331590261070705,0.0,0.0,0.0,0.0,0.0,
87,Rd,-0.05414878756045762,0.4715321214905812,-1.9906202028685784,0.0016815298089532076,0.09157586807354148,-0.021110862505096317,-0.06764295729251356,-0.00011475255578179042,0.0,-0.11990832437685343,Ibias,0.7090584879562872,0.3288719777639755,-6.450147927592511,0.12342550119361143,-0.06780170581428846,0.6936107677292127,0.46833090056030907,0.2524556227276967,0.09787075545274791,-0.5566517015848421,W1,0.02485643496772428,0.01132112027438294,1.5241733728264915,0.004428278806095004,0.03011644362023879,0.009663422977684322,0.19700159146532173,-0.243881967488305,-0.09867331211017283,-0.01954717606565783,W2,0.2107443278571351,0.033459796679731243,1.585690238326378,0.012295671201923916,-0.08633228627066235,0.08191609324162402,0.263356832885546,0.00045901022314991184,0.0,0.4686261498199142,Alo,0.0,0.2244140610342598,-0.1736592938579235,0.0747493217579196,-0.2832662927604729,0.0,0.0,0.0,0.0,0.0,
88,Rd,-0.054848279139989804,0.46807671958408886,-1.998625813813615,-0.075048766757571,0.09244472701208295,-0.021341379823945794,-0.06856152664925111,-0.00011463990948990737,0.0,-0.12109674980443093,Ibias,0.7074627582471718,0.32599459441606016,-6.588708759655321,0.12349887335813584,-0.06660401348971141,0.6935948442783186,0.4654400029019106,0.25281375469286804,0.0978953628371654,-0.5578534174564608,W1,0.02504191757817416,0.011174959947894074,1.5805343011110813,0.004475521691936969,0.03013037485798361,0.00970736373937552,0.19793858217256827,-0.24423213861078263,-0.09869761523275188,-0.01974954846285892,W2,0.21150319732308034,0.03323414403250554,1.6578301057612614,0.01232796994284268,-0.08665400114016061,0.08225323473815042,0.26438412894176466,0.0004585596379709934,0.0,0.46888534721402536,Alo,0.0,0.22282912056867835,-0.1451197497764923,0.15223884480731167,-0.2830368481607084,0.0,0.0,0.0,0.0,0.0,
89,Rd,-0.05443541522973348,0.4692652660934885,-1.967775159401837,-0.07524240210282035,0.09205399194892865,-0.021190032208857047,-0.0680214637931056,-0.00011477037317234258,0.0,-0.12054861961547284,Ibias,0.7087697634412253,0.32703445997707487,-6.415399184734606,0.12355367408306553,-0.06752840276212185,0.693471685655898,0.46802403993320263,0.25239644638132824,0.09787679788935567,-0.5571972351019098,W1,0.02486508777186537,0.011018294634183027,1.5163508596551687,0.004458078720975119,0.03028829455729717,0.009665628726828145,0.19692317950241459,-0.24382145992832813,-0.09865882444943543,-0.019585195680297464,W2,0.21074118236170983,0.033164513775796364,1.5918318502341262,0.08957066196682768,-0.08624958891115986,0.0818604402173289,0.2633345557370741,0.00045908149270074714,0.0,0.46857343364708415,Alo,0.0,0.2234850648225431,-0.1970618248409489,0.07503523879776328,-0.28299303415832733,0.0,0.0,0.0,0.0,0.0,
90,Rd,-0.05405704246550703,0.47025495754961266,-1.9385431326726634,-0.07577146549778806,0.09166414210120481,-0.021037271779165333,-0.06749729744923706,-0.00011490058718771384,0.0,-0.12001816456999574,Ibias,0.7100361813613681,0.3282835862824218,-6.248104921661483,0.04626991893143224,-0.06844760744633668,0.6933347656582156,0.4706198736049372,0.2519934020799916,0.09783752711532659,-0.5565583824185187,W1,0.0247249540822095,0.010860272988882057,1.4538952088868742,-0.072838856397821,0.030444177173305175,0.009548832580612815,0.1959206866871893,-0.2433922724102526,-0.09864048661816724,-0.019405647185436095,W2,0.21000853855556864,0.03288867977506927,1.5273168008325742,0.01225247731678139,-0.08584741156490847,0.08161267846246599,0.2623164525517042,0.0004760167183637442,0.0,0.4682618982354618,Alo,0.0,0.2239393447019522,-0.2469092588036217,0.07498690533695629,-0.28295052856634617,0.0,0.0,0.0,0.0,0.0,
91,Rd,-0.05363647187610128,0.4714551290815594,-1.9100545661412258,-0.07565233056059507,0.09127520968641469,-0.02080824305824714,-0.06697010452250285,-0.00011503051101786813,0.0,-0.11945806383694078,Ibias,0.7113382954776166,0.32954121052374336,-6.085552300544798,0.12368310952579319,-0.06936157417884523,0.6932588028973008,0.4731893936263554,0.2515717276038086,0.09783933668636244,-0.5558897474565054,W1,0.024583382943223528,0.010907091374272053,1.3928732751012658,0.0043874755124867345,0.030597995460962344,0.009580773782221068,0.19493117998200826,-0.24297730513749213,-0.09860145362478347,-0.0192425192539428,W2,0.20926701060284333,0.03302272853079866,1.4649990133165378,0.012236194561995279,-0.08544773412184284,0.08128687755846223,0.2612729042232206,0.00046012204408287514,0.0,0.4679509616768142,Alo,0.0,0.22460168462223393,-0.29535634710624586,0.0750739981846026,-0.28291137580998627,0.0,0.0,0.0,0.0,0.0,
92,Rd,-0.05406461298043819,0.46941731555419525,-1.9085902393828689,-0.07552713248221536,0.09175642900680837,-0.020993492764335903,-0.06745276642844482,-0.00011497133764199297,0.0,-0.12017473134605186,Ibias,0.7105305253573135,0.3279417569018665,-6.147146569603721,0.12373354603733443,-0.06875664841306905,0.6933082307939424,0.4717701237096679,0.25175438049008453,0.09784052714853371,-0.5565298434179182,W1,0.024648233940584224,0.010824323940752964,1.4215678699531586,-0.07259986490466838,0.030630291290483867,0.009562872148890473,0.1953810824648164,-0.24316437912028002,-0.09862308661635996,-0.019340275745637906,W2,0.2095676676695214,0.03277380358791323,1.5022745474424726,0.012233889792811365,-0.08557118314048986,0.08143383314282787,0.2617311824747611,0.0004763098273886239,0.0,0.467999967818789,Alo,0.0,0.2237675626739381,-0.2819655187751035,0.07521369420897003,-0.28274908667437626,0.0,0.0,0.0,0.0,0.0,
93,Rd,-0.05364299621219478,0.4704076624256637,-1.881491354458019,0.0012012368662297082,0.09136825683055987,-0.02083875228345928,-0.0669438584633116,-0.00011510113773329102,0.0,-0.11961460699509831,Ibias,0.711830982110634,0.32899039757961396,-5.98729784643067,0.1237586157994091,-0.06966697077504824,0.6932258313575318,0.47434450964099567,0.25134799875295766,0.09782167528890101,-0.5558607457357462,W1,0.024505973089728458,0.010665330161508573,1.3613800732413732,-0.07266154807542614,0.030782854154504886,0.009519861654667366,0.19438880085668803,-0.24274829946290974,-0.09858397562287001,-0.019161639688441163,W2,0.2088603564750635,0.03270163975842893,1.4404456782103274,0.012173868715241537,-0.08517491159480688,0.08118118245676996,0.26068456957405045,0.00046040455089893517,0.0,0.46768886220639494,Alo,0.0,0.22422285583299303,-0.3292967988272413,0.1525859228189449,-0.28271187930004704,0.0,0.0,0.0,0.0,0.0,
94,Rd,-0.05325615902637538,0.47160865491645854,-1.85533920495917,-0.07593272353126689,0.09098295977238013,-0.02068256993339972,-0.06643200141884026,-0.00013169218531909493,0.0,-0.11907216430041886,Ibias,0.713129018177198,0.33025106589076597,-5.831795116721634,0.04677496533084664,-0.07057018796268098,0.6929789067870425,0.4768923277918603,0.250922997603864,0.09778209433415957,-0.5551934132993601,W1,0.024362272020059198,0.010711287531476701,1.3024045264597255,0.004315591105335387,0.030933411701860012,0.009401168151556732,0.19337140113805762,-0.24234654403489797,-0.09856534045235024,-0.018983657710818624,W2,0.208144435351079,0.032834899049728125,1.3796696172666243,0.012121867973179825,-0.08477694232247109,0.08077483675812476,0.2596505095732093,0.00046092264862825473,0.0,0.46737828143837973,Alo,0.0,0.22488633179125353,-0.3756016021062529,0.07528705231967134,-0.28267404861292067,0.0,0.0,0.0,0.0,0.0,
95,Rd,-0.05374308410348348,0.46915858849883446,-1.854520171192743,-0.07577337391040928,0.09159355397258326,-0.020860471956914137,-0.06705298597533751,-0.00011515332170918055,0.0,-0.11993185239554803,Ibias,0.7120668871511205,0.32807636781277927,-5.912008814412915,0.1239173292790288,-0.0697670266417354,0.6930479100508585,0.47499839282673156,0.25118229560450545,0.09779787861440882,-0.5560362341807493,W1,0.024418137421559034,0.01061082868047818,1.3389524087025386,-0.07262335081375464,0.030959118176466113,0.009454746282641315,0.19400536767260743,-0.24257869742510926,-0.09858092104747791,-0.019120482962945346,W2,0.20855871171142454,0.03252886901761168,1.4273832800009532,0.012166501442113774,-0.08496674975826833,0.08104068242258798,0.2602953040209186,0.000460613286848137,0.0,0.46749974269966815,Alo,0.0,0.22386348702769554,-0.3568830016380099,0.07545549748190844,-0.28249661352169403,0.0,0.0,0.0,0.0,0.0,
96,Rd,-0.05331703706173747,0.47035329521272845,-1.828831969524912,0.0010308742161006918,0.09120699062126002,-0.020704074034747312,-0.06654086573127835,-0.00011528273585824777,0.0,-0.11938890972682303,Ibias,0.7133625678725994,0.3293303490087593,-5.75805265442228,0.20114181483889496,-0.07066911752160877,0.6929465360578467,0.47754881735517773,0.25075641943680316,0.09777887543366735,-0.5553524116842452,W1,0.024312568900161535,0.010656415671806821,1.2806082616074803,0.08140445464144454,0.031108679897230446,0.009486230285010947,0.1930048508463307,-0.24217609009708574,-0.0985416454929327,-0.018942642432641,W2,0.20787828050035684,0.03245607982558224,1.3673551676918614,0.08916022041985039,-0.08457186749986398,0.08078353250653354,0.25925882005965467,0.0004611309433987082,0.0,0.4671890186706128,Alo,0.0,0.2245243591963302,-0.4019391049678963,0.07550804931574663,-0.2824651372610924,0.0,0.0,0.0,0.0,0.0,
97,Rd,-0.05296482372948908,0.47134589048776815,-1.80418486708808,-0.07613903703745768,0.09081925054176211,-0.020546227501113862,-0.06600661331803666,-0.00011541188936657432,0.0,-0.118847885680273,Ibias,0.7145775850997902,0.33038436166573926,-5.607618101402404,0.046990918477599515,-0.07156617526844644,0.6927553397530116,0.4800916805394907,0.2503448754565576,0.0977391102049142,-0.5546861747974613,W1,0.024127987297782334,0.010290253338329997,1.2229674222560314,0.004293937472857399,0.03125653022523954,0.00936666253728417,0.19201749539611904,-0.2417384459920997,-0.0985228380352243,-0.018781132706095924,W2,0.20711152967547383,0.03238211832132758,1.308766869928955,0.012069361973698987,-0.08417926673499304,0.08037200757793513,0.2582158769108949,0.0004616475574891781,0.0,0.46686321534873304,Alo,0.0,0.22498176642877252,-0.4456664982272226,0.07556087941918363,-0.2824348504083002,0.0,0.0,0.0,0.0,0.0,
98,Rd,-0.05301447376812987,0.47093557416687604,-1.8009318205613445,-0.07613276674004882,0.09093212697016372,-0.020536919643249985,-0.06610757306429754,-0.00011540911128199831,0.0,-0.11902053515809298,Ibias,0.7145090851950101,0.3302202801101718,-5.612741861348867,0.12404923374384788,-0.07146320079575756,0.6928945278169609,0.47992679674020344,0.2503553364101435,0.09773838451793702,-0.5548385822209759,W1,0.024154063250209072,0.010271639044934312,1.2275943836650913,0.0042696807286738735,0.03132069677757522,0.009362419249140337,0.1920358870777616,-0.24176560112731044,-0.09852210652927579,-0.018799317830909167,W2,0.20715707064500136,0.03232455637902165,1.3157406858326663,-0.06497594467445034,-0.08419395649669072,0.08041110080911038,0.2582584631685448,0.0004616364451394334,0.0,0.46684711294062475,Alo,0.0,0.22479607280975777,-0.4439979471684254,0.07556748696887433,-0.282390408756036,0.0,0.0,0.0,0.0,0.0,
99,Rd,-0.0526593560334707,0.47193162343203987,-1.777583384224976,-0.07635267765720702,0.0905471832977471,-0.020453491789816723,-0.06559010240934283,-0.00011553803338397128,0.0,-0.11846527840592057,Ibias,0.7157612692583167,0.33127932156630624,-5.464996255550158,0.12411370111249109,-0.07235753877038437,0.6926915886151314,0.48246103749974467,0.24994177708389104,0.09771913712516704,-0.5541577243899894,W1,0.024007045189453662,0.010109516942934247,1.1706804429802653,-0.07283479958860666,0.031466396104702074,0.009317701815366848,0.19106264229525313,-0.24134244631318222,-0.09850320114769666,-0.018638328478401703,W2,0.20642155278347707,0.032249870747728115,1.2579748717924009,0.012015547440566668,-0.08380339445013013,0.08007163267346741,0.25724849424303736,0.000462152133547338,0.0,0.4665215871280108,Alo,0.0,0.22546060942461432,-0.48634708509690944,0.07558999221920186,-0.28236200398855155,0.0,0.0,0.0,0.0,0.0,
100,Rd,-0.05334061660350943,0.4685957117397327,-1.7767041314443217,0.0009251700756879457,0.09142672600723252,-0.02069128526863763,-0.06650694009217926,-0.00011542269854112049,0.0,-0.11967747000260116,Ibias,0.7141261982185582,0.32831764716610284,-5.584751429844566,0.20137733491452608,-0.07114079299064578,0.692704962661295,0.47954398746778315,0.25031885520469027,0.09774300087718547,-0.5554101196319771,W1,0.024160848220864596,0.010180830901542677,1.2249436807338603,0.08136299551992472,0.03147807147790224,0.009439454958326063,0.19200547853076547,-0.24171161968550942,-0.09852675990512087,-0.01883782981300158,W2,0.20717635551697447,0.032034047572162015,1.3260467111184475,0.08915152668636635,-0.08413066085063545,0.08042415624488264,0.2582823571409189,0.0004616907941301574,0.0,0.46680487349245003,Alo,0.0,0.22382578308119003,-0.45825181439428325,0.07591516320186449,-0.2821532048848267,0.0,0.0,0.0,0.0,0.0,
