Iteration No,alpha,fixed_alpha,Rd,W2,W1,Ibias,Alo,Rbias2,Rbias3,
1,0.1,0.1,1.6684280382693748,1.3278487604320752,1.548908536617078,0.7128578210897716,1.5943989052102465,1.3356759921435972,1.340472781290778,
2,0.1,0.1,1.1749676146019028,1.268566145260415,1.8335137086640536,0.7602742605701097,1.846642743482247,1.4558109591375745,1.380309679029249,
3,0.1,0.1,1.5879947211328744,1.4143796739192718,1.6117145439579617,0.6274671071624845,1.534929618947682,1.1872337347805064,1.4979584129760337,
4,0.1,0.1,1.3023229948978616,1.2453192137991473,1.4644270779799287,0.7312170017580859,1.9050682767193106,1.6062515570445337,1.4701416067971758,
5,0.1,0.1,1.5584657647527769,1.215579294216443,1.4139751665204412,0.7086741008695877,1.8576048145471435,1.5692312887038735,1.3271625317765605,
6,0.1,0.1,1.3801863340041012,1.4513661197225072,1.6680639863897542,0.6939999986920717,1.6969633607399977,1.1568860330279855,1.5650585031121023,
7,0.1,0.1,1.507124262290126,1.266539667439575,1.446228408084066,0.6282877502871842,1.7312893803071812,1.2725539732174063,1.570898430799983,
8,0.1,0.1,1.4777748095806098,1.166013324733877,1.3523939416075579,0.6188557991325764,1.9327941179356178,1.2309936692702783,1.7215907313925962,
9,0.1,0.1,1.2934330885810166,1.188746955526671,1.469787607845247,0.777907160687384,2.1055262083804203,1.737767023968742,1.497586996767392,
10,0.1,0.1,1.5224466905537974,1.1842582960869363,1.411601683929225,0.6924751291523866,1.8077923620050076,1.3007477258059748,1.7498306703660336,
11,0.1,0.1,1.2494366616195058,1.3622660276842482,1.8539666714472098,0.8569859551549814,1.6155605111022777,1.7480568904729732,1.3684743584345966,
12,0.1,0.1,1.5981831432496687,1.3510460010794187,1.76093927041651,0.667219564917589,1.3775484037810364,1.2980786563779494,1.456656635591469,
13,0.1,0.1,1.5759277229110433,1.4444286698171453,1.7405153500947919,0.7809124867958959,1.572272465398105,1.1450855951189327,1.549066316689494,
14,0.1,0.1,1.8264290047373033,1.3718525102680983,1.744968665641761,0.7632453948296596,1.5240188876501497,1.140844264651447,1.4020500502197748,
15,0.1,0.1,1.5879532294730223,1.392909122497855,1.6983072853649361,0.7608457961635475,1.572094564296412,1.1426164992817929,1.5662719581176305,
16,0.1,0.1,1.6408167377805019,1.4013204901604428,1.673078024953353,0.750896243472592,1.5639941836165114,1.1486825629128816,1.5247558222596087,
17,0.1,0.1,1.426823934019222,2.467707244321872,1.4814763503334734,0.8629094627865175,1.442380651246856,1.128356165721417,1.4104579851666617,
18,0.1,0.1,1.6330225054935532,1.35952090148759,1.648383020678005,0.7537262250971931,1.5872442598456185,1.1713604144218694,1.5550931924955615,
19,0.1,0.1,1.6219938963069898,1.3775874830512187,1.6589878123269335,0.7613032868497894,1.5683456799848412,1.1637330740668321,1.56443384314275,
20,0.1,0.1,1.6240976768962205,1.3600250916203371,1.631347830491563,0.754085634404199,1.5925737424579025,1.163052932853871,1.573518253931035,
21,0.1,0.1,1.6123140487867935,1.3789350053161586,1.6639677693159542,0.7607588865257744,1.581054757467959,1.1550472079794836,1.5669788951875414,
22,0.1,0.1,1.6105385771656007,1.5228447584098785,1.650867047840775,0.8717568525091495,1.6993965858665867,1.4022613556535437,1.3316298933549282,
23,0.1,0.1,1.767779692623712,1.2642531186660007,1.3983817562649492,0.7052428345583152,1.7847187093812844,1.2925471890870173,1.4570988664152227,
24,0.1,0.1,1.7591902247775737,1.2731012943262436,1.3657210328832539,0.6540782142048924,1.7706911340656646,1.2557763066438317,1.4433520298174196,
25,0.1,0.1,1.8387200365917402,1.2055585264969635,1.244575502246281,0.6893867911061985,1.829711868814033,1.5085889927885439,1.4127713397180957,
26,0.1,0.1,1.7608549281520054,1.2684486559326584,1.310272787407801,0.6668046340885752,1.8047852339386579,1.2745104006658363,1.4579065795972574,
27,0.1,0.1,1.7585428326873196,1.274447171714912,1.2844598075779838,0.617308579724258,1.7822862453479662,1.222711593921025,1.4600080985891617,
28,0.1,0.1,1.7931432316063312,1.2118497616077866,1.2786958363756906,0.6664434675156651,1.737036405028314,1.5684894645137175,1.3813393289934939,
29,0.1,0.1,1.7905764645909485,1.2551752809827488,1.3426760371441284,0.6224440797574365,1.7897242185620654,1.1918593970359175,1.4312850533940473,
30,0.1,0.1,1.735574277155297,1.2354759197972318,1.2978071511484461,0.5881926433338345,1.7515101892196299,1.2692446451380115,1.404948285279616,
31,0.1,0.1,1.837285863134061,1.3486621965928112,1.3758763637848497,0.7508514317547914,1.8167046992597373,1.0718029507295728,1.523454927873506,
32,0.1,0.1,1.7497722502554565,1.260420422426244,1.281433275744259,0.7071190472107494,1.9078996225178306,1.2962470863799223,1.4631795245659358,
33,0.1,0.1,1.763132569366309,1.241851402900163,1.2520058496194848,0.6583078500314512,1.88182637898035,1.2708640654731755,1.4555341231251704,
34,0.1,0.1,1.7625902913964013,1.213388881813032,1.2163416923184223,0.6015301942322812,1.8568966607790465,1.289962411347364,1.403542346511996,
35,0.1,0.1,1.7906369131979811,1.2907885202944163,1.1942312747490067,0.5636302337449676,1.759408741427446,1.2845265703279398,1.316950275871504,
36,0.1,0.1,1.7383219352448276,1.2765568585656435,1.2344194911678756,0.5920564387332817,1.7380503667574072,1.4780443109011419,1.2887069400723459,
37,0.1,0.1,1.7439758855951673,1.255896395202761,1.2356657168019376,0.5693339955789244,1.726165720308849,1.3064917006765313,1.3560009136009947,
38,0.1,0.1,1.514330416418124,1.388523354782661,1.4992027514631194,0.7305488351574742,1.2120280978970523,1.8721527291938322,1.3252807656833983,
39,0.1,0.1,1.680195541504799,1.4025643552659157,1.473091517092276,0.913886727207264,1.4125394532828086,1.6152770078001226,1.4776180442459947,
40,0.1,0.1,1.676485001576483,1.3702476639533672,1.4103764004160202,0.7240606890983924,1.7171113688940782,1.1961449987504749,1.4631204921191399,
41,0.1,0.1,1.4381509748165238,1.3804003984588613,1.5776537875403738,0.8226612615062617,1.649494700142267,1.3590969585940718,1.545827859153078,
42,0.1,0.1,1.6386448764356403,1.307990100537509,1.5409258738972471,0.8082422241342513,1.7727058839300966,1.2987962172432197,1.49348870491781,
43,0.1,0.1,1.8278612563213896,1.3738370380137108,1.2917841077129915,0.7497417601597876,1.7164472995993403,1.3534518495393446,1.4016056410014397,
44,0.1,0.1,1.7465596786678008,1.2545258370806922,1.2592838219021079,0.7264003126513864,1.9706602037332757,1.306042261687302,1.452415710231319,
45,0.1,0.1,1.3748219918487699,1.627603108352875,1.5685337813141373,0.9459337510022425,1.0872501472452092,2.3240354605436457,1.3825107785854132,
46,0.1,0.1,1.3814291627774626,1.5859104250122704,1.54443711378846,0.9192664320427566,1.445643160799244,1.60657462289736,1.5309649066047555,
47,0.1,0.1,1.6743251925961682,1.3903333638645519,1.4411930637432768,0.8474035810164424,1.4687573238332623,1.5180165730593,1.4740777358040875,
48,0.1,0.1,1.622223340709064,1.373330531435098,1.2338410193170608,0.5564814528713717,1.6578638093112281,1.3492521207074177,1.2884272754444608,
49,0.1,0.1,1.6736988644244029,1.3715023450945292,1.4167252544891729,0.7503571129508401,1.6060903217954812,1.3192269732839799,1.4447384855440986,
50,0.1,0.1,1.5453298906800856,1.3725732908647936,1.505653853754071,0.8748572286139519,1.7338777454356624,1.3741322454043456,1.5104945899026112,
51,0.1,0.1,1.744799820169369,1.3007602003279852,1.3527484753900763,0.7860395881700546,1.8312163972766242,1.2995431084598674,1.4945948259587454,
52,0.1,0.1,1.742173619006356,1.259704660885093,1.8400725273710448,0.8008328061200678,1.576253485908323,1.3569022030976179,1.2934417478990328,
53,0.1,0.1,1.5269755700463412,2.43100838304291,1.2587866463004418,0.8429431178523734,1.6356272474865345,1.2163592312782587,1.2801594772549152,
54,0.1,0.1,1.7838039838418869,1.1362479617259578,1.3066199415732491,0.7078633013211518,1.7395400718730987,1.8095465294838382,1.3012045929251872,
55,0.1,0.1,1.35632030472268,1.5700342811117736,1.4348129222976533,0.9276179243250414,1.3305572459102337,2.071692296257542,1.4407042129797953,
56,0.1,0.1,1.4853286438266031,1.5812008624067553,1.4391835912220863,0.9422496529734125,1.196891637797122,2.115485192578559,1.4348332939194017,
57,0.1,0.1,1.688454706720253,1.409118908135747,1.4938000479013263,0.8983301134761765,1.3177016546647937,1.8983161512853741,1.3489978775649754,
58,0.1,0.1,1.8931781284396503,1.4158913161183322,1.5410167680899984,0.7772715521485735,1.6029918188560393,1.0745833639190856,1.433547360326977,
59,0.1,0.1,1.7934296986438234,1.2542917368033892,1.2964113379994533,0.7501234295527398,1.9492080666460052,1.2963981065100527,1.4109096317935754,
60,0.1,0.1,1.7391535657557227,1.2171778693798956,1.254468590391122,0.7375793734298883,1.992840304488084,1.3480099522773086,1.4408476654073272,
61,0.1,0.1,1.7189430931377059,1.979827484240716,1.6038550181021884,0.8933436676610986,1.1643194307755587,1.4732744948440848,1.2514159290230125,
62,0.1,0.1,1.409347419968801,1.5485058948986434,1.4486798025470617,0.8762301621074581,1.3296149111965008,1.8448627177577404,1.4804167808893658,
63,0.1,0.1,1.7004006211100724,1.4165713542869038,1.5007546971915844,0.9226745879092296,1.2280456531673833,2.1324209735890176,1.312433929242994,
64,0.1,0.1,1.9408554498437927,1.3573609094657197,1.449601516336288,0.7269457446110684,1.6106692811220984,1.0550250935454941,1.4785762414604995,
65,0.1,0.1,1.747228937961401,1.2360233370870348,1.2810026577196658,0.7491407801510318,1.980998434339487,1.3228023858108726,1.4254299878001873,
66,0.1,0.1,1.929001146991207,1.1663376657430164,1.3730786871336282,0.7649025485355649,1.561767470301205,2.103928141575743,1.1285349511804779,
67,0.1,0.1,1.4569778532815458,1.5279733888105331,1.455518655263745,0.883863796799093,1.3435649537868566,1.7980954099894944,1.4837502651713055,
68,0.1,0.1,1.693299994892353,1.4700443664709462,1.4951104151342922,0.9273345776686529,1.1386532542286705,2.3468546868209055,1.2539075207254227,
69,0.1,0.1,1.5760413212971063,1.4349805669784363,1.5110881971061563,0.8947619758472459,1.5459908489666592,2.297451872494673,1.111782106750967,
70,0.1,0.1,1.673313995743823,1.3869681669449392,1.5146951478058983,0.8385147824142299,1.6932011800027558,1.2229066742390335,1.499750034575675,
71,0.1,0.1,1.5446603101622427,2.206914246424534,1.3147447763421856,0.8551575492320957,1.5977399210936103,1.2586141393978982,1.288648801516327,
72,0.1,0.1,1.4958292034111942,2.322723720040406,1.2663339464242327,0.8842457760637477,1.4652545975766367,1.598717781892747,1.1682590900988918,
73,0.1,0.1,1.7197326141298372,2.1762286300985783,1.149419411508251,0.8150757149760025,1.627254888996476,1.6417302751644487,1.1242357825441363,
74,0.1,0.1,1.6501673374839332,2.442175847028867,1.286408598857779,0.9793837050207314,1.0258348754880369,1.9226538469676353,1.275191651342603,
75,0.1,0.1,1.5929391727627071,1.3991931620459446,1.4422482887688495,0.8788194020447084,1.4015044981035472,2.3331224620925304,1.2187473238197093,
76,0.1,0.1,1.6299033818329935,1.3789791735317671,1.5605537372047176,0.8326701924557742,1.7307424934934965,1.1857222143692152,1.5035115156265038,
77,0.1,0.1,1.7020427515812298,1.237770983658614,1.3763542272333598,0.7561659955866966,1.8663575067300946,1.3431289847306604,1.4115168291561802,
78,0.1,0.1,1.6197865135519358,1.3158581114373766,1.538893229819635,0.9414475340538382,1.1222903221245148,3.072731765672314,1.133686957686907,
79,0.1,0.1,1.3429650180408255,1.5505153835169685,1.4908764223002886,0.8574203357720612,1.3774181446733649,1.765973569198191,1.4935194310663402,
80,0.1,0.1,1.64496442744871,1.3886588783304445,1.4692921785028425,0.762433027721698,1.2955325566392177,1.5775559734316034,1.4692945182993622,
81,0.1,0.1,1.6751439112513644,1.3592641978300126,1.4462925378799816,0.7437723242206844,1.7875259330814233,1.1326317184083514,1.4658517745872714,
82,0.1,0.1,1.4353636377007628,1.3861290943987106,1.4876883959985667,0.8910812480005629,1.6959916355822853,1.5288785596291863,1.509541616290029,
83,0.1,0.1,1.6929231393160962,1.3520064302761885,1.438758876186878,0.7935803536181836,1.8242253973178268,1.1388637676861804,1.537095425265094,
84,0.1,0.1,1.722864008571644,1.2682392792839614,1.3691187710351818,0.7577786700823208,1.8108937344271359,1.3251021398328042,1.4242045214163952,
85,0.1,0.1,1.4427533949713751,1.1601820527489881,1.3692688464093559,0.904278701057254,2.3240252489476627,1.6126724632999738,1.4191025476757895,
86,0.1,0.1,2.06894846745659,1.1106481994608057,1.2856775773928197,0.8201308482645377,2.098699570965046,1.7735044213718496,1.1417596282399471,
87,0.1,0.1,1.5899160672449242,1.4953439937188704,1.5922512379309126,0.8552803526227961,1.2176483837238024,1.8020549141335918,1.3617781317650965,
88,0.1,0.1,1.719096927956311,1.3533332117629089,1.5794984609718759,0.8628156311654166,1.3689195030099026,2.2546535012891202,1.0961422232215103,
89,0.1,0.1,1.4817041596259446,1.4240817086716901,1.5098326668286983,0.8906624982548923,1.4637184546697353,2.285674077516375,1.2382986288328754,
90,0.1,0.1,2.055493964198429,1.1243763835381146,1.2096384013000265,0.7658210978784209,1.9317579415956234,1.8607230317641594,1.1711979411111904,
91,0.1,0.1,1.4721423397102438,1.5293389030903437,1.5939915563820921,0.8929809662609801,1.1629241152824488,2.2219521464669927,1.2771215210104498,
92,0.1,0.1,1.8331868776239213,1.4489427581202763,1.5905925706594701,0.8093111181626312,1.2193792050898733,1.5823961544213097,1.3119428083130393,
93,0.1,0.1,1.7204807418199224,1.3945951243643855,1.508717303403726,0.8276295862672965,1.2632236061006588,1.9901945824533602,1.2988677030631095,
94,0.1,0.1,1.6908593263635783,1.3750382338938814,1.5487069945087177,0.8064531863786457,1.7303401667634422,1.1557194106357114,1.449805417611681,
95,0.1,0.1,1.6487525928316578,1.3742626291182267,1.4865214994942846,0.8189624251684444,1.7597402261523558,1.1919063528294822,1.4987798402014054,
96,0.1,0.1,1.6870301088537594,1.2696636819946072,1.3273289273976028,0.7636514040704953,1.887976729775473,1.3146640507639693,1.4480510915463274,
97,0.1,0.1,1.4337953721815242,1.8948817689891633,1.650632259413751,0.7616795632331136,1.200941773860471,1.5155486046457667,1.2463630072547986,
98,0.1,0.1,1.5142453154055773,1.540321366199554,1.619220262383091,0.8871532283172924,1.1646852077960104,1.9855883221580772,1.3458511043225063,
99,0.1,0.1,1.802945062055497,1.4236178355242795,1.6287898394751723,0.8237573619185405,1.188625584597086,1.660734056294221,1.3197095457732981,
100,0.1,0.1,1.731198196982496,1.4139082079199043,1.496884877281005,0.8311427445075142,1.266159627218586,1.717137381909097,1.3835034017488566,
101,0.1,0.1,1.831359552958362,1.3623559209433709,1.4900106779791344,0.7629013689813684,1.7974776915737372,1.0438127298508248,1.423214724957362,
102,0.1,0.1,1.438932798069941,1.2638401358724194,1.3499300858036059,0.8817257691293099,2.0967039603640574,1.404889402826447,1.574431450984974,
103,0.1,0.1,1.403764892255227,1.282021580079345,1.392928247459842,0.8402794346670043,2.512902055857919,1.2515418803589642,1.4164121879164038,
104,0.1,0.1,1.4078678553025539,1.2799547079931894,1.4000900012474362,0.8302342483230932,2.062816554626024,1.3895728745713118,1.527640707308244,
105,0.1,0.1,1.2747813305078688,1.209003129146855,1.3009426833332105,0.9107773235580502,2.3702020461584037,1.6570294694025467,1.5398024401955224,
106,0.1,0.1,1.5351273403399655,1.2906989753139582,1.294979744653553,0.8422015923010769,1.9274423037677215,1.4828017646486817,1.5276638241501448,
107,0.1,0.1,1.6626659731936733,1.3694118595875715,1.4228061832402283,0.8415774942167098,1.4861860077899525,2.3726607783141778,1.0877670850435268,
108,0.1,0.1,1.3868438417192281,1.2262985836110984,1.7563454943222594,0.9291565932371534,1.7290006556544044,2.0138794551901014,1.2776859842521153,
109,0.1,0.1,1.6739290998426617,1.247553182956604,1.3257424787452758,0.7634584341958359,1.9080815631246806,1.3434033980915274,1.4276696318400008,
110,0.1,0.1,1.5887175745394981,1.3472753060536828,1.417431632946976,0.7435544516329636,1.5721392407313046,2.243628144743208,1.0937954959023888,
111,0.1,0.1,1.6315863531998522,1.4428361579731919,1.5297525453413816,0.7621347347473281,1.59316301184434,1.7734284703677268,1.1834222328230577,
112,0.1,0.1,1.502530933886371,1.5379902765606004,1.6169793430514516,0.873514959737147,1.1839637589089265,1.9417213590181364,1.3526911113272793,
113,0.1,0.1,1.7229425754833467,1.4030680372020152,1.5059647043931363,0.8082250297522141,1.3508927273565363,2.1299825975681155,1.1836746419594586,
114,0.1,0.1,1.3994927947351712,1.4388143274901146,1.448468225018612,0.9002232508524368,1.6595153186067295,2.2034930943589965,1.1697370294286586,
115,0.1,0.1,1.713010344644794,1.2832335015542589,1.4294382220740343,0.7558458989175042,1.862040385616202,1.1709186921387256,1.4528175446190994,
116,0.1,0.1,1.4254541971422177,1.3080517377371599,1.3907446405245796,0.8401001877176533,1.929964915681079,1.5826015082092275,1.399462961074366,
117,0.1,0.1,1.499783502547312,1.501206859264302,1.5931908678941833,0.8756638814843932,1.0717400375293984,2.4872045386571098,1.229573420562419,
118,0.1,0.1,1.7400262003292883,1.4653428796952808,1.589722754842638,0.812219494672861,1.2317672925520513,1.6258225352277909,1.3275702176625517,
119,0.1,0.1,1.7380947310999582,1.4087036275438607,1.503338801381145,0.821811860234877,1.2455014369768356,1.7429991148063866,1.3748115747755216,
120,0.1,0.1,1.8356479290549548,1.4365402742648592,1.5165268029774257,0.7325601101232038,1.564629726150416,1.0435233238979733,1.445647338048339,
121,0.1,0.1,1.4332442126936462,1.2632705635816768,1.3469295411547375,0.9036601068296981,2.1039062420187644,1.4252520453967361,1.587542728901253,
122,0.1,0.1,1.5676287001166396,1.3950149883403875,1.5329868652423593,0.7551052969877156,1.5893948043025619,1.201738041259814,1.5540201335404542,
123,0.1,0.1,1.3603658007505108,1.246839039320181,1.3311595000337308,0.8541805199483978,2.2549052620746,1.4315422492102832,1.5442726396676547,
124,0.1,0.1,1.5969540384135859,1.2388040739258765,1.3361100933987617,0.773228637278405,1.8218009495454708,1.4275287360257725,1.4880095279562866,
125,0.1,0.1,1.3817847687807123,1.2263645244022932,1.5206235449174017,0.7979857307065065,2.092020263787812,1.3887026677335146,1.4172941879891354,
126,0.1,0.1,1.3869245742264547,1.1990981342879796,1.3250051802576293,0.884729278982775,2.305335288209721,1.437957694627248,1.6037059514783156,
127,0.1,0.1,1.4461450049300617,1.3212493844588238,1.3849351046044978,0.9386259159620388,1.9728408545136291,1.5384765033656218,1.5455911116498218,
128,0.1,0.1,1.6020628365199006,1.2270158805629414,1.2908605910414035,0.7225530960711745,1.760208092205933,1.4632380412649,1.467870545373986,
129,0.1,0.1,1.6128235253757792,1.5715110353876733,1.5945033007729221,0.8542249128362426,1.1334443740603337,1.8917286519879122,1.3207606674037298,
130,0.1,0.1,1.7605024242781586,1.3870997133267389,1.532589411035267,0.7722113143861402,1.2517183936694871,1.9788086343366122,1.2311517709946542,
131,0.1,0.1,1.5144650877572778,1.3222024215522827,1.437297109205315,0.848983356930829,2.197044307706952,1.2123027805438809,1.4232511644736119,
132,0.1,0.1,1.4553541676558244,1.3739139089996684,1.4613595403442587,0.8860995406538011,1.7455694561405852,1.511868110557527,1.4700458916584296,
133,0.1,0.1,1.2390180885053006,1.3263221333639503,1.2416099930108189,0.8252485140742221,1.7269300380032595,2.084599312166389,1.479723435831922,
134,0.1,0.1,1.4123032982398447,1.2115183410758035,1.332983673074479,0.8101184501119966,2.2482505468032308,1.3967279671743371,1.4748024635611996,
135,0.1,0.1,1.3948639212978453,1.3112116216429883,1.2762558491084732,0.8877606822316126,2.316875933220706,1.4576715140382444,1.4803725026328904,
136,0.1,0.1,1.5386000588966369,1.304291670463638,1.2549011089656474,0.8203984124543521,1.9792889311156143,1.5616246355949268,1.3836691926928946,
137,0.1,0.1,1.690955977503612,1.262839524036092,1.2220008310471064,0.9619313641969045,2.414362899842956,1.600677352021482,1.2477945866212414,
138,0.1,0.1,1.4930783950358861,1.497657596961511,1.505367734634245,0.8311088680765003,1.4023257938759877,1.5944603642189237,1.457107776195855,
139,0.1,0.1,1.5196069504250844,1.5771365387458651,1.3864882901197266,0.8141010354042149,1.527452424144781,1.4217073782451772,1.4884344441727155,
140,0.1,0.1,1.4775042921540162,1.541033336794694,1.5934563964240422,0.8421108225747804,1.1763152822883065,1.9045532321986955,1.3901542783735565,
141,0.1,0.1,1.6254996858298318,1.609986192251197,1.634006054682167,0.8089342827684425,1.2578811455497847,1.4185581096978261,1.4179018502449054,
142,0.1,0.1,1.5336479327153747,1.4917149941937868,1.5388159245656399,0.8424400480040527,1.1799413910766257,2.011074599868668,1.3539258512309196,
143,0.1,0.1,1.8027189184380987,1.3740856077961079,1.56328783393316,0.7672340913981109,1.3146994940012742,1.876564968326185,1.2275370400087355,
144,0.1,0.1,1.4069956442015765,1.433089742797894,1.4933735560677908,0.9424019492332132,1.5762583828721652,2.3653652815926782,1.1704405341695072,
145,0.1,0.1,1.4017941702768297,1.1409875927160988,1.37380977840823,0.9183842356662704,1.9864692657374814,2.033847434913687,1.3772648988253253,
146,0.1,0.1,1.710855743503137,1.3541015579515332,1.4143784270000912,0.7772395569782906,1.8482094531807092,1.1129890593726035,1.4851195194730928,
147,0.1,0.1,1.4130104686114562,1.2091150532255541,1.3294053257855178,0.8879631287829995,2.374465776413951,1.379139960028935,1.5537873788511691,
148,0.1,0.1,1.4386632821348264,1.1920616866427787,1.3268360708022098,0.8653353876386831,2.23222770441895,1.3209171421618726,1.6969361831940264,
149,0.1,0.1,1.4710474534669544,1.3794405508099512,1.3473881227340667,0.9356806862162319,1.7373607667139712,1.6559134894740486,1.5596857024395308,
150,0.1,0.1,1.69616259605204,1.1536741518465619,1.2586252540573517,0.756781935177965,1.7321976964013366,2.2352276956198125,1.1908125955940576,
151,0.1,0.1,1.5886426789229113,1.22102396236709,1.405604781674475,0.947215530972764,1.8393850961727043,2.0008430202755307,1.279469733368989,
152,0.1,0.1,1.6045968070596681,1.2109666999743653,1.2615355573316889,0.779071781982829,1.9204934472814055,1.4338296989416226,1.4986760666478305,
153,0.1,0.1,1.595857168649011,1.54811956275852,1.6524270955322786,0.8863622646248382,1.0894370222306058,2.249077410831916,1.2243710418576301,
154,0.1,0.1,1.6506366026319437,1.3706097743810302,1.4845994056619316,0.8241507940907937,1.400843841982829,2.080230112729602,1.2341211522345064,
155,0.1,0.1,1.4789089048824213,1.4087522877377094,1.421362011646256,0.8597269762811486,1.8175221964152246,1.349122040920357,1.5021816336925466,
156,0.1,0.1,1.6433929155024,1.362283832824987,1.4002554340841946,0.7781364600965778,1.8206297031561207,1.1655078282189357,1.5024818730671938,
157,0.1,0.1,1.2344344524427031,1.6404975384358964,1.7104345100321507,0.9673788316920303,1.983203012083456,1.2765084631473251,1.4257519444141558,
158,0.1,0.1,1.542507559569663,1.2998846345725843,1.3084799515632375,0.8148695548091739,1.6422905414477658,1.6583336060477172,1.4759343646878476,
159,0.1,0.1,1.4224865337975707,1.773276767482017,1.2723018754292374,0.8335108257375659,1.7405890088068319,1.3948301937773133,1.383045359081986,
160,0.1,0.1,1.3799374170076797,1.1534857291187421,1.250502767935277,0.8767664685085529,2.5002659965532654,1.488555965657375,1.5443361822213426,
161,0.1,0.1,1.344973691578274,1.289144894127197,1.2977601129546659,0.8935434056708403,2.062814698090659,1.600566336172526,1.5619542286526327,
162,0.1,0.1,1.5695806128240695,1.4491389120832687,1.5601875861435253,0.8018806421578107,1.3537631259221652,1.609306001243267,1.3969472993946666,
163,0.1,0.1,1.5667575251505907,1.5172631309109026,1.643208218190937,0.8551446528748237,1.1339759953892188,1.9642627011117508,1.3211739203799733,
164,0.1,0.1,1.840343239427326,1.3805830058514577,1.5253507320783228,0.7465675080300348,1.3130982606833572,1.8366655441925483,1.2350732472525106,
165,0.1,0.1,1.450650705841049,1.4250997656196303,1.5041131631675062,0.8230379027494442,1.7166172172713876,1.2723471475395498,1.5469964252891386,
166,0.1,0.1,1.6812533554928935,1.2611447256781247,1.3017349846983106,0.7744260900579829,1.931413825067687,1.2895765571729474,1.4587056271541134,
167,0.1,0.1,1.3946471293110203,1.2022316858949638,1.290597913343148,0.8559573504006676,2.3524852756006367,1.48867725039563,1.460741182122932,
168,0.1,0.1,1.6839032285460296,1.3160857504956713,1.391463579186134,0.7669801671168771,1.875982445994031,1.147607065725816,1.483559689459569,
169,0.1,0.1,1.4087676708159675,1.1950938018869337,1.3284368485360603,0.8798281441312725,2.3796437501426704,1.373469545927119,1.5623355098275002,
170,0.1,0.1,1.4488784450585006,1.1861459475941365,1.350180533955199,0.8899393946231902,2.180304199479959,1.4630791364437248,1.5601057713619186,
171,0.1,0.1,1.3857865197820207,1.2515133595682548,1.2596360114156588,0.8587575625479001,1.969148573658179,1.76119254682121,1.4544679401591096,
172,0.1,0.1,1.6812101510321598,1.1565753799082603,1.2375663580330047,0.7978478944966781,1.6648716862772583,2.2621012850074327,1.2684791216844635,
173,0.1,0.1,1.5437565261806496,1.1676440597061306,1.2010052807612335,0.7997512356902796,2.1802400504957973,1.504896159263169,1.4733564430135777,
174,0.1,0.1,1.4100494431948902,1.5217300673156164,1.4302024508989064,0.9181978136365887,1.6400640843337047,2.298163334363778,1.1574765797827393,
175,0.1,0.1,1.3302789197291869,1.5046082274825505,1.6638088459188305,0.9367708325823423,1.2277031084257568,2.5652586880365336,1.2011946504462176,
176,0.1,0.1,1.6050912352705173,1.3456522282423935,1.4684982568964022,0.802659529939176,1.4735602145200577,2.485790116254909,1.0762344722473283,
177,0.1,0.1,1.3938460192615951,1.3273522208273996,1.4535128872333063,0.8914816517111253,1.7671794415400535,1.7880258217415181,1.3981744151096345,
178,0.1,0.1,1.629788260134437,1.205609886673584,1.2837449963098797,0.7646776169142538,1.9684335634552317,1.36160580741206,1.462238117586374,
179,0.1,0.1,1.4278232908246378,1.1558070452420819,1.230065147837843,0.9068192685518993,2.5075499017277436,1.4776281882470528,1.5550555025871355,
180,0.1,0.1,1.7140445123309158,1.3119165027591528,1.3672695418516017,0.7586197119508258,1.859412688231961,1.1514019688979995,1.4658132837901219,
181,0.1,0.1,1.390182466775289,1.1919895933677631,1.3179129541644847,0.8695206054125638,2.4721446066345387,1.3605731052805454,1.5225594519925492,
182,0.1,0.1,1.38476535573702,1.11848868417034,1.209052489274281,0.8434122402963311,2.1450975406881723,1.8922113104373692,1.5393869637059676,
183,0.1,0.1,1.3932226452137502,1.4935025519143634,1.5527476551741097,0.9249905332208501,1.1824157021959165,2.5196529712019577,1.2937626329175644,
184,0.1,0.1,1.6381358312039684,1.4997406786381606,1.612381604468748,0.8242000279102868,1.1801583803711158,1.7552046570831326,1.348090561895822,
185,0.1,0.1,1.7466445290937542,1.3891808027817876,1.5065180016492186,0.7576734434540043,1.2679028161809838,1.927397940721982,1.2753702869648584,
186,0.1,0.1,1.5598762759329055,1.32765373599382,1.4051608335194496,0.8411609936440163,2.1399012608612016,1.1794009130260652,1.4462306373616958,
187,0.1,0.1,1.3277625206245622,1.2062226123428554,1.2873989278688651,0.9622121227539779,2.0697334222287553,1.8879215797624742,1.5086384256974263,
188,0.1,0.1,1.468721756841463,1.2156150784329818,1.2053093087987758,0.8437502979207215,2.0131120546139534,1.7136347430837253,1.4588980293663827,
189,0.1,0.1,1.3860551190661987,1.1229420078905974,1.217317464071397,0.9342246079970845,2.2794434326556554,1.8005971190567769,1.547118320083702,
190,0.1,0.1,1.3941775386590296,1.168123203709529,1.3009798524295988,0.9037897409953959,2.443714164114961,1.4861245989301501,1.5054434863480186,
191,0.1,0.1,1.3162372834857656,1.1784054008892635,1.2428046033501512,0.8677993233012968,2.1358048220612442,1.6945226662062285,1.6034859121579808,
192,0.1,0.1,1.3292538278728594,1.2656027514288495,1.318753764830435,0.9048839082939047,2.5930396910097038,1.4250796552799507,1.4088438196332438,
193,0.1,0.1,1.2557078171830567,1.1582760180422298,1.4024092979840352,0.9013128444321129,2.338391044826903,1.5903775466890842,1.5255270329464083,
194,0.1,0.1,1.4850567383143352,1.25449712755019,1.252110673687972,0.8492011840929505,1.993650213160275,1.6659303426546566,1.4017163742710799,
195,0.1,0.1,1.5664035973528427,1.4805715607425338,1.7764552793549215,0.8317079053320597,1.0444285496225374,2.0091156723912214,1.3136663476929424,
196,0.1,0.1,1.6449375362750829,1.330248455021172,1.4391689831406635,0.8064252220319618,1.4917583328720951,1.9979777786460695,1.2530805089326114,
197,0.1,0.1,1.452690527168247,1.3570503617482987,1.4733022794578126,0.8516686767788498,1.864002268947461,1.351584617830944,1.475292119161121,
198,0.1,0.1,1.6680389180311825,1.274711223864751,1.3533851192288044,0.7724290491887483,1.9145426855478587,1.2169522380748812,1.466309098101855,
199,0.1,0.1,1.5660902460317943,1.0960016278235547,1.1481563011427134,0.9556324747062607,2.355844130703995,1.8152861178623514,1.4547169869732817,
200,0.1,0.1,1.4967756648713286,1.241620750125187,1.2509317707517482,0.833327344404829,1.986874268896923,1.6569470114685692,1.3988848667314322,
201,0.1,0.1,1.3846375037690788,1.1395008539256353,1.245572422749891,0.9054673083037297,2.3048579211312967,1.6696188883870344,1.5360750840916473,
202,0.1,0.1,1.6631670987128468,1.2110632430802335,1.2637379598414515,0.7862813655719586,2.0080858292967627,1.2571137230824467,1.5552720429813633,
203,0.1,0.1,1.3529693857093232,1.1711944816072464,1.263616713921368,0.9201593538153814,2.333504926441659,1.6223678479047148,1.5450942973804986,
204,0.1,0.1,1.5776175773555492,1.24528268903326,1.3345334270758995,0.7653986220471464,1.640335356215834,1.2722300527022015,1.7960162271136482,
205,0.1,0.1,1.4809582072868044,1.3019311809154481,1.2374777896916125,0.7768354219450574,1.8330945953742526,1.6637270775612596,1.4079057824627117,
206,0.1,0.1,1.6073562405418143,1.6384611225331869,1.5650477435481873,0.7912574823913747,1.2094584775988386,1.5471587493046857,1.3942046114861775,
207,0.1,0.1,1.465297255160227,1.3533171883750206,1.5564258158025515,0.886711967122948,1.4882697100927547,2.083787834068141,1.266826302892249,
208,0.1,0.1,1.4080264186384601,1.3361424539358802,1.3897900030478312,0.8127592927899723,1.6233025153052396,2.184503365152658,1.247730380040361,
209,0.1,0.1,1.5287591986393962,1.2271778259109107,1.3370333309520004,0.8239482518176904,1.716293410919987,1.62766047793198,1.4908191957326038,
210,0.1,0.1,1.4863571984514206,1.3301307280837706,1.2363520062982347,0.7857192157129468,1.9449981482853074,1.5040412053216967,1.4015777654046888,
211,0.1,0.1,1.8295445965876669,1.1666222754658948,1.230987698510768,0.8244602127020274,2.1518664024930576,1.318906880096736,1.4018807292257598,
212,0.1,0.1,1.5374487027444534,1.1126921482461345,1.1985682579853796,0.8791668914106039,2.0711621388346177,2.471788401043521,1.1789233630844258,
213,0.1,0.1,1.2147281902107392,1.7663758813266963,1.2611116600508698,1.0312394132639142,1.885799718441203,1.962888747725705,1.3406399781526455,
214,0.1,0.1,1.487834098092957,1.1760469509149174,1.2397231914387936,0.8386353242776058,2.0275794968660885,1.7091988611859021,1.422646925214714,
215,0.1,0.1,1.5484459251421963,1.205337285044627,1.2676253290340702,0.8305461888946457,2.2752487660902605,1.3579291645926685,1.4539851500036025,
216,0.1,0.1,1.4940939111246154,1.1633114165107996,1.215138287705879,0.8673980959259631,2.1697771234936374,1.7184030843606155,1.4034302256462154,
217,0.1,0.1,1.37277304781559,1.1338687381382961,1.2740385872349318,0.8721146688667212,1.8391837919889151,2.1975184318052254,1.386245175396129,
218,0.1,0.1,1.7030932784880535,1.2293912598054093,1.3271044558796488,0.7918239335526804,1.4159767137335775,2.6237766805679916,1.1586414268358862,
219,0.1,0.1,1.6138861171856014,1.5585704375648168,1.6488580360740182,0.8469398963185288,1.010399388318914,2.205167538569651,1.2682611410521303,
220,0.1,0.1,1.6569870022618216,1.3413266629380192,1.4476814683463066,0.8034199464612377,1.4167124374699276,2.000344954217229,1.2493165230246008,
221,0.1,0.1,1.4711320287270662,1.3741623394568092,1.4537264441497577,0.843895597571852,1.823709499961973,1.3635897354552582,1.454362204852765,
222,0.1,0.1,1.8138422915773216,1.2631507083577778,1.330354949679781,0.839278180617905,2.141595605255502,1.1431149980490312,1.419974211161085,
223,0.1,0.1,1.3621189973400445,1.1801300305207663,1.292850107910155,0.9051206447357182,2.383338408588478,1.4694294817955735,1.561724837451128,
224,0.1,0.1,1.6277018040526374,1.2770230927433615,1.374636568922223,0.8240700483744237,1.9673723088273045,1.2143632859286337,1.5293008789879652,
225,0.1,0.1,1.3473188616292937,1.160445016594982,1.274551922683157,0.9298681924597066,2.275089446923291,1.6752500014877592,1.5498654738480233,
226,0.1,0.1,1.2674741134167722,1.24866667335157,1.1696257888700716,0.9527883246700559,1.889798560130195,2.4320958715275496,1.4385003985524327,
227,0.1,0.1,1.6069846576236497,1.3593388697739384,1.4249611357550014,0.9044395284305039,1.1631378345839865,3.1212315346652515,1.1497892900625752,
228,0.1,0.1,1.5250707827637195,1.551039130068152,1.6496398801222152,0.8316142145446243,1.1958262229321706,1.767537543541303,1.3569126565780318,
229,0.1,0.1,1.847715224478311,1.3953261677384088,1.5116803274134067,0.7299248696310957,1.3402986091497586,1.7324233710040058,1.2581976600095741,
230,0.1,0.1,1.6346649162793405,1.3588630193224616,1.430861002604606,0.7978894995511173,1.7256837597681127,1.1958929083085834,1.5310471927681288,
231,0.1,0.1,1.3731217875089046,1.2671480638195523,1.3426562354209417,0.9145202559421481,2.183299179488718,1.4004797529787527,1.5928670483041742,
232,0.1,0.1,1.5083879205261492,1.2460913621936953,1.3283295350640798,0.8387622270532946,1.9296210344097542,1.500800933265792,1.4686539818056923,
233,0.1,0.1,1.3671438263745082,1.1777927544135427,1.2024125477221785,0.9249295637936727,2.4110393882354044,1.6132023456591853,1.546294491221028,
234,0.1,0.1,1.1235671326903327,1.0859882865458017,1.1292935774215391,1.0801898606083584,1.7385091930755283,4.4390697138039545,1.2917522846920815,
235,0.1,0.1,1.549768404693891,1.2793253780308937,1.3290836340406533,0.8314420668884361,2.109264290683048,1.3805729040321606,1.3746249041630303,
236,0.1,0.1,1.1227885784963931,1.0843882271003662,1.1741972132514553,1.0748640899357766,1.7057867212835351,4.47152806916755,1.2693952335476968,
237,0.1,0.1,1.4384136784229649,1.5625432828721975,1.62793436081877,0.8836656144065875,1.4411107395679168,1.6721026919448276,1.3419528854709883,
238,0.1,0.1,1.7678085519281512,1.383929530655584,1.5123344825736222,0.7512060370719309,1.275908176109457,1.870347772527056,1.2788194370525594,
239,0.1,0.1,1.6716503653412023,1.2875918314277364,1.347966222471564,0.79465136559184,1.9083066471927002,1.1726553447303336,1.538801596525709,
240,0.1,0.1,1.3104589871358128,1.2971845472933718,1.28665650957159,0.9645902630391923,2.83278045111798,1.311140937788904,1.4853262462720114,
241,0.1,0.1,1.5180714004200238,1.2199138907860965,1.27704296560361,0.8222431678178485,2.4883303221300226,1.2580723333254762,1.406096978899021,
242,0.1,0.1,1.3500460278517068,1.1839184607159254,1.2365001906589572,0.9134796686831597,2.390946749940682,1.5898029361209796,1.553079822897737,
243,0.1,0.1,1.8484583361928801,1.0911079424286707,1.1540252472161305,0.9170463893419659,2.6711171918280376,1.265841256657969,1.489097590558217,
244,0.1,0.1,1.4821010160627386,1.128925413878344,1.1667636494153264,0.9425853600655072,2.432023116320671,1.694567906418082,1.5072845633061305,
245,0.1,0.1,1.5813049649133744,1.2570205082080899,1.3015936253160565,0.9682291308829188,2.0443322281102962,1.583064332493359,1.4546658781373694,
246,0.1,0.1,1.4732226410567677,1.1747086623578078,1.2395346728687444,0.939369643233381,2.3696760674114694,1.593654526281775,1.4873165732334066,
247,0.1,0.1,1.2381967428688727,1.2039927082919237,1.2336358562982765,0.9584626328548436,3.690900547883394,1.2712641768019377,1.4091147438011258,
248,0.1,0.1,1.481180213890522,1.4994290373395547,1.585596867575008,0.8626405061557738,1.0417560579206335,2.326546857730882,1.3903748123037991,
249,0.1,0.1,1.4658757312659019,1.5074169735451755,1.5228951812291627,0.8260544071873063,1.3509697885352436,1.6564786667507514,1.4569883680032263,
250,0.1,0.1,1.446706726738066,1.7427107513892208,1.7752423483006083,0.8794353030981756,1.2348343452928778,1.6664889138483656,1.3016978774538743,
251,0.1,0.1,1.44532733704518,1.600701524515539,1.656978812216489,0.830032615886337,1.0849796113931531,2.001704797258199,1.3634241273987515,
252,0.1,0.1,1.3829874669357165,1.2550375619544247,1.3274563285915972,0.8975926406167551,1.8764458290891453,1.9396362694821008,1.469340547474566,
253,0.1,0.1,1.5907381545981953,1.0768993166533323,1.107330886800343,0.9309078446942498,2.4727058486267084,1.3826956691948615,1.836397870747868,
254,0.1,0.1,1.332654565463354,1.2901060680704564,1.3129884431710703,0.9402740188605188,1.0577395000421337,4.4980655398210825,1.1987764685496152,
255,0.1,0.1,1.3619818482600206,1.5878977363412856,1.6063036243439182,0.8667096555682364,1.4450972798667163,1.6716405968806507,1.3847129604347308,
256,0.1,0.1,1.7429456605290434,1.393188349705925,1.5137189011241818,0.7473921386761813,1.2627739902922641,1.8979759312078222,1.2786126905741801,
257,0.1,0.1,1.6470451835605286,1.3907340443140905,1.3144195738509594,0.8064255363186138,1.9292450695265349,1.146064804077461,1.527399743075962,
258,0.1,0.1,1.5011886603946802,1.1216346604276362,1.1957016517988641,0.8112810006579213,2.2861073331072053,1.264921684204186,1.7424058075039262,
259,0.1,0.1,1.2850092235109176,1.349482693679908,1.576763946768409,1.0099356435409848,2.3093308386569285,1.553715099619702,1.304235582340818,
260,0.1,0.1,1.329083564517261,1.0930585007664808,1.1890173488803435,0.9340795279739966,2.375355046364283,1.9190991578751382,1.5257618570141016,
261,0.1,0.1,1.43551895091317,1.2004355035059102,1.3394323421515035,0.8109466358907067,1.8979831938779073,1.6959295786005082,1.385659072256531,
262,0.1,0.1,1.337749043728476,1.0855435765572634,1.173744800406199,0.9418341244584095,2.222374161135606,2.066973327948536,1.5284267969129648,
263,0.1,0.1,1.3757258734810702,1.1406581837857646,1.2144566845935154,0.9210743349603476,2.656890500866924,1.5275498185693173,1.5252054415384448,
264,0.1,0.1,1.3850372034352594,1.0830428102986578,1.1697138775659355,1.0873252944294796,2.8257372903832136,2.2061432605477216,1.2640254606137804,
265,0.1,0.1,1.473248624697916,1.5064678371603262,1.5226617187841123,0.821514153040427,1.3198366524390204,1.6860568535663596,1.455523636108034,
266,0.1,0.1,1.5086543806312895,1.4873352327850093,1.4914127090332328,0.8175294617389814,1.458245488680587,1.5029923083889027,1.4723703282763023,
267,0.1,0.1,1.42536696876719,1.594940241075754,1.6815084185065756,0.7840870205765723,1.0296593534747254,2.1485883862851365,1.3083533722576097,
268,0.1,0.1,1.4509415232885052,1.5450089338881319,1.578922087203125,0.823710765711111,1.1952925391270752,1.9036515812974597,1.3993967280316881,
269,0.1,0.1,1.4536434995648841,1.5053756156889178,1.6147300206710873,0.8289633800798651,1.113382134280113,2.042694545617331,1.4108944884953147,
270,0.1,0.1,1.4604199412552141,1.5462604122837544,1.5810381512509089,0.829509967936348,1.186118341356018,1.904079370923923,1.4021387121848654,
271,0.1,0.1,1.2984076189801206,1.4155459249499676,1.452529953663163,0.7972866860629602,1.1234832018052863,3.050592963955538,1.2937654867424864,
272,0.1,0.1,1.2529013186686773,1.1839030353526232,1.319417548225109,0.9361803324010801,2.1462878696165735,2.008926533859931,1.4618108165474393,
273,0.1,0.1,1.2375879404962509,1.1054435027009948,1.1368433467162051,0.958297756481105,2.1030239496979006,2.631316006530199,1.4234611202540137,
274,0.1,0.1,1.2932809072366511,1.0792608513817437,1.1098777725732802,0.8999420615025129,2.3072136889911,2.024590387888553,1.5727907634090381,
275,0.1,0.1,1.4284386695454903,1.509187536607138,1.5328852840530378,0.8205905429111736,1.2538736390006207,1.8751355278516075,1.4185216942739556,
276,0.1,0.1,1.4646467554252822,1.5529566227699885,1.579380932209098,0.824273025590696,1.1554209106643225,1.9467842282139847,1.3972362944022148,
277,0.1,0.1,1.5481276105260293,1.512895937181197,1.5292117680081312,0.793781447309797,1.2748876722235627,1.6619296089412585,1.430755134230041,
278,0.1,0.1,1.2608431535382474,1.0772937475516469,1.1369231378554,0.9929413387580458,4.838608770931031,1.5448181670329246,1.2364122552267753,
279,0.1,0.1,1.342444366677622,1.9323624581525614,1.516871460961922,0.9153810655668044,1.2372150806145712,1.9342641817643875,1.2975090506827343,
280,0.1,0.1,1.4706919572415564,1.5264159454101516,1.578811783140996,0.8412049759714368,1.1103390168482627,2.177329250693061,1.3420783828940606,
281,0.1,0.1,1.3260936413460165,1.233961867925207,1.2784800975961088,0.9404139453905936,1.0887487826747386,5.3995477118653,1.1099612400380678,
282,0.1,0.1,1.3335820340510849,1.2667745097637473,1.3381520832231695,0.9483014323294878,2.05016601402407,1.8147404569885794,1.4764352116379522,
283,0.1,0.1,1.4940923168846378,1.2594745839828236,1.2785450829591214,0.9118286208065262,2.3320943101896776,1.2965558792479617,1.5929105027646588,
284,0.1,0.1,1.2154597401247282,1.1174308687285786,1.1531649173797383,1.0095244567044293,4.0121212124346695,1.4149987318532553,1.428784850283394,
285,0.1,0.1,1.4285416505743387,1.1175294538455491,1.238366790134037,0.8957633641474145,2.471834154692784,1.4357128263812675,1.6105301518048973,
286,0.1,0.1,1.5908360171760867,1.0907488404815564,1.113828229153345,0.9294166158536366,2.438301953217415,1.345752037319929,1.8432070253454322,
287,0.1,0.1,1.4430211159689477,1.1221400521435638,1.1575500756597852,0.895858387367696,2.48677587243924,1.5071385946519844,1.5972878601473661,
288,0.1,0.1,1.3093276756489753,1.2589129910606602,1.1690909637325748,0.9494368172236055,2.5243608641987136,1.550558029520184,1.585152328495428,
289,0.1,0.1,1.780712737884401,1.2510392345372112,1.263770319362872,0.8780765740363514,1.8231829656542398,2.461707849464481,1.0508989306484713,
290,0.1,0.1,1.2065687956755429,1.1887758127854016,1.4590014311946997,1.005615787266125,1.6445002615227298,3.050252171401215,1.226421183749587,
291,0.1,0.1,1.4934440464623928,1.5606131640560825,1.5756852520035562,0.8038654720462736,1.1710327135547902,1.794397355473928,1.4136952760184085,
292,0.1,0.1,1.528041639434705,1.2667011123315588,1.374936593078302,0.8353943433092145,1.739276446937419,1.9893182221128665,1.291266575161687,
293,0.1,0.1,1.1502249810051433,1.0752098217511643,1.136749720093518,1.065121840305657,1.6380956195350664,4.742278406177372,1.2464321877148725,
294,0.1,0.1,1.8695150558306852,1.0835942566619507,1.12452685845344,1.0579496173654646,2.786626540699519,1.3490474643661787,1.5651517063652498,
295,0.1,0.1,1.606733951687599,1.3297750613977355,1.3528049900044312,0.8061477044849291,1.9614615348850317,1.1791212720822153,1.5126537418932513,
296,0.1,0.1,1.3489823297898573,1.2123099424256654,1.2223033973585997,0.901632148742899,2.2708155911977177,1.593424666294724,1.5645973827586588,
297,0.1,0.1,1.398404266081346,1.1939509649224047,1.2073303227989154,0.9151307952483199,2.4551705617212876,1.4770463564666794,1.5799948805747586,
298,0.1,0.1,1.4031658616532487,1.2016736648800561,1.2040785181657896,0.8684660001534807,2.308949519218509,1.4475952243230656,1.6162369289986505,
299,0.1,0.1,1.4081852902513219,1.196695396973637,1.2099565959624319,0.8768543805126872,2.40083337999659,1.4177264299778445,1.5907165649221557,
300,0.1,0.1,1.3451733643130257,1.1742971387498702,1.2285749749460384,0.9308104193910813,2.276028165807187,1.7450312748318504,1.5193237750564905,
