Iteration No,Rd,loss,loss_gain,loss_iip3,loss_iip2,loss_nf,loss_Io,loss_BW,loss_region,Ibias,loss,loss_gain,loss_iip3,loss_iip2,loss_nf,loss_Io,loss_BW,loss_region,W1,loss,loss_gain,loss_iip3,loss_iip2,loss_nf,loss_Io,loss_BW,loss_region,W2,loss,loss_gain,loss_iip3,loss_iip2,loss_nf,loss_Io,loss_BW,loss_region,Alo,loss,loss_gain,loss_iip3,loss_iip2,loss_nf,loss_Io,loss_BW,loss_region,Rbias2,loss,loss_gain,loss_iip3,loss_iip2,loss_nf,loss_Io,loss_BW,loss_region,Rbias3,loss,loss_gain,loss_iip3,loss_iip2,loss_nf,loss_Io,loss_BW,loss_region,
1,Rd,-0.00040022633373697805,-0.0004133410479877092,0.0,0.0,3.193329500533406e-05,-1.881858075460553e-05,0.0,0.0,Ibias,48.72186135140871,-77.0021616302846,0.0,0.0,-19.57358720788869,145.297610189581,0.0,0.0,W1,-4199.558190248775,-2551.6439731987157,0.0,0.0,-1941.5037606053347,293.58954355529244,0.0,0.0,W2,-7154.35453778751,-1399.2603367994823,0.0,0.0,-6185.375065235515,430.2808642474034,0.0,0.0,Alo,-1.8067885122823424,-0.4984527506507462,0.0,0.0,-1.3083357616316025,0.0,0.0,0.0,Rbias2,-3.0340709494438523e-06,-2.7613552082591867e-06,0.0,0.0,3.312107498859973e-06,-3.5848232400445615e-06,0.0,0.0,Rbias3,1.279148452664953e-06,1.1642274268983125e-06,0.0,0.0,-8.489897635075201e-07,9.639107892741393e-07,0.0,0.0,
2,Rd,0.000306207442455038,-0.00018586773080338432,0.0,0.0,0.0005110131982326207,-1.893802497419317e-05,0.0,0.0,Ibias,581.6469352101487,86.52838010680765,0.0,0.0,350.2825339892514,144.8360211140917,0.0,0.0,W1,4607.196669586487,9.27110443283995,0.0,0.0,4301.058916346266,296.86664880741415,0.0,0.0,W2,7152.980738113966,2719.4381963473206,0.0,0.0,4017.903917039959,415.6386247266867,0.0,0.0,Alo,-0.1908757275700454,-0.028668030595945564,0.0,0.0,-0.16220769697409662,0.0,0.0,0.0,Rbias2,3.6154036926113954e-05,7.810062280858003e-06,0.0,0.0,3.189380946286308e-05,-3.549834817606977e-06,0.0,0.0,Rbias3,1.2494019053400079e-05,4.510050508971268e-06,0.0,0.0,7.01641749171031e-06,9.675510527185228e-07,0.0,0.0,
3,Rd,-0.00036983198662289167,-0.0004368696492638732,0.0,0.0,8.537948029846647e-05,-1.83418176574836e-05,0.0,0.0,Ibias,75.36559236253643,-89.05659478009628,0.0,0.0,18.48917183005815,145.93301531257353,0.0,0.0,W1,-3493.27856571112,-2451.522554185171,0.0,0.0,-1337.9988483700388,296.2428368441239,0.0,0.0,W2,-6056.131482996052,-1262.1378058110554,0.0,0.0,-5220.583459786104,426.58978260116305,0.0,0.0,Alo,-1.7476832182014472,-0.5362235510792882,0.0,0.0,-1.2114596671221558,0.0,0.0,0.0,Rbias2,9.598004538697395e-07,-1.2281695232903786e-06,0.0,0.0,5.80699144278324e-06,-3.6190214656229633e-06,0.0,0.0,Rbias3,2.015968592629951e-06,1.0874427708543347e-06,0.0,0.0,-5.249541073592362e-08,9.81021232511518e-07,0.0,0.0,
4,Rd,3.615510211627891e-05,-0.00027395105606016756,0.0,0.0,0.0003282403361977479,-1.8134178021300144e-05,0.0,0.0,Ibias,379.5038680069173,24.3731596009696,0.0,0.0,209.4477428003084,145.68296560564133,0.0,0.0,W1,1399.1025728034456,-807.9699883921122,0.0,0.0,1909.4597395423452,297.6128216531957,0.0,0.0,W2,1942.8740225212036,1374.867678522761,0.0,0.0,138.95176232207947,429.05458167633566,0.0,0.0,Alo,-0.8090493305603182,-0.20344509575277384,0.0,0.0,-0.6056042348075475,0.0,0.0,0.0,Rbias2,2.266444694181717e-05,5.027230175469913e-06,0.0,0.0,2.1231263123438233e-05,-3.5940463570910537e-06,0.0,0.0,Rbias3,8.449839981841354e-06,3.386916170781514e-06,0.0,0.0,4.083434523814523e-06,9.794892872452515e-07,0.0,0.0,
5,Rd,-0.00020135371012344928,-0.00036491665324985,0.0,0.0,0.00018197459091025454,-1.8411647783853854e-05,0.0,0.0,Ibias,197.8052886354823,-41.83247302634221,0.0,0.0,93.55705328386345,146.08070837795796,0.0,0.0,W1,-1451.9420511533533,-1720.671696027146,0.0,0.0,-24.032275382770273,292.7619202565293,0.0,0.0,W2,-2695.745963784934,-105.15887851642992,0.0,0.0,-3009.9482012865014,419.36111601788724,0.0,0.0,Alo,-1.3554417957386196,-0.3912732844569798,0.0,0.0,-0.9641685112816365,0.0,0.0,0.0,Rbias2,1.0090762924583373e-05,1.5421964889501732e-06,0.0,0.0,1.2181947381808857e-05,-3.6333809461759774e-06,0.0,0.0,Rbias3,4.704001332670378e-06,2.102075844583491e-06,0.0,0.0,1.6109925446124592e-06,9.909329434744057e-07,0.0,0.0,
6,Rd,-6.113412935213445e-05,-0.0003082090855853325,0.0,0.0,0.0002652488220821273,-1.8173865848924084e-05,0.0,0.0,Ibias,303.0488303374512,-2.9216271640095988,0.0,0.0,160.20579500340818,145.7646624980567,0.0,0.0,W1,235.13036674104714,-1155.1306451778737,0.0,0.0,1104.0555444013619,286.20546751757587,0.0,0.0,W2,74.05501187265554,791.0488557974711,0.0,0.0,-1132.4536998627805,415.45985593807484,0.0,0.0,Alo,-1.0277335793677422,-0.27628245231542337,0.0,0.0,-0.7514511270523189,0.0,0.0,0.0,Rbias2,1.782382726016247e-05,3.7163467225043782e-06,0.0,0.0,1.776623384700189e-05,-3.658753309343476e-06,0.0,0.0,Rbias3,7.010150984636334e-06,2.9224145422793707e-06,0.0,0.0,3.0880040455918813e-06,9.997323967651491e-07,0.0,0.0,
7,Rd,-0.00014289850437695088,-0.0003388003024982366,0.0,0.0,0.00021397489810199877,-1.8073099980717e-05,0.0,0.0,Ibias,238.33419652282544,-26.554595859409847,0.0,0.0,119.09529860513221,145.79349377710204,0.0,0.0,W1,-741.3670687119227,-1467.281283519669,0.0,0.0,436.94947987918823,288.9647349285579,0.0,0.0,W2,-1514.3887267297657,276.1636500477049,0.0,0.0,-2204.551131170275,413.99875439277696,0.0,0.0,Alo,-1.2158492213519407,-0.3413824611073302,0.0,0.0,-0.8744667602446041,0.0,0.0,0.0,Rbias2,1.3429265983323921e-05,2.4588983825538004e-06,0.0,0.0,1.4669319877456864e-05,-3.6989522766866623e-06,0.0,0.0,Rbias3,5.705564616383537e-06,2.478278059311603e-06,0.0,0.0,2.2211951679440067e-06,1.00609138912786e-06,0.0,0.0,
8,Rd,-9.54265402539011e-05,-0.00031820582119691267,0.0,0.0,0.00024164074397679938,-1.8861463033791683e-05,0.0,0.0,Ibias,274.53627182204565,-13.390957674376894,0.0,0.0,141.5460647868538,146.38116470956564,0.0,0.0,W1,-157.89212290242995,-1268.4848456209877,0.0,0.0,822.0141197080866,288.57860301043775,0.0,0.0,W2,-555.9545300240432,580.883904022559,0.0,0.0,-1549.8074532932123,412.96901924655543,0.0,0.0,Alo,-1.101345713393478,-0.3011830322435458,0.0,0.0,-0.8001626811499388,0.0,0.0,0.0,Rbias2,1.6219222847855524e-05,3.2161771778297534e-06,0.0,0.0,1.6730359291911965e-05,-3.7273136218866894e-06,0.0,0.0,Rbias3,6.542527964550362e-06,2.7844944800323216e-06,0.0,0.0,2.7460391457208666e-06,1.011994338797105e-06,0.0,0.0,
9,Rd,-0.00012238001869128054,-0.000327443432488887,0.0,0.0,0.00022297095605758218,-1.7907542259978327e-05,0.0,0.0,Ibias,251.01409847765638,-21.937206495571814,0.0,0.0,126.39383446093116,146.557470512296,0.0,0.0,W1,-495.44224770662805,-1372.0994913015916,0.0,0.0,588.8566840783704,287.8005595165931,0.0,0.0,W2,-1091.8441336584817,406.41353483828993,0.0,0.0,-1908.9646343563936,410.7069658596221,0.0,0.0,Alo,-1.1647097302394622,-0.32260157396893363,0.0,0.0,-0.8421081562705223,0.0,0.0,0.0,Rbias2,1.473593850734119e-05,2.7577667072240014e-06,0.0,0.0,1.5732275055112646e-05,-3.7541032549957083e-06,0.0,0.0,Rbias3,6.109654945992816e-06,2.6446187276277996e-06,0.0,0.0,2.4457129537601752e-06,1.0193232646048186e-06,0.0,0.0,
10,Rd,-0.00010625320629054803,-0.00031949767525544425,0.0,0.0,0.00023106034648840348,-1.7815877523502127e-05,0.0,0.0,Ibias,262.06708876468304,-17.822226823186814,0.0,0.0,133.20454548888304,146.6847700989889,0.0,0.0,W1,-301.2075259070095,-1303.826893419437,0.0,0.0,715.7516294391789,286.86773807319855,0.0,0.0,W2,-765.3221743921658,504.7579886945213,0.0,0.0,-1678.473789871118,408.3936267844035,0.0,0.0,Alo,-1.1252561152929925,-0.30852894692997224,0.0,0.0,-0.816727168363014,0.0,0.0,0.0,Rbias2,1.5728913749614194e-05,2.9774138117568768e-06,0.0,0.0,1.6531624277157595e-05,-3.7801243393004433e-06,0.0,0.0,Rbias3,6.417251396938322e-06,2.7646737166411505e-06,0.0,0.0,2.626224219735008e-06,1.0263534605621639e-06,0.0,0.0,
11,Rd,-0.00011504332968360698,-0.00032109759421290794,0.0,0.0,0.00022376291358918116,-1.7708649059878913e-05,0.0,0.0,Ibias,253.32046076748438,-20.680418562999446,0.0,0.0,127.34018699559482,146.6606923348922,0.0,0.0,W1,-412.05274513808774,-1332.4928702919003,0.0,0.0,634.4129028347784,286.02722231901754,0.0,0.0,W2,-940.270508101707,443.10607388472124,0.0,0.0,-1789.5686119288869,406.19202994256744,0.0,0.0,Alo,-1.1450932259607753,-0.3147804558503482,0.0,0.0,-0.8303127701104273,0.0,0.0,0.0,Rbias2,1.5284780527865063e-05,2.804987126743384e-06,0.0,0.0,1.6286731424492258e-05,-3.8069380233704925e-06,0.0,0.0,Rbias3,6.297085782174977e-06,2.7370910908191873e-06,0.0,0.0,2.526365979683989e-06,1.0336287116718013e-06,0.0,0.0,
12,Rd,-0.00010911286856235331,-0.00031690573422569823,0.0,0.0,0.00022540704403752043,-1.7614178374178063e-05,0.0,0.0,Ibias,256.26812535176896,-19.496807202364078,0.0,0.0,128.80033194411854,146.96460061001451,0.0,0.0,W1,-347.01892412333336,-1306.6434226949123,0.0,0.0,674.4907533957478,285.1337451757978,0.0,0.0,W2,-824.853730768244,473.2059473417032,0.0,0.0,-1702.0858808727507,404.0262027628308,0.0,0.0,Alo,-1.1305615104215523,-0.30923087589182907,0.0,0.0,-0.82133063452972,0.0,0.0,0.0,Rbias2,1.567908138197434e-05,2.853666218194148e-06,0.0,0.0,1.66590398054609e-05,-3.83362464168062e-06,0.0,0.0,Rbias3,6.42693416997398e-06,2.7942985181261753e-06,0.0,0.0,2.591783390707582e-06,1.040852261140246e-06,0.0,0.0,
13,Rd,-0.00011159828959785471,-0.00031600566709979105,0.0,0.0,0.00022192330248309758,-1.7515924981159956e-05,0.0,0.0,Ibias,252.44806170770073,-20.652316156130514,0.0,0.0,126.04591249928662,147.0544653645457,0.0,0.0,W1,-391.84755954060904,-1312.9431424461995,0.0,0.0,645.1308755694613,275.9647073361292,0.0,0.0,W2,-875.14349646003,451.642778616538,0.0,0.0,-1728.685347321777,401.89907224523614,0.0,0.0,Alo,-1.135732694364296,-0.31028797802896985,0.0,0.0,-0.8254447163353166,0.0,0.0,0.0,Rbias2,1.556715915022561e-05,2.751867179674509e-06,0.0,0.0,1.66760361266496e-05,-3.86074415609841e-06,0.0,0.0,Rbias3,6.417803667554943e-06,2.8074436601438834e-06,0.0,0.0,2.562173055857751e-06,1.0481869515533562e-06,0.0,0.0,
14,Rd,-0.00010928425045428559,-0.00031301564780738714,0.0,0.0,0.00022115978103974234,-1.7428383686638206e-05,0.0,0.0,Ibias,252.58965126725505,-20.24290886805312,0.0,0.0,125.5425766976849,147.2899834376254,0.0,0.0,W1,-360.92720350674114,-1299.5670879071795,0.0,0.0,652.5185822893669,286.12130211108797,0.0,0.0,W2,-834.9722333944778,461.7962469057007,0.0,0.0,-1695.3851304708671,398.61665017074273,0.0,0.0,Alo,-1.1297617556090567,-0.3071047925931184,0.0,0.0,-0.8226569630159447,0.0,0.0,0.0,Rbias2,1.5738172343335848e-05,2.7369156165815494e-06,0.0,0.0,1.689059859870557e-05,-3.88934187195127e-06,0.0,0.0,Rbias3,6.486971528064541e-06,2.8483243038302342e-06,0.0,0.0,2.582527301176511e-06,1.0561199230578683e-06,0.0,0.0,
15,Rd,-0.00010939110961106265,-0.00031100137780356197,0.0,0.0,0.0002189443644423869,-1.733409624989143e-05,0.0,0.0,Ibias,250.11682915352927,-20.616807862752314,0.0,0.0,123.75804424119588,146.97559277508142,0.0,0.0,W1,-375.2405407752271,-1298.4622253480584,0.0,0.0,640.1067723194416,283.1149122533401,0.0,0.0,W2,-845.0825429059887,452.20486645361444,0.0,0.0,-1694.7791670822264,397.4917577224613,0.0,0.0,Alo,-1.1303820532101994,-0.3067389835050109,0.0,0.0,-0.823643069705198,0.0,0.0,0.0,Rbias2,1.5735924304496583e-05,2.657294979136114e-06,0.0,0.0,1.6994446290761854e-05,-3.915816965401649e-06,0.0,0.0,Rbias3,6.5102099427387565e-06,2.8720414279589576e-06,0.0,0.0,2.574988542710295e-06,1.0631799720693572e-06,0.0,0.0,
16,Rd,-0.00010811875428548086,-0.00030843469784085775,0.0,0.0,0.0002175604427043063,-1.7244499148933198e-05,0.0,0.0,Ibias,249.66719391264135,-20.517538938402566,0.0,0.0,122.70936344743996,147.47536940360504,0.0,0.0,W1,-369.6452058101366,-1290.058193463514,0.0,0.0,638.6833753499873,281.7296123033241,0.0,0.0,W2,-826.3403674353033,454.43679828595725,0.0,0.0,-1676.4406654887052,395.6634997674177,0.0,0.0,Alo,-1.1270349776844937,-0.3044983054367403,0.0,0.0,-0.8225366722477567,0.0,0.0,0.0,Rbias2,1.582516199787418e-05,2.6018622272416245e-06,0.0,0.0,1.7166466830911714e-05,-3.943167060279246e-06,0.0,0.0,Rbias3,6.560444317061762e-06,2.9064955011665607e-06,0.0,0.0,2.583344194112684e-06,1.070604621782468e-06,0.0,0.0,
17,Rd,-0.0001078132492651672,-0.0003062649457952734,0.0,0.0,0.00021560839906628365,-1.7156702536179943e-05,0.0,0.0,Ibias,248.05345605105728,-20.732446614597027,0.0,0.0,121.17543226480545,147.61047040084887,0.0,0.0,W1,-377.8923553432596,-1288.937630549127,0.0,0.0,630.2289851983597,280.81629000747466,0.0,0.0,W2,-831.6622158547278,444.9039113222033,0.0,0.0,-1670.2628472931578,393.6967201162266,0.0,0.0,Alo,-1.1261262962746421,-0.3031952736391168,0.0,0.0,-0.822931022635538,0.0,0.0,0.0,Rbias2,1.584339770774588e-05,2.5191346673798987e-06,0.0,0.0,1.7295274734093016e-05,-3.971011693727394e-06,0.0,0.0,Rbias3,6.591666143955816e-06,2.9340768224492447e-06,0.0,0.0,2.579386404307633e-06,1.0782029171988389e-06,0.0,0.0,
18,Rd,-0.00010659885829044506,-0.00030355640410880346,0.0,0.0,0.0002140286015650835,-1.7071055746726377e-05,0.0,0.0,Ibias,247.02948654412288,-20.629247909194795,0.0,0.0,119.93372474271469,147.7250097106019,0.0,0.0,W1,-376.7361259134357,-1282.968143736137,0.0,0.0,626.2733422267362,279.9586755959322,0.0,0.0,W2,-821.049321422808,443.2243943035409,0.0,0.0,-1656.04494250322,391.77122677676357,0.0,0.0,Alo,-1.1238143971701027,-0.3014180042955765,0.0,0.0,-0.8223963928745326,0.0,0.0,0.0,Rbias2,1.5901684327293426e-05,2.4478614678038724e-06,0.0,0.0,1.745279170166568e-05,-3.998968842176217e-06,0.0,0.0,Rbias3,6.63827534906968e-06,2.9690601547952608e-06,0.0,0.0,2.5833263321600517e-06,1.0858888621143423e-06,0.0,0.0,
19,Rd,-0.00010491991830186774,-0.00030105768388470367,0.0,0.0,0.00021227339452417772,-1.613562894134054e-05,0.0,0.0,Ibias,246.28066953874216,-20.684074848366407,0.0,0.0,118.37880236629455,148.5859420208151,0.0,0.0,W1,-380.9538902601563,-1279.4408388981183,0.0,0.0,618.1735906590748,280.31335797888715,0.0,0.0,W2,-803.4691170727123,437.65819253139966,0.0,0.0,-1649.218624128918,408.09131452483297,0.0,0.0,Alo,-1.1223663238061807,-0.29964519405530327,0.0,0.0,-0.8227211297508806,0.0,0.0,0.0,Rbias2,1.5922148507846477e-05,2.361853910577808e-06,0.0,0.0,1.758602951081545e-05,-4.025734913546505e-06,0.0,0.0,Rbias3,6.674649169541665e-06,3.000680681150892e-06,0.0,0.0,2.5803487278985206e-06,1.0936197604922772e-06,0.0,0.0,
20,Rd,-0.00010499342723680482,-0.0002985779974146588,0.0,0.0,0.00021056757810104863,-1.698300792318839e-05,0.0,0.0,Ibias,245.01657086913215,-20.577320395555233,0.0,0.0,116.99772142754136,148.5961698371515,0.0,0.0,W1,-384.37213048065564,-1275.8910154196008,0.0,0.0,612.6681328369235,278.85075210207077,0.0,0.0,W2,-820.694634758411,432.1300515916438,0.0,0.0,-1638.3257810708992,385.50109472081766,0.0,0.0,Alo,-1.120429148017316,-0.2978671765028974,0.0,0.0,-0.8225619715144187,0.0,0.0,0.0,Rbias2,1.594071566364548e-05,2.2607697295462255e-06,0.0,0.0,1.773334345336294e-05,-4.053397519263548e-06,0.0,0.0,Rbias3,6.71463763492384e-06,3.032503088206918e-06,0.0,0.0,2.5809601852907435e-06,1.101174361426204e-06,0.0,0.0,
21,Rd,-0.00010412076417065652,-0.0002959382658484343,0.0,0.0,0.00020872299932022962,-1.690549764245685e-05,0.0,0.0,Ibias,243.6724665727938,-20.468325404603938,0.0,0.0,115.47669370971353,148.66409826768313,0.0,0.0,W1,-385.9643580059153,-1269.9604831108795,0.0,0.0,605.2586655895913,278.73745951534,0.0,0.0,W2,-816.44899934631,430.5095200586055,0.0,0.0,-1630.6598006323807,383.7012812274652,0.0,0.0,Alo,-1.1183922615640665,-0.29562119037116275,0.0,0.0,-0.8227710711928973,0.0,0.0,0.0,Rbias2,1.5962895420816413e-05,2.1713423500886847e-06,0.0,0.0,1.7872997776240856e-05,-4.081444705513173e-06,0.0,0.0,Rbias3,6.755437054098576e-06,3.0682969067093625e-06,0.0,0.0,2.578251586248616e-06,1.1088885611404942e-06,0.0,0.0,
22,Rd,-0.00010292179713698744,-0.0002931423314625929,0.0,0.0,0.00020694094081458018,-1.6720406488969752e-05,0.0,0.0,Ibias,242.4086922503064,-20.196891092810013,0.0,0.0,113.99326756157558,148.61231578154525,0.0,0.0,W1,-386.60785580646245,-1266.408165637532,0.0,0.0,598.5943933511777,281.20591647989187,0.0,0.0,W2,-814.1152511779965,425.0392112405248,0.0,0.0,-1621.9278791258164,382.77341670732176,0.0,0.0,Alo,-1.1166742994152294,-0.2938346795372968,0.0,0.0,-0.8228396198779327,0.0,0.0,0.0,Rbias2,1.595621887033915e-05,2.0530052080648623e-06,0.0,0.0,1.8017713075599877e-05,-4.114499413325447e-06,0.0,0.0,Rbias3,6.795055918564901e-06,3.100596619183918e-06,0.0,0.0,2.5763420893301204e-06,1.118117210050862e-06,0.0,0.0,
23,Rd,-0.00010211331575694432,-0.00029054996042593727,0.0,0.0,0.0002051043738349352,-1.666772916594164e-05,0.0,0.0,Ibias,240.78538863828095,-20.083591100528235,0.0,0.0,112.47602209874586,148.39295764006553,0.0,0.0,W1,-394.2237152946489,-1262.8589410271884,0.0,0.0,591.6045905095223,277.0306352230172,0.0,0.0,W2,-812.1977404604104,419.5878941385841,0.0,0.0,-1613.825631729938,382.0399971309702,0.0,0.0,Alo,-1.1145390099397503,-0.29158445436108255,0.0,0.0,-0.8229545555786645,0.0,0.0,0.0,Rbias2,1.5965230208105515e-05,1.9462762194222647e-06,0.0,0.0,1.816102058188819e-05,-4.142066593205274e-06,0.0,0.0,Rbias3,6.83611536245236e-06,3.1369305215765157e-06,0.0,0.0,2.5735430774159168e-06,1.1256417634598223e-06,0.0,0.0,
24,Rd,-0.00010125602234428812,-0.0002879756058028977,0.0,0.0,0.00020332174775986898,-1.6602164301258797e-05,0.0,0.0,Ibias,239.32216352441196,-19.804810297152144,0.0,0.0,111.11876903186669,148.0082047896974,0.0,0.0,W1,-396.9977078321079,-1259.2617512288691,0.0,0.0,587.2113573846137,275.05268601216386,0.0,0.0,W2,-806.7841084531256,414.221808937704,0.0,0.0,-1601.5870082575434,380.58109086671374,0.0,0.0,Alo,-1.1123713835470581,-0.2893273014718542,0.0,0.0,-0.8230440820752039,0.0,0.0,0.0,Rbias2,1.5958524604805254e-05,1.8238694137210753e-06,0.0,0.0,1.8305703219393725e-05,-4.171048028309692e-06,0.0,0.0,Rbias3,6.877719485387045e-06,3.173559342269286e-06,0.0,0.0,2.570486921591616e-06,1.1336732215261953e-06,0.0,0.0,
25,Rd,-0.00010033589374540376,-0.0002852475872745447,0.0,0.0,0.00020144174437869568,-1.6530050849553473e-05,0.0,0.0,Ibias,238.31687811638474,-19.526103480952678,0.0,0.0,109.45496610845936,148.38801548887807,0.0,0.0,W1,-404.0222461126634,-1255.7066914264667,0.0,0.0,578.4525101733135,273.2319351405224,0.0,0.0,W2,-808.7977395185594,408.82688264039143,0.0,0.0,-1596.543579192703,378.91895703381834,0.0,0.0,Alo,-1.1109906839556163,-0.28752940040861485,0.0,0.0,-0.823461283546992,0.0,0.0,0.0,Rbias2,1.5939332967495492e-05,1.699295024541885e-06,0.0,0.0,1.8440243710998112e-05,-4.2002057680439235e-06,0.0,0.0,Rbias3,6.91648188418499e-06,3.2104648243635325e-06,0.0,0.0,2.5640813076670615e-06,1.141935752154476e-06,0.0,0.0,
26,Rd,-9.932573775836071e-05,-0.0002825414054835954,0.0,0.0,0.00019967421830702027,-1.6458550581785574e-05,0.0,0.0,Ibias,237.2533807235111,-19.245213966146018,0.0,0.0,107.84586668614234,148.6527280035131,0.0,0.0,W1,-387.68866188356435,-1254.4742547612627,0.0,0.0,571.5027939361634,295.2827989414944,0.0,0.0,W2,-812.1982379420012,399.6323919123473,0.0,0.0,-1588.614199686575,376.7835698321999,0.0,0.0,Alo,-1.1087691335634262,-0.2852660635328334,0.0,0.0,-0.8235030700306055,0.0,0.0,0.0,Rbias2,1.5930393122569835e-05,1.5725932538246488e-06,0.0,0.0,1.858599166649304e-05,-4.228191797747856e-06,0.0,0.0,Rbias3,6.96160277883349e-06,3.2476677610907516e-06,0.0,0.0,2.564108541797978e-06,1.1498264759447193e-06,0.0,0.0,
27,Rd,-9.782305096647308e-05,-0.0002798590516349697,0.0,0.0,0.00019774496787497068,-1.5708967206472214e-05,0.0,0.0,Ibias,235.68074146394812,-19.12301822076995,0.0,0.0,106.11951651269523,148.68424317202678,0.0,0.0,W1,-408.0972791847017,-1253.2378910375735,0.0,0.0,561.5331350709251,283.60747678195474,0.0,0.0,W2,-818.4321201363977,390.48680229285173,0.0,0.0,-1584.389924684233,375.4710022549308,0.0,0.0,Alo,-1.1069536341399433,-0.2829985408429379,0.0,0.0,-0.8239550932970054,0.0,0.0,0.0,Rbias2,1.5973985518231026e-05,1.4297884658772238e-06,0.0,0.0,1.8734393681675862e-05,-4.1901966293216155e-06,0.0,0.0,Rbias3,6.995873818325936e-06,3.2811989377690507e-06,0.0,0.0,2.555935248497098e-06,1.1587396320598278e-06,0.0,0.0,
28,Rd,-9.740517710911307e-05,-0.0002770211880963079,0.0,0.0,0.00019601343165376984,-1.639742066657621e-05,0.0,0.0,Ibias,233.94997058258272,-18.67435191557464,0.0,0.0,104.55556262409436,148.06875987406696,0.0,0.0,W1,-424.80452404727276,-1249.606714096974,0.0,0.0,554.9390094749585,269.86318057476706,0.0,0.0,W2,-817.5798889124059,385.1659654678236,0.0,0.0,-1577.2455425771543,374.49968819680623,0.0,0.0,Alo,-1.104167031025941,-0.2802684441447917,0.0,0.0,-0.823898586881159,0.0,0.0,0.0,Rbias2,1.5871423466893385e-05,1.284500129059799e-06,0.0,0.0,1.888318460260613e-05,-4.296261264772643e-06,0.0,0.0,Rbias3,7.0420533771382574e-06,3.322822666772665e-06,0.0,0.0,2.550292896073522e-06,1.1689378142920696e-06,0.0,0.0,
29,Rd,-9.651353196652885e-05,-0.00027421017671737255,0.0,0.0,0.00019397346871046205,-1.6276823959612875e-05,0.0,0.0,Ibias,232.94338704426735,-18.38532152920605,0.0,0.0,102.67710305067051,148.65160552280628,0.0,0.0,W1,-434.07586478685545,-1245.9721824289772,0.0,0.0,544.4838458995166,267.4124717426781,0.0,0.0,W2,-827.7268183001496,376.10538533410613,0.0,0.0,-1575.1636329949035,371.33142936073983,0.0,0.0,Alo,-1.1025475567109124,-0.27799265534848244,0.0,0.0,-0.8245549013624267,0.0,0.0,0.0,Rbias2,1.583686077130288e-05,1.1369388850814132e-06,0.0,0.0,1.9008458586388496e-05,-4.30853670016678e-06,0.0,0.0,Rbias3,7.073727552412855e-06,3.360796138851721e-06,0.0,0.0,2.5389287331705623e-06,1.174002680390613e-06,0.0,0.0,
30,Rd,-9.546042715737628e-05,-0.00027142029514446136,0.0,0.0,0.0001921833772274554,-1.622350924037091e-05,0.0,0.0,Ibias,232.1119240213123,-17.930776470817293,0.0,0.0,101.01163298177528,149.031067510356,0.0,0.0,W1,-444.1747420651456,-1244.6351413543468,0.0,0.0,536.3921817247698,264.06821756439916,0.0,0.0,W2,-828.710327232106,367.0718453271265,0.0,0.0,-1569.2295782240708,373.4474056648251,0.0,0.0,Alo,-1.0998826231052206,-0.2752559221358083,0.0,0.0,-0.824626700969409,0.0,0.0,0.0,Rbias2,1.577693308179737e-05,9.725248414288121e-07,0.0,0.0,1.9146606113908412e-05,-4.342197873539553e-06,0.0,0.0,Rbias3,7.12288237230804e-06,3.3990343552470132e-06,0.0,0.0,2.5318122276587897e-06,1.1920357894022923e-06,0.0,0.0,
31,Rd,-9.482895766407518e-05,-0.00026882770598112086,0.0,0.0,0.00019013292740295294,-1.61341790859103e-05,0.0,0.0,Ibias,229.87161183991992,-17.635432850881024,0.0,0.0,99.20382000996555,148.30322468083654,0.0,0.0,W1,-447.7022273962908,-1243.2624859062346,0.0,0.0,526.0036110805704,269.5566474293975,0.0,0.0,W2,-839.7245347010206,358.1028813212352,0.0,0.0,-1567.0328361304275,369.2054201081978,0.0,0.0,Alo,-1.0977144160537615,-0.27251604417232583,0.0,0.0,-0.8251983718814389,0.0,0.0,0.0,Rbias2,1.5676129849459907e-05,7.911163733643123e-07,0.0,0.0,1.927233682101723e-05,-4.387323344921889e-06,0.0,0.0,Rbias3,7.1505670859038304e-06,3.437556892452437e-06,0.0,0.0,2.5185293087060296e-06,1.1944808847453918e-06,0.0,0.0,
32,Rd,-9.378963756674525e-05,-0.0002659062335508761,0.0,0.0,0.0001881845967963022,-1.606800081217373e-05,0.0,0.0,Ibias,228.49351319287254,-17.175506352776047,0.0,0.0,97.29423754275517,148.37478200289286,0.0,0.0,W1,-460.97512881366504,-1241.8211728605236,0.0,0.0,517.0858056487027,263.76023839809136,0.0,0.0,W2,-842.21065600485,352.9357095574261,0.0,0.0,-1562.4189229992912,367.27255743702824,0.0,0.0,Alo,-1.0954022745898229,-0.26976803170253333,0.0,0.0,-0.8256342428872895,0.0,0.0,0.0,Rbias2,1.5610567502870917e-05,6.216384224093744e-07,0.0,0.0,1.9398175511606008e-05,-4.409246431144313e-06,0.0,0.0,Rbias3,7.17375275032241e-06,3.4803710558109564e-06,0.0,0.0,2.5061964712555048e-06,1.1871852232559061e-06,0.0,0.0,
33,Rd,-9.278579736610655e-05,-0.0002630105124726884,0.0,0.0,0.0001862323991809042,-1.6007684074322325e-05,0.0,0.0,Ibias,227.20163089701896,-16.712168841425402,0.0,0.0,95.40004775351366,148.5137519849301,0.0,0.0,W1,-466.3126975154036,-1240.3669146851553,0.0,0.0,506.3906964037132,267.6635207659822,0.0,0.0,W2,-854.5987353900819,340.2920744537497,0.0,0.0,-1560.7240240343258,365.83321419045507,0.0,0.0,Alo,-1.093073234640786,-0.26701663169852896,0.0,0.0,-0.8260566029422636,0.0,0.0,0.0,Rbias2,1.55166292088041e-05,4.3496548034194106e-07,0.0,0.0,1.9525978530367297e-05,-4.444314801905499e-06,0.0,0.0,Rbias3,7.2260612223094104e-06,3.5194221253272413e-06,0.0,0.0,2.4946063697986504e-06,1.2120327271835195e-06,0.0,0.0,
34,Rd,-9.161045721362083e-05,-0.0002599668778048457,0.0,0.0,0.00018430267071437977,-1.594625012315428e-05,0.0,0.0,Ibias,226.5601219262305,-16.24599925547707,0.0,0.0,93.49964404344578,149.30647713826005,0.0,0.0,W1,-471.44219184273817,-1238.8557206857347,0.0,0.0,496.5164633820005,270.89706546101206,0.0,0.0,W2,-857.5084108395421,335.1708270958351,0.0,0.0,-1557.6328733784924,364.95363544310226,0.0,0.0,Alo,-1.0901943189959442,-0.26380626175969685,0.0,0.0,-0.8263880572362473,0.0,0.0,0.0,Rbias2,1.5401060476141985e-05,2.4567164492514694e-07,0.0,0.0,1.9657142863085336e-05,-4.501754031868865e-06,0.0,0.0,Rbias3,7.267918229314278e-06,3.5628192309347475e-06,0.0,0.0,2.4798798316240587e-06,1.2252191667554573e-06,0.0,0.0,
35,Rd,-9.071266021868542e-05,-0.00025712187129888316,0.0,0.0,0.00018229991636158917,-1.5890705281387242e-05,0.0,0.0,Ibias,224.95506162531984,-15.777499766625862,0.0,0.0,91.47505005927195,149.25751133267664,0.0,0.0,W1,-488.2964495286827,-1237.3150033919082,0.0,0.0,485.13251469213264,263.88603917107685,0.0,0.0,W2,-871.7833530305941,322.6431465441921,0.0,0.0,-1557.0196072927474,362.5931077179611,0.0,0.0,Alo,-1.0874874756302484,-0.2605949873065409,0.0,0.0,-0.8268924883237074,0.0,0.0,0.0,Rbias2,1.5316245954763335e-05,3.8782921081440645e-08,0.0,0.0,1.9778151994206964e-05,-4.500688960524861e-06,0.0,0.0,Rbias3,7.300058528235926e-06,3.6065691595172567e-06,0.0,0.0,2.463538576535207e-06,1.229950792183594e-06,0.0,0.0,
36,Rd,-9.00503625623831e-05,-0.0002544658206446381,0.0,0.0,0.00018024943319572677,-1.5833975113471738e-05,0.0,0.0,Ibias,223.4607026362626,-15.306589185641498,0.0,0.0,89.3519195975203,149.41537222438728,0.0,0.0,W1,-504.962716326431,-1238.0002749745559,0.0,0.0,472.69276138704436,260.3447972610565,0.0,0.0,W2,-886.785811706389,310.1716383072403,0.0,0.0,-1558.0312374435744,361.07378743011367,0.0,0.0,Alo,-1.0853061712541703,-0.25783205363044004,0.0,0.0,-0.8274741176237207,0.0,0.0,0.0,Rbias2,1.5175161749047668e-05,-1.8596987875986007e-07,0.0,0.0,1.9894142525153696e-05,-4.5330108973459576e-06,0.0,0.0,Rbias3,7.326114142075839e-06,3.6421637816592507e-06,0.0,0.0,2.4444175473954103e-06,1.239532813021237e-06,0.0,0.0,
37,Rd,-8.856859221786825e-05,-0.0002511519404341138,0.0,0.0,0.00017836014819324508,-1.577679997700308e-05,0.0,0.0,Ibias,222.29505919720125,-14.667455820916647,0.0,0.0,87.41377891550525,149.54873610261149,0.0,0.0,W1,-515.4892636832726,-1234.06183160031,0.0,0.0,463.16667923330226,255.4058886837272,0.0,0.0,W2,-893.2235124536332,301.4654497420454,0.0,0.0,-1554.2575149948166,359.5685527990214,0.0,0.0,Alo,-1.0812930889999688,-0.2537075359410198,0.0,0.0,-0.8275855530589585,0.0,0.0,0.0,Rbias2,1.5070095106635993e-05,-3.833450319533411e-07,0.0,0.0,2.002136231992263e-05,-4.567922181333244e-06,0.0,0.0,Rbias3,7.368021498191944e-06,3.690572243087075e-06,0.0,0.0,2.4277686837951427e-06,1.249680571309711e-06,0.0,0.0,
38,Rd,-8.788692129566674e-05,-0.00024837555459535337,0.0,0.0,0.0001762056998813894,-1.571706658170038e-05,0.0,0.0,Ibias,220.4318479751836,-14.192278866755888,0.0,0.0,85.18538839039368,149.43873845154695,0.0,0.0,W1,-521.6294423362285,-1236.8873492419716,0.0,0.0,449.823698124046,265.43420878172896,0.0,0.0,W2,-909.502160758781,289.1368764816053,0.0,0.0,-1556.6467802374364,358.0077429971018,0.0,0.0,Alo,-1.078864579032805,-0.25049010458612075,0.0,0.0,-0.8283744744466621,0.0,0.0,0.0,Rbias2,1.488456614904925e-05,-6.290489491523726e-07,0.0,0.0,2.0119483777508225e-05,-4.605868679306281e-06,0.0,0.0,Rbias3,7.396219318367835e-06,3.730886305633376e-06,0.0,0.0,2.4047029079645754e-06,1.2606301047699284e-06,0.0,0.0,
39,Rd,-8.692028982914005e-05,-0.0002454489105594107,0.0,0.0,0.00017418297962588344,-1.5654358895608083e-05,0.0,0.0,Ibias,219.50128882371195,-13.547696389443846,0.0,0.0,83.05842580601346,149.99055940714234,0.0,0.0,W1,-529.3672188167862,-1235.1114046000052,0.0,0.0,438.26011051248616,267.4840752707408,0.0,0.0,W2,-922.8531161187829,276.867962317199,0.0,0.0,-1556.0700092709717,356.3489308349252,0.0,0.0,Alo,-1.0760248757237427,-0.24726626237204605,0.0,0.0,-0.8287586133516935,0.0,0.0,0.0,Rbias2,1.4710679000727797e-05,-8.77724340528718e-07,0.0,0.0,2.02344063171968e-05,-4.646002975940177e-06,0.0,0.0,Rbias3,7.431960080338809e-06,3.7756598495925093e-06,0.0,0.0,2.3839688050258038e-06,1.2723314257205413e-06,0.0,0.0,
40,Rd,-8.587034497599951e-05,-0.00024237799119159145,0.0,0.0,0.00017209735328436513,-1.5589707068773183e-05,0.0,0.0,Ibias,219.69427391977956,-12.900490158427953,0.0,0.0,80.83950234451834,151.75526173369326,0.0,0.0,W1,-538.9922449211648,-1235.518115488088,0.0,0.0,425.74291003666957,270.7829605302693,0.0,0.0,W2,-934.1047322928586,268.3202490489056,0.0,0.0,-1556.9267034491104,354.50172210742346,0.0,0.0,Alo,-1.0728386508328251,-0.24358933875019306,0.0,0.0,-0.8292493120826225,0.0,0.0,0.0,Rbias2,1.4640932531200999e-05,-1.113910586932766e-06,0.0,0.0,2.0341983056235605e-05,-4.587139938101401e-06,0.0,0.0,Rbias3,7.465828812056481e-06,3.820694323795633e-06,0.0,0.0,2.3605392268678783e-06,1.2845952613930009e-06,0.0,0.0,
41,Rd,-8.501215651534785e-05,-0.0002394974240207888,0.0,0.0,0.00017005941341024472,-1.5574145904800835e-05,0.0,0.0,Ibias,217.02941411383222,-12.250752130286777,0.0,0.0,78.63830903197814,150.64185721214028,0.0,0.0,W1,-572.4135611530176,-1235.8542900663876,0.0,0.0,413.7519559498662,249.68877296355132,0.0,0.0,W2,-947.1160184690245,256.17674712736306,0.0,0.0,-1556.909200600654,353.6164350042793,0.0,0.0,Alo,-1.0694921872103573,-0.23991315563496024,0.0,0.0,-0.829579031575394,0.0,0.0,0.0,Rbias2,1.439833690147547e-05,-1.3683770052044285e-06,0.0,0.0,2.0452126824410626e-05,-4.685412917730835e-06,0.0,0.0,Rbias3,7.471066767092154e-06,3.866002142545273e-06,0.0,0.0,2.3372090870529254e-06,1.267855537493972e-06,0.0,0.0,
42,Rd,-8.404703587681915e-05,-0.00023631026729069621,0.0,0.0,0.0001677882653254909,-1.552503391161091e-05,0.0,0.0,Ibias,214.69840953639286,-11.600832804481447,0.0,0.0,76.17585346345018,150.1233888774253,0.0,0.0,W1,-585.7473562873228,-1233.9220371404153,0.0,0.0,398.5483407351982,249.62634011795737,0.0,0.0,W2,-965.797332993863,244.0505816880381,0.0,0.0,-1562.0370192516718,352.18910456995025,0.0,0.0,Alo,-1.0662427755958133,-0.23579535443846994,0.0,0.0,-0.8304474211573403,0.0,0.0,0.0,Rbias2,1.4180810888672124e-05,-1.641542542350381e-06,0.0,0.0,2.05387987781182e-05,-4.716445347095363e-06,0.0,0.0,Rbias3,7.520526818636466e-06,3.915913281430734e-06,0.0,0.0,2.306619010160444e-06,1.2979945270453968e-06,0.0,0.0,
43,Rd,-8.300695741394042e-05,-0.00023330627967883895,0.0,0.0,0.0001657774899103556,-1.547816764545412e-05,0.0,0.0,Ibias,213.34856296434268,-10.943817128278706,0.0,0.0,73.94135501780892,150.3510250748195,0.0,0.0,W1,-597.8671922756607,-1234.075063576494,0.0,0.0,386.75678861836667,249.45108268249027,0.0,0.0,W2,-978.6221498116339,232.09529826697263,0.0,0.0,-1561.4723000536567,350.7548519750372,0.0,0.0,Alo,-1.0622239691312687,-0.23166454110113333,0.0,0.0,-0.830559428030126,0.0,0.0,0.0,Rbias2,1.3983487061899111e-05,-1.917206929740316e-06,0.0,0.0,2.0648190862943434e-05,-4.7474968713037825e-06,0.0,0.0,Rbias3,7.551711098217074e-06,3.961797096090812e-06,0.0,0.0,2.2816894858211124e-06,1.3082245163052281e-06,0.0,0.0,
44,Rd,-8.201573674989791e-05,-0.00023016397239357432,0.0,0.0,0.00016358096833079416,-1.5432732687114814e-05,0.0,0.0,Ibias,211.37432771170438,-9.954962099959145,0.0,0.0,71.48644257596816,149.84284723569596,0.0,0.0,W1,-610.5053513701835,-1231.9777160919568,0.0,0.0,372.2965426941191,249.17582202765416,0.0,0.0,W2,-995.6814641650664,220.1577347904528,0.0,0.0,-1565.1746548940341,349.33545593851494,0.0,0.0,Alo,-1.0582215247150446,-0.22709750840783188,0.0,0.0,-0.8311240163072063,0.0,0.0,0.0,Rbias2,1.3778489934267624e-05,-2.180140163347097e-06,0.0,0.0,2.0737324108659946e-05,-4.778694011044887e-06,0.0,0.0,Rbias3,7.585869563017826e-06,4.016814887247335e-06,0.0,0.0,2.250461866233044e-06,1.318592809537557e-06,0.0,0.0,
45,Rd,-8.076809866136896e-05,-0.00022688136457079932,0.0,0.0,0.00016150196211785745,-1.538869620843061e-05,0.0,0.0,Ibias,209.37542120274674,-9.295841406120832,0.0,0.0,68.97669531479416,149.69456729406633,0.0,0.0,W1,-625.7798810072588,-1232.0227062683182,0.0,0.0,357.419387754799,248.82343750626802,0.0,0.0,W2,-1013.1990368482151,208.2947878925021,0.0,0.0,-1569.4222529738263,347.92842823310906,0.0,0.0,Alo,-1.0542078457598136,-0.22253506589928002,0.0,0.0,-0.8316727798605399,0.0,0.0,0.0,Rbias2,1.3457574068143565e-05,-2.4775086116114934e-06,0.0,0.0,2.0821891583757072e-05,-4.886808904002352e-06,0.0,0.0,Rbias3,7.609606042314463e-06,4.063226372589691e-06,0.0,0.0,2.2173183101317632e-06,1.3290613595929451e-06,0.0,0.0,
46,Rd,-7.919069580537632e-05,-0.00022395400191412796,0.0,0.0,0.00015931284954993303,-1.4549543441177888e-05,0.0,0.0,Ibias,208.56196577738874,-8.635013682475572,0.0,0.0,66.47009107081298,150.7268883890513,0.0,0.0,W1,-632.2089185060762,-1234.1813228625863,0.0,0.0,342.8828437056192,259.0895606508987,0.0,0.0,W2,-1016.2211881614088,192.9221207852972,0.0,0.0,-1573.0382085373421,363.89489959058534,0.0,0.0,Alo,-1.0505840076940567,-0.21842322951330143,0.0,0.0,-0.8321607781807522,0.0,0.0,0.0,Rbias2,1.3277197942839869e-05,-2.793731061931869e-06,0.0,0.0,2.0906976335312587e-05,-4.836047330540963e-06,0.0,0.0,Rbias3,7.655219111830502e-06,4.109855081283322e-06,0.0,0.0,2.1837459779664123e-06,1.3616180525806244e-06,0.0,0.0,
47,Rd,-7.888961959256512e-05,-0.0002207216575081473,0.0,0.0,0.00015713532296147056,-1.530328504588781e-05,0.0,0.0,Ibias,206.8247267864536,-7.80586614367593,0.0,0.0,63.946829585708855,150.68376334442186,0.0,0.0,W1,-645.612281219627,-1234.0099330295031,0.0,0.0,330.3936909634616,258.00396084638345,0.0,0.0,W2,-1033.5219201329703,181.21054364755742,0.0,0.0,-1576.253371560973,361.52090778043265,0.0,0.0,Alo,-1.0463471523781172,-0.21386999018569927,0.0,0.0,-0.8324771621924179,0.0,0.0,0.0,Rbias2,1.302743699800606e-05,-3.0967880523459884e-06,0.0,0.0,2.0991472968795676e-05,-4.867247918443628e-06,0.0,0.0,Rbias3,7.659621364240438e-06,4.161225454620202e-06,0.0,0.0,2.149241505920201e-06,1.3491544037000029e-06,0.0,0.0,
48,Rd,-7.799956723764543e-05,-0.00021751646021789497,0.0,0.0,0.000154780388009337,-1.5263495029089754e-05,0.0,0.0,Ibias,205.137999610346,-6.806369561659748,0.0,0.0,61.481765040700694,150.46260413130267,0.0,0.0,W1,-659.5184249223022,-1231.6166356813671,0.0,0.0,315.1748308220115,256.9233799370068,0.0,0.0,W2,-1051.870631422419,169.57192770951318,0.0,0.0,-1580.6971046345618,359.25454550256643,0.0,0.0,Alo,-1.041730861586146,-0.20888307052748828,0.0,0.0,-0.8328477910586641,0.0,0.0,0.0,Rbias2,1.276742681114572e-05,-3.4024991299151684e-06,0.0,0.0,2.106829924564625e-05,-4.898373304585765e-06,0.0,0.0,Rbias3,7.689506157027562e-06,4.217475271904079e-06,0.0,0.0,2.1119914235209826e-06,1.3600394616024342e-06,0.0,0.0,
49,Rd,-7.724617852735543e-05,-0.00021449405673482362,0.0,0.0,0.00015247206990721824,-1.5224191699753523e-05,0.0,0.0,Ibias,203.47189097193305,-5.97369376833605,0.0,0.0,58.75038560990526,150.69519913035907,0.0,0.0,W1,-678.9981019950059,-1233.4966002787166,0.0,0.0,298.6398836949579,255.8586145887761,0.0,0.0,W2,-1069.0678879951329,158.05917222181006,0.0,0.0,-1584.2215501511446,357.0944899340754,0.0,0.0,Alo,-1.0372891217734488,-0.20390554470657746,0.0,0.0,-0.8333835770668746,0.0,0.0,0.0,Rbias2,1.2460625891465172e-05,-3.7432209050493167e-06,0.0,0.0,2.113325861447197e-05,-4.929411817957538e-06,0.0,0.0,Rbias3,7.715260741340802e-06,4.269534144532433e-06,0.0,0.0,2.0746535205000613e-06,1.3710730763081436e-06,0.0,0.0,
50,Rd,-7.63962812855184e-05,-0.00021133092795323877,0.0,0.0,0.000150121610821605,-1.5186964153881174e-05,0.0,0.0,Ibias,201.4842400779798,-5.139609680407997,0.0,0.0,55.947539688089215,150.67631007029857,0.0,0.0,W1,-696.8260217647415,-1233.0961514231901,0.0,0.0,281.5089993135249,254.76113034492369,0.0,0.0,W2,-1116.5260957173916,139.47111719272135,0.0,0.0,-1594.4889418283356,338.4917289182226,0.0,0.0,Alo,-1.0328786372192007,-0.1989351322254811,0.0,0.0,-0.8339435049937258,0.0,0.0,0.0,Rbias2,1.21599400367466e-05,-4.086409299479556e-06,0.0,0.0,2.120688783902983e-05,-4.960538502804085e-06,0.0,0.0,Rbias3,7.734685867613987e-06,4.321760029081326e-06,0.0,0.0,2.030675271349671e-06,1.38225056718294e-06,0.0,0.0,
51,Rd,-7.528246710228716e-05,-0.00020803073097513676,0.0,0.0,0.0001478984585158322,-1.5150194642986621e-05,0.0,0.0,Ibias,199.44124824789515,-4.306472483517381,0.0,0.0,53.10952528018142,150.6381954512305,0.0,0.0,W1,-718.9152503158869,-1236.9279719042968,0.0,0.0,264.33592169833116,253.67679989007095,0.0,0.0,W2,-1137.144579921612,124.56987959719268,0.0,0.0,-1598.941329070743,337.22686955186293,0.0,0.0,Alo,-1.0280547829105766,-0.1939758258682279,0.0,0.0,-0.8340789570423487,0.0,0.0,0.0,Rbias2,1.1819314137321382e-05,-4.449031534183114e-06,0.0,0.0,2.1260036696454967e-05,-4.9916910249505874e-06,0.0,0.0,Rbias3,7.752808675669917e-06,4.374144170611267e-06,0.0,0.0,1.9850770383045437e-06,1.3935874667540882e-06,0.0,0.0,
52,Rd,-7.403606467291428e-05,-0.0002045931858782402,0.0,0.0,0.00014567197645450826,-1.5114855249178906e-05,0.0,0.0,Ibias,197.50210591944133,-3.3031844205910295,0.0,0.0,50.24527517505042,150.56001516498134,0.0,0.0,W1,-736.5521656383962,-1236.2975174267513,0.0,0.0,247.18711706818814,252.55823472019003,0.0,0.0,W2,-1156.82268414857,113.27143133843366,0.0,0.0,-1606.0836745011895,335.9895590141607,0.0,0.0,Alo,-1.0230511327686684,-0.18859039764150473,0.0,0.0,-0.83446073512717,0.0,0.0,0.0,Rbias2,1.147623292480847e-05,-4.813919381880035e-06,0.0,0.0,2.1312874363402264e-05,-5.022722056714054e-06,0.0,0.0,Rbias3,7.774810693009734e-06,4.431506674325483e-06,0.0,0.0,1.9382193521933647e-06,1.405084666490853e-06,0.0,0.0,
53,Rd,-7.323623208973454e-05,-0.00020134570786697762,0.0,0.0,0.0001431896626500407,-1.50801868727976e-05,0.0,0.0,Ibias,195.44485793948664,-2.299096432171083,0.0,0.0,47.32652470014477,150.41742967151353,0.0,0.0,W1,-754.6594894482333,-1235.5741264040005,0.0,0.0,229.59441469432178,251.3202222614685,0.0,0.0,W2,-1180.5005064966329,98.56857298196022,0.0,0.0,-1613.8131324436133,334.74405296509514,0.0,0.0,Alo,-1.0176007152036814,-0.18278502142303288,0.0,0.0,-0.8348156937806486,0.0,0.0,0.0,Rbias2,1.1140941268275246e-05,-5.164684620240022e-06,0.0,0.0,2.135934598774155e-05,-5.053720099225925e-06,0.0,0.0,Rbias3,7.794947406453445e-06,4.489162004407165e-06,0.0,0.0,1.8890331914253116e-06,1.4167522106209516e-06,0.0,0.0,
54,Rd,-7.23510204181036e-05,-0.00019811868436560477,0.0,0.0,0.00014081443491790915,-1.504677097040683e-05,0.0,0.0,Ibias,193.26064108569778,-1.2943424621245243,0.0,0.0,44.36229404834222,150.1926894994855,0.0,0.0,W1,-772.8773387841003,-1234.755216220145,0.0,0.0,211.78198576964647,250.09589166641345,0.0,0.0,W2,-1204.3326339499292,83.97243755867582,0.0,0.0,-1621.8112186335804,333.5061471250127,0.0,0.0,Alo,-1.0116892141108622,-0.17656548521251725,0.0,0.0,-0.8351237288983355,0.0,0.0,0.0,Rbias2,1.0765934961306971e-05,-5.5507719033367774e-06,0.0,0.0,2.1401414564980662e-05,-5.084707700336676e-06,0.0,0.0,Rbias3,7.813500366709674e-06,4.54709331759639e-06,0.0,0.0,1.837817053197365e-06,1.4285899959160555e-06,0.0,0.0,
55,Rd,-7.145633073847062e-05,-0.00019475734156168537,0.0,0.0,0.00013831566023481717,-1.5014649411604704e-05,0.0,0.0,Ibias,190.8198897399811,-0.28906176201603717,0.0,0.0,41.23055331406563,149.8783981879309,0.0,0.0,W1,-794.9034878232716,-1235.9517221193016,0.0,0.0,192.17418319493228,248.8740511010749,0.0,0.0,W2,-1230.9230237304491,69.48495192124912,0.0,0.0,-1632.6657149485675,332.25773929685676,0.0,0.0,Alo,-1.0064857398214202,-0.17079876360517404,0.0,0.0,-0.8356869762162461,0.0,0.0,0.0,Rbias2,1.0354780863935205e-05,-5.955686679767535e-06,0.0,0.0,2.1426089541899528e-05,-5.115621998196786e-06,0.0,0.0,Rbias3,7.826890856077715e-06,4.605294137689906e-06,0.0,0.0,1.7810231391750418e-06,1.4405735792126802e-06,0.0,0.0,
56,Rd,-7.049790581951813e-05,-0.0001914187074962826,0.0,0.0,0.00013590462454072882,-1.4983822863965499e-05,0.0,0.0,Ibias,189.59826659427324,0.8831203679595144,0.0,0.0,38.15919421477901,150.5559520115305,0.0,0.0,W1,-815.6466585847596,-1237.0139991190883,0.0,0.0,173.70425154782617,247.66308898645678,0.0,0.0,W2,-1255.3239913589753,55.10537580317136,0.0,0.0,-1641.4445993726515,331.01523221048,0.0,0.0,Alo,-1.0009546667854174,-0.16505046463386525,0.0,0.0,-0.8359042021515615,0.0,0.0,0.0,Rbias2,9.947042152902244e-06,-6.362661024129301e-06,0.0,0.0,2.1456196208648174e-05,-5.146493031617054e-06,0.0,0.0,Rbias3,7.84144369625527e-06,4.663694712508266e-06,0.0,0.0,1.7250024168632965e-06,1.4527465668837597e-06,0.0,0.0,
57,Rd,-6.957774058596381e-05,-0.00018810462538145902,0.0,0.0,0.00013348038683772486,-1.4953502042234205e-05,0.0,0.0,Ibias,187.45508375203062,1.8881559306130888,0.0,0.0,35.042427562717016,150.5245002586999,0.0,0.0,W1,-836.4552873801046,-1237.9540540387732,0.0,0.0,155.04594594849243,246.45282071014594,0.0,0.0,W2,-1283.2024703983334,37.409597445624044,0.0,0.0,-1650.4096358596878,329.7975680156687,0.0,0.0,Alo,-0.994940903246266,-0.1588955134777858,0.0,0.0,-0.8360453897684927,0.0,0.0,0.0,Rbias2,9.532702376691716e-06,-6.771542496364225e-06,0.0,0.0,2.1481405440612866e-05,-5.177160567557591e-06,0.0,0.0,Rbias3,7.85446519054941e-06,4.7223248755868475e-06,0.0,0.0,1.6670507944400966e-06,1.4650895205222897e-06,0.0,0.0,
58,Rd,-6.825161798382199e-05,-0.00018434455613174512,0.0,0.0,0.00013102478502776362,-1.4931846879840489e-05,0.0,0.0,Ibias,185.57781853606048,3.2263629627644135,0.0,0.0,31.862221929190703,150.48923364410595,0.0,0.0,W1,-853.5719964220954,-1234.5820572170683,0.0,0.0,135.75596625340697,245.25409454156593,0.0,0.0,W2,-1304.9364941760628,26.678877898926007,0.0,0.0,-1660.1823842207132,328.5670121457862,0.0,0.0,Alo,-0.9881066977940329,-0.15191032761051337,0.0,0.0,-0.8361963701835103,0.0,0.0,0.0,Rbias2,9.108586756989389e-06,-7.182045994048385e-06,0.0,0.0,2.149842671851904e-05,-5.2077939674812665e-06,0.0,0.0,Rbias3,7.874666467647503e-06,4.790934924513103e-06,0.0,0.0,1.6061032002157617e-06,1.4776283429187088e-06,0.0,0.0,
59,Rd,-6.756248650626221e-05,-0.00018108173099888443,0.0,0.0,0.0001284366471234443,-1.4917402630821515e-05,0.0,0.0,Ibias,183.1827532436594,4.230985000136377,0.0,0.0,28.502741883257606,150.4490263602654,0.0,0.0,W1,-875.2550957738872,-1235.2691957205207,0.0,0.0,115.97746706032588,244.03663288630003,0.0,0.0,W2,-1336.4755436044113,9.255788896817467,0.0,0.0,-1673.0583356793557,327.3270031780775,0.0,0.0,Alo,-0.9819999047471767,-0.145383293206074,0.0,0.0,-0.8366166115411027,0.0,0.0,0.0,Rbias2,8.627982485441799e-06,-7.6278485789227194e-06,0.0,0.0,2.1495186943507634e-05,-5.239355879143302e-06,0.0,0.0,Rbias3,7.8899016475675e-06,4.855168253879458e-06,0.0,0.0,1.5444051443484715e-06,1.4903282493395518e-06,0.0,0.0,
60,Rd,-6.659053680401301e-05,-0.00017752928068592969,0.0,0.0,0.00012583793926495914,-1.4899195383041908e-05,0.0,0.0,Ibias,180.89463097058976,5.4005617844908,0.0,0.0,25.085822646941075,150.4082465391579,0.0,0.0,W1,-899.746558014005,-1235.8684897988267,0.0,0.0,93.25932343281524,242.8626083519839,0.0,0.0,W2,-1357.3214671280307,-1.1914795447927369,0.0,0.0,-1682.2905803609121,326.1605927777108,0.0,0.0,Alo,-0.9754049135380316,-0.13846103508977672,0.0,0.0,-0.8369438784482518,0.0,0.0,0.0,Rbias2,8.141317333665728e-06,-8.074987606599314e-06,0.0,0.0,2.1486651421496474e-05,-5.27034648123143e-06,0.0,0.0,Rbias3,7.88734848107197e-06,4.914430396653015e-06,0.0,0.0,1.469580147007907e-06,1.5033379374110663e-06,0.0,0.0,
61,Rd,-6.549037519136609e-05,-0.00017400143249263848,0.0,0.0,0.00012338520611884844,-1.4874148817579447e-05,0.0,0.0,Ibias,178.9070924217791,6.735443523236614,0.0,0.0,21.801486752645914,150.37016214589656,0.0,0.0,W1,-918.6942195983672,-1234.240453014425,0.0,0.0,73.76250795485161,241.7837254611836,0.0,0.0,W2,-1389.227944384639,-18.43249896435556,0.0,0.0,-1695.8154688805375,325.020023460193,0.0,0.0,Alo,-0.9679453937865862,-0.1311527657977139,0.0,0.0,-0.8367926279888738,0.0,0.0,0.0,Rbias2,7.665158188768757e-06,-8.523204747578978e-06,0.0,0.0,2.1488670659316027e-05,-5.300307722968292e-06,0.0,0.0,Rbias3,7.903077692033612e-06,4.983875828132562e-06,0.0,0.0,1.4024661936706006e-06,1.516735670230467e-06,0.0,0.0,
62,Rd,-6.447419125229207e-05,-0.00017034606806673398,0.0,0.0,0.00012072155454657024,-1.4849677732131722e-05,0.0,0.0,Ibias,176.64983310956532,8.068646356237009,0.0,0.0,18.253504914291796,150.3276818390335,0.0,0.0,W1,-940.7164618427186,-1232.512212193723,0.0,0.0,51.111592125177715,240.68415822575943,0.0,0.0,W2,-1418.5992737896245,-32.08848100016237,0.0,0.0,-1710.2866604232977,323.7758676337502,0.0,0.0,Alo,-0.9609936276368016,-0.12388431552823528,0.0,0.0,-0.8371093121085755,0.0,0.0,0.0,Rbias2,7.158741443405908e-06,-8.972357963642233e-06,0.0,0.0,2.1461156523899842e-05,-5.330057116851952e-06,0.0,0.0,Rbias3,7.910441672234702e-06,5.053659096435491e-06,0.0,0.0,1.3265612334204276e-06,1.5302213423786736e-06,0.0,0.0,
63,Rd,-6.353972306619034e-05,-0.0001668702563312322,0.0,0.0,0.0001181562702035078,-1.482573693846312e-05,0.0,0.0,Ibias,173.62523536797173,9.399455452215628,0.0,0.0,14.777932490750112,149.44784742500843,0.0,0.0,W1,-963.3373672314688,-1232.7057616511825,0.0,0.0,29.79562779791271,239.57276662183077,0.0,0.0,W2,-1445.8166585299853,-45.62431337334204,0.0,0.0,-1722.692845360396,322.5005002038013,0.0,0.0,Alo,-0.9537120370387532,-0.11665835600015662,0.0,0.0,-0.837053681038595,0.0,0.0,0.0,Rbias2,6.64193068205226e-06,-9.439182261497228e-06,0.0,0.0,2.1440747095004406e-05,-5.359634151454356e-06,0.0,0.0,Rbias3,7.918986645623212e-06,5.123720128799063e-06,0.0,0.0,1.2516437578035194e-06,1.5436227590207945e-06,0.0,0.0,
64,Rd,-6.236813735756649e-05,-0.00016311280581432803,0.0,0.0,0.00011554937747302127,-1.4804709016256928e-05,0.0,0.0,Ibias,171.39143904009018,10.72758504829989,0.0,0.0,11.225586488221195,149.43826750357093,0.0,0.0,W1,-986.488133408566,-1232.7595390166723,0.0,0.0,7.8435880244759195,238.42781758362287,0.0,0.0,W2,-1474.300110918579,-59.04418930030752,0.0,0.0,-1736.4861929289152,321.2302713106194,0.0,0.0,Alo,-0.946061720938549,-0.1090584018386594,0.0,0.0,-0.8370033190998805,0.0,0.0,0.0,Rbias2,6.096413858138052e-06,-9.923523694147414e-06,0.0,0.0,2.1409052465384943e-05,-5.389114913099289e-06,0.0,0.0,Rbias3,7.924460695238767e-06,5.194027297722793e-06,0.0,0.0,1.1732011976647968e-06,1.5572321998512144e-06,0.0,0.0,
65,Rd,-6.12688564307466e-05,-0.00015938192061056968,0.0,0.0,0.00011289573980121079,-1.478267562138492e-05,0.0,0.0,Ibias,169.2260472793949,12.218801312299036,0.0,0.0,7.584943779953043,149.42230218714343,0.0,0.0,W1,-1006.2554197436858,-1228.6352342024854,0.0,0.0,-14.901440515786955,237.28125497460135,0.0,0.0,W2,-1503.50080069028,-72.32624359955996,0.0,0.0,-1751.156345221472,319.98178813072803,0.0,0.0,Alo,-0.9376571864087092,-0.10067523064612606,0.0,0.0,-0.83698195576258,0.0,0.0,0.0,Rbias2,5.5534587954025465e-06,-1.0390868688676448e-05,0.0,0.0,2.1362598618797218e-05,-5.418271134718099e-06,0.0,0.0,Rbias3,7.936657199265736e-06,5.27478780749795e-06,0.0,0.0,1.090794796222842e-06,1.5710745955449814e-06,0.0,0.0,
66,Rd,-6.030032887815562e-05,-0.00015567759181141843,0.0,0.0,0.00011013928681460012,-1.4762023881337861e-05,0.0,0.0,Ibias,166.90232248034042,13.706618289911091,0.0,0.0,3.798828450212035,149.39687574021607,0.0,0.0,W1,-1029.4733559625358,-1226.430277409989,0.0,0.0,-39.15709760431066,236.11401905175632,0.0,0.0,W2,-1534.8893337022619,-85.47567913389835,0.0,0.0,-1768.150651209163,318.7369966407756,0.0,0.0,Alo,-0.9298918979762179,-0.09276350308890123,0.0,0.0,-0.8371283948873152,0.0,0.0,0.0,Rbias2,4.977206602075063e-06,-1.0875175058642451e-05,0.0,0.0,2.129967279600656e-05,-5.447291135289297e-06,0.0,0.0,Rbias3,7.938510252265202e-06,5.350812943549219e-06,0.0,0.0,1.0025581605116208e-06,1.5851391482044371e-06,0.0,0.0,
67,Rd,-5.9381327877477365e-05,-0.00015215215490575203,0.0,0.0,0.00010751350639967828,-1.4742679371405834e-05,0.0,0.0,Ibias,164.50796210424582,15.024308739941834,0.0,0.0,0.12064207646849187,149.36301128783305,0.0,0.0,W1,-1052.9842805622409,-1226.1058258786204,0.0,0.0,-61.80246472139175,234.9240100377565,0.0,0.0,W2,-1566.7275975644548,-101.76653690769444,0.0,0.0,-1782.455632982045,317.4945723252728,0.0,0.0,Alo,-0.9213065547509376,-0.08449666701583655,0.0,0.0,-0.8368098877350996,0.0,0.0,0.0,Rbias2,4.375324611798231e-06,-1.1393465185712354e-05,0.0,0.0,2.1244816380222923e-05,-5.47602658271259e-06,0.0,0.0,Rbias3,7.9376051426402e-06,5.42193456485302e-06,0.0,0.0,9.162324695136618e-07,1.5994381082734045e-06,0.0,0.0,
68,Rd,-5.813946512755251e-05,-0.00014819500125916847,0.0,0.0,0.0001047793449793128,-1.4723808847698518e-05,0.0,0.0,Ibias,162.28070866107706,16.66920760720427,0.0,0.0,-3.708926963443772,149.32042801731473,0.0,0.0,W1,-1073.9363773335938,-1221.6625255723964,0.0,0.0,-85.98508270690364,233.7112309456916,0.0,0.0,W2,-1594.2493183043432,-111.38083611357442,0.0,0.0,-1799.1226217339201,316.2541395430915,0.0,0.0,Alo,-0.9121452245186559,-0.07547051407016114,0.0,0.0,-0.8366747104484947,0.0,0.0,0.0,Rbias2,3.789874458776677e-06,-1.1876401459329003e-05,0.0,0.0,2.1170799634882823e-05,-5.504523716777778e-06,0.0,0.0,Rbias3,7.941383973106268e-06,5.5035862419950025e-06,0.0,0.0,8.238544818767606e-07,1.6139432492344096e-06,0.0,0.0,
69,Rd,-5.7244935834224204e-05,-0.00014456909167358996,0.0,0.0,0.00010202974601433106,-1.4705590174962537e-05,0.0,0.0,Ibias,159.82783539882226,18.14334505573666,0.0,0.0,-7.587324659371872,149.27181500246112,0.0,0.0,W1,-1099.1603216640028,-1221.079491174921,0.0,0.0,-110.56891031044081,232.4880798213444,0.0,0.0,W2,-1625.4644039034704,-124.1339311082695,0.0,0.0,-1816.3655900919177,315.0351172968003,0.0,0.0,Alo,-0.90340910906275,-0.06692589898906565,0.0,0.0,-0.8364832100736843,0.0,0.0,0.0,Rbias2,3.161593755959882e-06,-1.239285156985598e-05,0.0,0.0,2.1087074938287102e-05,-5.5326296124709855e-06,0.0,0.0,Rbias3,7.942666545582491e-06,5.58559851654803e-06,0.0,0.0,7.283739934540045e-07,1.628694035580475e-06,0.0,0.0,
70,Rd,-5.6064054264779563e-05,-0.000140667197811004,0.0,0.0,9.929177833412561e-05,-1.4688634787903956e-05,0.0,0.0,Ibias,157.670919461916,19.941917354630547,0.0,0.0,-11.483574269795973,149.21257637708143,0.0,0.0,W1,-1120.2458253288276,-1216.413018404611,0.0,0.0,-135.07415209862108,231.24134517438995,0.0,0.0,W2,-1653.1549692367118,-133.52060162688502,0.0,0.0,-1833.4352508616246,313.80088325176195,0.0,0.0,Alo,-0.8937812350582824,-0.0576391203037035,0.0,0.0,-0.8361421147545849,0.0,0.0,0.0,Rbias2,2.546450475440303e-06,-1.2890486721588253e-05,0.0,0.0,2.0997478593343398e-05,-5.560541396315035e-06,0.0,0.0,Rbias3,7.947473664089812e-06,5.673077947311965e-06,0.0,0.0,6.307334488583417e-07,1.6436622679194668e-06,0.0,0.0,
71,Rd,-5.511763217671286e-05,-0.0001369427236072429,0.0,0.0,9.649738927060813e-05,-1.4672297840077538e-05,0.0,0.0,Ibias,155.05725483108665,21.405308586358256,0.0,0.0,-15.474812010316116,149.12675825504328,0.0,0.0,W1,-1144.1319609473223,-1213.6175592951124,0.0,0.0,-160.4883578505497,229.97395619835436,0.0,0.0,W2,-1688.629147853822,-149.23002967075053,0.0,0.0,-1851.9525149822712,312.5533967992591,0.0,0.0,Alo,-0.8846873313208391,-0.04883684861512383,0.0,0.0,-0.8358504827057123,0.0,0.0,0.0,Rbias2,1.8839357945717978e-06,-1.3420961886814675e-05,0.0,0.0,2.0893088294565545e-05,-5.588190613179006e-06,0.0,0.0,Rbias3,7.943073385158905e-06,5.755719409626753e-06,0.0,0.0,5.284682810965448e-07,1.6588856944355686e-06,0.0,0.0,
72,Rd,-5.382940985217712e-05,-0.00013294468100197564,0.0,0.0,9.377252128626937e-05,-1.465725013647417e-05,0.0,0.0,Ibias,152.80439154537984,23.19072739130433,0.0,0.0,-19.41958427750737,149.03324843158043,0.0,0.0,W1,-1163.2378924724717,-1206.807649379425,0.0,0.0,-185.1145222797644,228.6842791867178,0.0,0.0,W2,-1712.9164099647924,-155.16014819041538,0.0,0.0,-1869.078753051693,311.3224912772688,0.0,0.0,Alo,-0.8745642526949757,-0.039307139114128586,0.0,0.0,-0.8352571135808531,0.0,0.0,0.0,Rbias2,1.2588339788417806e-06,-1.3914536966235242e-05,0.0,0.0,2.0788860033365005e-05,-5.615489088288176e-06,0.0,0.0,Rbias3,7.94412836377574e-06,5.84380238858286e-06,0.0,0.0,4.259743525773796e-07,1.6743516226154025e-06,0.0,0.0,
73,Rd,-5.273085435384771e-05,-0.00012912416754386788,0.0,0.0,9.103539622883213e-05,-1.4642083038809756e-05,0.0,0.0,Ibias,150.33392117885512,24.804380526769705,0.0,0.0,-23.406175479033912,148.9357161311193,0.0,0.0,W1,-1184.571811092471,-1201.8686815187707,0.0,0.0,-210.07878485832887,227.37565528465717,0.0,0.0,W2,-1744.0768934111559,-167.38570067795584,0.0,0.0,-1886.7881522445273,310.09695951137445,0.0,0.0,Alo,-0.8640747364191157,-0.029469520051737672,0.0,0.0,-0.834605216367378,0.0,0.0,0.0,Rbias2,5.914220381933778e-07,-1.444028818388948e-05,0.0,0.0,2.067421231877748e-05,-5.642502096694687e-06,0.0,0.0,Rbias3,7.94271886465953e-06,5.932287156281638e-06,0.0,0.0,3.2035788861228423e-07,1.6900738197655688e-06,0.0,0.0,
74,Rd,-5.160942226227779e-05,-0.00012518153489982268,0.0,0.0,8.819960536789633e-05,-1.4627492730353091e-05,0.0,0.0,Ibias,147.7122407959633,26.410596033326588,0.0,0.0,-27.529704639148864,148.8313494017856,0.0,0.0,W1,-1209.2009397336853,-1198.7779299818847,0.0,0.0,-236.48014669310032,226.05713694131404,0.0,0.0,W2,-1774.220722994191,-176.30474617160957,0.0,0.0,-1906.7888685093633,308.8728916867584,0.0,0.0,Alo,-0.8542408541911317,-0.02012935781082053,0.0,0.0,-0.83411149638032,0.0,0.0,0.0,Rbias2,-9.280507530063632e-08,-1.4963408542068255e-05,0.0,0.0,2.053965886779273e-05,-5.669055401025241e-06,0.0,0.0,Rbias3,7.940989873400757e-06,6.026406152334544e-06,0.0,0.0,2.0853204081017078e-07,1.7060516802559423e-06,0.0,0.0,
75,Rd,-5.039974559066158e-05,-0.00012126559828850802,0.0,0.0,8.548014053106148e-05,-1.461428783321615e-05,0.0,0.0,Ibias,145.33856885637942,28.172650239033327,0.0,0.0,-31.555281286338463,148.7211999036864,0.0,0.0,W1,-1228.5281019720703,-1191.7331218387467,0.0,0.0,-261.5113709598686,224.71639082652365,0.0,0.0,W2,-1802.0126637231367,-185.10726816216936,0.0,0.0,-1924.5729068536075,307.6675112926286,0.0,0.0,Alo,-0.842172344219095,-0.009284510819340832,0.0,0.0,-0.8328878333997571,0.0,0.0,0.0,Rbias2,-7.683296704136242e-07,-1.5482934191342005e-05,0.0,0.0,2.0409903176577236e-05,-5.695298655648789e-06,0.0,0.0,Rbias3,7.941156433487235e-06,6.1208300923884165e-06,0.0,0.0,9.800922609588637e-08,1.7223171150028521e-06,0.0,0.0,
76,Rd,-4.9320603776481925e-05,-0.00011722901653575586,0.0,0.0,8.25101342200281e-05,-1.4601721460755258e-05,0.0,0.0,Ibias,142.81337026548522,30.08963771357736,0.0,0.0,-35.88021917146281,148.6039517233664,0.0,0.0,W1,-1251.2173965116501,-1184.622155007573,0.0,0.0,-289.9421123343528,223.34687083024028,0.0,0.0,W2,-1835.2813062110795,-193.793808386892,0.0,0.0,-1947.918905189513,306.431407365279,0.0,0.0,Alo,-0.8322174853897821,0.0006359921116798039,0.0,0.0,-0.8328534775014633,0.0,0.0,0.0,Rbias2,-1.4785658335992821e-06,-1.599889782013025e-05,0.0,0.0,2.0241574166807654e-05,-5.721242180276876e-06,0.0,0.0,Rbias3,7.93004649972008e-06,6.215635417716147e-06,0.0,0.0,-2.4437935685138636e-08,1.7388490176890522e-06,0.0,0.0,
77,Rd,-4.791347329761197e-05,-0.00011322001556110723,0.0,0.0,7.989547257898176e-05,-1.4588930315486505e-05,0.0,0.0,Ibias,140.63800196215252,31.99532298441937,0.0,0.0,-39.8388490739493,148.48152805168428,0.0,0.0,W1,-1267.53531593904,-1175.5669100072128,0.0,0.0,-313.9355019557297,221.96709602387418,0.0,0.0,W2,-1858.0591767421126,-199.27429859826964,0.0,0.0,-1964.0135376392577,305.2286594953798,0.0,0.0,Alo,-0.8202311836538131,0.01123483477912453,0.0,0.0,-0.8314660184329449,0.0,0.0,0.0,Rbias2,-2.134508714288332e-06,-1.649363251157387e-05,0.0,0.0,2.010575196036188e-05,-5.7466281630766e-06,0.0,0.0,Rbias3,7.94043046079474e-06,6.32147639383458e-06,0.0,0.0,-1.3670542178981386e-07,1.7556594887499346e-06,0.0,0.0,
78,Rd,-4.677959925101066e-05,-0.00010923875476592233,0.0,0.0,7.703604618940417e-05,-1.4576890674490862e-05,0.0,0.0,Ibias,138.1515708432745,33.89241784117411,0.0,0.0,-44.093087600581576,148.35224060268135,0.0,0.0,W1,-1289.0633486870609,-1168.3691509509663,0.0,0.0,-341.2653448979616,220.57114716185308,0.0,0.0,W2,-1886.2401801149865,-204.6554769962392,0.0,0.0,-1985.5991566177388,304.01445349899143,0.0,0.0,Alo,-0.8089203670634358,0.02171886136292923,0.0,0.0,-0.8306392284263607,0.0,0.0,0.0,Rbias2,-2.859180107806679e-06,-1.701879764616258e-05,0.0,0.0,1.993135260458437e-05,-5.771735066228472e-06,0.0,0.0,Rbias3,7.934348777984432e-06,6.422459044096478e-06,0.0,0.0,-2.6084398837571243e-07,1.772733722263768e-06,0.0,0.0,
79,Rd,-4.557720597107998e-05,-0.00010528434650885938,0.0,0.0,7.42725939471424e-05,-1.4565453409359696e-05,0.0,0.0,Ibias,135.73217672689097,35.77731542946484,0.0,0.0,-48.26233520650392,148.21719650392885,0.0,0.0,W1,-1307.5891739870913,-1159.2429652250696,0.0,0.0,-367.49198202491505,219.1457732629003,0.0,0.0,W2,-1912.657420347265,-209.99287417868678,0.0,0.0,-2005.450410419834,302.7858642512674,0.0,0.0,Alo,-0.7957122606731958,0.033256194620628066,0.0,0.0,-0.8289684552938223,0.0,0.0,0.0,Rbias2,-3.5418662849362844e-06,-1.7504513546524642e-05,0.0,0.0,1.975898033948874e-05,-5.796333077900249e-06,0.0,0.0,Rbias3,7.934953974264302e-06,6.529181495422949e-06,0.0,0.0,-3.8433097285284516e-07,1.7901034516942995e-06,0.0,0.0,
80,Rd,-4.439984920247145e-05,-0.00010120888947328153,0.0,0.0,7.136369776379416e-05,-1.4554657492986284e-05,0.0,0.0,Ibias,133.2742353921494,37.81334198133644,0.0,0.0,-52.61413335993019,148.07502677074314,0.0,0.0,W1,-1328.1015206900752,-1150.0797927235142,0.0,0.0,-395.73509108975514,217.71336312318726,0.0,0.0,W2,-1939.265845011994,-212.15097468175043,0.0,0.0,-2028.6917619348412,301.57689160452867,0.0,0.0,Alo,-0.7834608599216119,0.04463591470541716,0.0,0.0,-0.828096774627029,0.0,0.0,0.0,Rbias2,-4.263286999246811e-06,-1.80024750465927e-05,0.0,0.0,1.9559677366279573e-05,-5.820489318933618e-06,0.0,0.0,Rbias3,7.933448815303434e-06,6.641866292961091e-06,0.0,0.0,-5.161729980372767e-07,1.8077555203796403e-06,0.0,0.0,
81,Rd,-4.313531829006689e-05,-9.716169932489557e-05,0.0,0.0,6.857008240643446e-05,-1.4543701371606873e-05,0.0,0.0,Ibias,130.74320714746702,39.67504630232874,0.0,0.0,-56.85830241674261,147.92646326188392,0.0,0.0,W1,-1347.2897588473368,-1140.9061562382524,0.0,0.0,-422.6463205307235,216.26271792167358,0.0,0.0,W2,-1966.8208997232866,-217.33868047280416,0.0,0.0,-2049.836353437514,300.3541341870772,0.0,0.0,Alo,-0.7722111193481608,0.05508853365216287,0.0,0.0,-0.8272996530003265,0.0,0.0,0.0,Rbias2,-4.9750778650540116e-06,-1.8495214544733645e-05,0.0,0.0,1.9364350473004228e-05,-5.844213793324465e-06,0.0,0.0,Rbias3,7.928466009351583e-06,6.749440306656564e-06,0.0,0.0,-6.466936979403084e-07,1.825719400635307e-06,0.0,0.0,
82,Rd,-4.1708821604752854e-05,-9.314190246189855e-05,0.0,0.0,6.596729369370893e-05,-1.4534212836565416e-05,0.0,0.0,Ibias,128.53885364345714,41.682799097635495,0.0,0.0,-60.915125551902214,147.77118009772022,0.0,0.0,W1,-1360.6515635232743,-1128.0664077337644,0.0,0.0,-447.3701242567281,214.78496846719761,0.0,0.0,W2,-1987.8085855689146,-219.44304377323604,0.0,0.0,-2067.5153860784376,299.14984428270225,0.0,0.0,Alo,-0.7576952118671567,0.06733609019043922,0.0,0.0,-0.8250313020575988,0.0,0.0,0.0,Rbias2,-5.668867381603682e-06,-1.8982463968565948e-05,0.0,0.0,1.918101443333729e-05,-5.867417846375349e-06,0.0,0.0,Rbias3,7.939268522805321e-06,6.868422273891767e-06,0.0,0.0,-7.731463747991696e-07,1.8439926237126195e-06,0.0,0.0,
83,Rd,-4.025127111281884e-05,-8.885156555692254e-05,0.0,0.0,6.312500033232385e-05,-1.4524705888220704e-05,0.0,0.0,Ibias,125.86417701942656,43.68101550511656,0.0,0.0,-65.4250848945294,147.60824640884002,0.0,0.0,W1,-1380.590121984108,-1117.0542913381728,0.0,0.0,-476.82995065787844,213.2941200119294,0.0,0.0,W2,-2014.4391217452485,-218.4813649571385,0.0,0.0,-2093.875999688736,297.9182429006376,0.0,0.0,Alo,-0.7454886520405947,0.07865376104271037,0.0,0.0,-0.8241424130833036,0.0,0.0,0.0,Rbias2,-6.39696943104589e-06,-1.9446287785433657e-05,0.0,0.0,1.8939533529014706e-05,-5.890215174626808e-06,0.0,0.0,Rbias3,7.928765973240985e-06,6.9825042891800905e-06,0.0,0.0,-9.163168637861014e-07,1.8625785478469749e-06,0.0,0.0,
84,Rd,-3.908671604671335e-05,-8.503342962869884e-05,0.0,0.0,6.046191467088143e-05,-1.4515201088892122e-05,0.0,0.0,Ibias,123.8905208608843,45.826487443518886,0.0,0.0,-69.37567406957417,147.43970748694323,0.0,0.0,W1,-1399.0922377753845,-1107.931325592131,0.0,0.0,-502.96679394207166,211.80588175883872,0.0,0.0,W2,-2034.9887990203856,-220.50923857883595,0.0,0.0,-2111.184767083881,296.7052066423989,0.0,0.0,Alo,-0.7324729344107291,0.0898017140725696,0.0,0.0,-0.8222746484832959,0.0,0.0,0.0,Rbias2,-7.121205911475095e-06,-1.993888426615776e-05,0.0,0.0,1.873011097104255e-05,-5.912432616359432e-06,0.0,0.0,Rbias3,7.927000167143735e-06,7.0967387885807765e-06,0.0,0.0,-1.051209694219314e-06,1.8814710727823768e-06,0.0,0.0,
85,Rd,-3.802039773566987e-05,-8.123636598684374e-05,0.0,0.0,5.772150791859198e-05,-1.4505539667414299e-05,0.0,0.0,Ibias,121.51180636528008,47.79346485491309,0.0,0.0,-73.54554858264552,147.2638900930137,0.0,0.0,W1,-1407.8308623964524,-1091.4814543659875,0.0,0.0,-526.6312900942484,210.2818820638174,0.0,0.0,W2,-2056.19603563797,-219.5663361664638,0.0,0.0,-2132.127140163301,295.49744069185095,0.0,0.0,Alo,-0.7196083201611102,0.10115942983688911,0.0,0.0,-0.8207677499979908,0.0,0.0,0.0,Rbias2,-7.814188830185204e-06,-2.0389796056737975e-05,0.0,0.0,1.8509668192297078e-05,-5.934060965744114e-06,0.0,0.0,Rbias3,7.946672158098687e-06,7.2285771340204634e-06,0.0,0.0,-1.1825648768348534e-06,1.9006599009131833e-06,0.0,0.0,
86,Rd,-3.6414578990879425e-05,-7.702659753602822e-05,0.0,0.0,5.510847366884808e-05,-1.4496455123696019e-05,0.0,0.0,Ibias,119.41530805134093,50.06702281277632,0.0,0.0,-77.73138229292427,147.07966753148946,0.0,0.0,W1,-1425.0454131914116,-1078.8459549095817,0.0,0.0,-554.9575890896938,208.75813080788427,0.0,0.0,W2,-2068.6144650146075,-212.57755501481105,0.0,0.0,-2150.2990787808094,294.26216878105794,0.0,0.0,Alo,-0.7053207895987345,0.11347451618600235,0.0,0.0,-0.818795305784734,0.0,0.0,0.0,Rbias2,-8.492526261796024e-06,-2.0816771140165624e-05,0.0,0.0,1.82794808330666e-05,-5.955235954697131e-06,0.0,0.0,Rbias3,7.952204415414218e-06,7.35521719034992e-06,0.0,0.0,-1.3232018406153955e-06,1.9201890656796735e-06,0.0,0.0,
87,Rd,-3.503543357908303e-05,-7.298968687420031e-05,0.0,0.0,5.2441715543119956e-05,-1.4487462248002132e-05,0.0,0.0,Ibias,117.15381070318402,52.16414983249598,0.0,0.0,-81.90059586536482,146.89025673605647,0.0,0.0,W1,-1438.083376530701,-1064.4172531576835,0.0,0.0,-580.8759934748432,207.20987010186624,0.0,0.0,W2,-2086.5742306597995,-208.70621045633177,0.0,0.0,-2170.904471389481,293.0364511860577,0.0,0.0,Alo,-0.6909549978643638,0.12561298562554668,0.0,0.0,-0.8165679834899062,0.0,0.0,0.0,Rbias2,-9.17075415221866e-06,-2.1237115416855327e-05,0.0,0.0,1.8042141782278874e-05,-5.97578051764208e-06,0.0,0.0,Rbias3,7.956579152682165e-06,7.482450503892845e-06,0.0,0.0,-1.4659375957596817e-06,1.9400662445490656e-06,0.0,0.0,
88,Rd,-3.3295408470487854e-05,-6.882595807919534e-05,0.0,0.0,5.000820409167093e-05,-1.4477654482962902e-05,0.0,0.0,Ibias,115.42662581970563,54.57082623627243,0.0,0.0,-85.83817994948069,146.69397953291693,0.0,0.0,W1,-1443.28281817188,-1044.6930649322503,0.0,0.0,-604.2588551303921,205.6691018907892,0.0,0.0,W2,-2094.640230512391,-198.90166620550485,0.0,0.0,-2187.5715788987764,291.8330145919124,0.0,0.0,Alo,-0.6758388644886437,0.13829790869820563,0.0,0.0,-0.8141367731868466,0.0,0.0,0.0,Rbias2,-9.773318149732719e-06,-2.15985651859311e-05,0.0,0.0,1.7820923622654862e-05,-5.995676586456549e-06,0.0,0.0,Rbias3,7.984312534266904e-06,7.627452279645282e-06,0.0,0.0,-1.6034328692963568e-06,1.9602931239180654e-06,0.0,0.0,
89,Rd,-3.2688831106381134e-05,-6.527772000103863e-05,0.0,0.0,4.7057690530062344e-05,-1.4468801635409743e-05,0.0,0.0,Ibias,112.78739128802964,56.47029752241159,0.0,0.0,-90.17385898021887,146.4909527458351,0.0,0.0,W1,-1458.5913028947425,-1030.558178488506,0.0,0.0,-632.1449658209604,204.11184141473038,0.0,0.0,W2,-2125.9793872357395,-201.15051144244975,0.0,0.0,-2215.438006116447,290.60913032308014,0.0,0.0,Alo,-0.6622738557604274,0.15003895490090743,0.0,0.0,-0.8123128106613418,0.0,0.0,0.0,Rbias2,-1.0473028930908868e-05,-2.200613054928787e-05,0.0,0.0,1.7548245842393516e-05,-6.0151442240149016e-06,0.0,0.0,Rbias3,7.979193037001852e-06,7.755796426714079e-06,0.0,0.0,-1.7573968376686823e-06,1.980793447956478e-06,0.0,0.0,
90,Rd,-3.1086368594179254e-05,-6.130889645311288e-05,0.0,0.0,4.468280519714192e-05,-1.4460277338206673e-05,0.0,0.0,Ibias,110.20450201775404,58.19469194195127,0.0,0.0,-94.2694195853248,146.2792296611294,0.0,0.0,W1,-1464.6889046887975,-1012.9314105191382,0.0,0.0,-654.2991083053253,202.54161413569247,0.0,0.0,W2,-2132.7125505830404,-191.576882029851,0.0,0.0,-2230.5038472142264,289.3681786610808,0.0,0.0,Alo,-0.6466961038162786,0.16268715200604406,0.0,0.0,-0.8093832558223213,0.0,0.0,0.0,Rbias2,-1.1110606301865684e-05,-2.2388467724668654e-05,0.0,0.0,1.7311838824292416e-05,-6.033977401489058e-06,0.0,0.0,Rbias3,7.975100096093437e-06,7.87868127562142e-06,0.0,0.0,-1.9052130542637958e-06,2.001631874735965e-06,0.0,0.0,
91,Rd,-2.9337877032332775e-05,-5.721870852125517e-05,0.0,0.0,4.23326824210586e-05,-1.4451850932137837e-05,0.0,0.0,Ibias,108.71577903588303,60.704480112130774,0.0,0.0,-98.04870751518735,146.06000643893842,0.0,0.0,W1,-1470.1338867149757,-993.7249471172312,0.0,0.0,-677.3923844728789,200.98344487512134,0.0,0.0,W2,-2133.2514035944746,-176.32167097909394,0.0,0.0,-2245.084764593678,288.15503197829713,0.0,0.0,Alo,-0.630955163950902,0.1754928284540445,0.0,0.0,-0.8064479924049465,0.0,0.0,0.0,Rbias2,-1.1681268409261792e-05,-2.2712126473839514e-05,0.0,0.0,1.7083039949340713e-05,-6.052181884763507e-06,0.0,0.0,Rbias3,8.007490245012205e-06,8.03130580980095e-06,0.0,0.0,-2.0465978903560996e-06,2.0227823255672436e-06,0.0,0.0,
92,Rd,-2.7814316115173763e-05,-5.3156036627841796e-05,0.0,0.0,3.978454378053452e-05,-1.4442823267865946e-05,0.0,0.0,Ibias,106.78542962723975,63.0321383261185,0.0,0.0,-102.082929925885,145.83622122700444,0.0,0.0,W1,-1475.9608530557032,-973.0304416686449,0.0,0.0,-702.3490965457711,199.4186851587062,0.0,0.0,W2,-2151.286835644121,-169.99403306758106,0.0,0.0,-2268.234070070106,286.94126749357747,0.0,0.0,Alo,-0.6148990275225612,0.1887997060323703,0.0,0.0,-0.8036987335549329,0.0,0.0,0.0,Rbias2,-1.2306577552030505e-05,-2.3046792827579557e-05,0.0,0.0,1.6809989906064604e-05,-6.06977463051555e-06,0.0,0.0,Rbias3,8.032855670792895e-06,8.184746245648512e-06,0.0,0.0,-2.1961777801667767e-06,2.044287205311139e-06,0.0,0.0,
93,Rd,-2.648936463656289e-05,-4.9255533820399683e-05,0.0,0.0,3.72000227216241e-05,-1.4433853537785684e-05,0.0,0.0,Ibias,104.77822179661665,65.34237346862253,0.0,0.0,-106.16722764026925,145.60307596826397,0.0,0.0,W1,-1480.8528996977298,-950.8227567496372,0.0,0.0,-727.8774124493269,197.8472695012605,0.0,0.0,W2,-2159.023518677637,-155.1596263847349,0.0,0.0,-2289.581252772053,285.717360479194,0.0,0.0,Alo,-0.6002929100631018,0.20115666746043398,0.0,0.0,-0.8014495775235331,0.0,0.0,0.0,Rbias2,-1.2893045634520109e-05,-2.3340427363182884e-05,0.0,0.0,1.6534104014228445e-05,-6.0867222855655384e-06,0.0,0.0,Rbias3,8.055338364188453e-06,8.339141389550271e-06,0.0,0.0,-2.3499072027723867e-06,2.066104177410724e-06,0.0,0.0,
94,Rd,-2.465190364645598e-05,-4.52332382389319e-05,0.0,0.0,3.500616745060388e-05,-1.442483285812471e-05,0.0,0.0,Ibias,102.75870789017351,67.31689648022444,0.0,0.0,-109.92102486933416,145.36283627928742,0.0,0.0,W1,-1485.8783738650188,-932.2530179494213,0.0,0.0,-749.8953111721854,196.26995525660087,0.0,0.0,W2,-2160.4861282242555,-140.50384433862564,0.0,0.0,-2304.455674684694,284.4733907991611,0.0,0.0,Alo,-0.5844712355274536,0.21365416738550758,0.0,0.0,-0.7981254029129571,0.0,0.0,0.0,Rbias2,-1.3437567079919613e-05,-2.362714243553141e-05,0.0,0.0,1.6292654866492613e-05,-6.103079510880491e-06,0.0,0.0,Rbias3,8.081126837841436e-06,8.488380093999099e-06,0.0,0.0,-2.495547883215754e-06,2.0882946270581794e-06,0.0,0.0,
95,Rd,-2.3565511764984203e-05,-4.179958852015728e-05,0.0,0.0,3.2649341711513434e-05,-1.4415264956339815e-05,0.0,0.0,Ibias,101.1473809131942,69.59172108013121,0.0,0.0,-113.55981634043913,145.1154761735027,0.0,0.0,W1,-1489.5603095682254,-912.1884795956694,0.0,0.0,-772.0679712079502,194.69614123536826,0.0,0.0,W2,-2166.718268503256,-128.86837751909692,0.0,0.0,-2321.109251415288,283.259360431118,0.0,0.0,Alo,-0.5686315344315203,0.22628241031370308,0.0,0.0,-0.7949139447452287,0.0,0.0,0.0,Rbias2,-1.4002015005185444e-05,-2.3907760809838174e-05,0.0,0.0,1.602465368604189e-05,-6.118907881389285e-06,0.0,0.0,Rbias3,8.095155213576658e-06,8.632452506481209e-06,0.0,0.0,-2.6481336690502707e-06,2.1108363761457418e-06,0.0,0.0,
96,Rd,-2.2061089337878628e-05,-3.7964663683361304e-05,0.0,0.0,3.0310650785229623e-05,-1.4407076439744242e-05,0.0,0.0,Ibias,98.95672418582701,71.5241636136468,0.0,0.0,-117.42621147201464,144.85877204419725,0.0,0.0,W1,-1490.4383153476151,-889.0496311482573,0.0,0.0,-794.4968377295178,193.10815353015988,0.0,0.0,W2,-2175.649777898872,-117.50845720655738,0.0,0.0,-2340.152019020047,282.0106983277967,0.0,0.0,Alo,-0.5526751792678499,0.23902219974516697,0.0,0.0,-0.7916973790130155,0.0,0.0,0.0,Rbias2,-1.4573814423816287e-05,-2.418183188051104e-05,0.0,0.0,1.5742072329452008e-05,-6.134054872757062e-06,0.0,0.0,Rbias3,8.12127256009539e-06,8.788916380428763e-06,0.0,0.0,-2.801255481422287e-06,2.1336116610889567e-06,0.0,0.0,
97,Rd,-2.046842278448788e-05,-3.414049416917986e-05,0.0,0.0,2.806944874730489e-05,-1.4397377362612917e-05,0.0,0.0,Ibias,97.42855418919588,73.91377339047587,0.0,0.0,-121.07940080268078,144.59418160140257,0.0,0.0,W1,-1492.9101172023343,-867.7863871175521,0.0,0.0,-816.6501942254131,191.52646414066288,0.0,0.0,W2,-2173.337679510451,-97.83866341891157,0.0,0.0,-2356.2866289985795,280.7876129070719,0.0,0.0,Alo,-0.5370612727575713,0.2515259979723445,0.0,0.0,-0.7885872707299092,0.0,0.0,0.0,Rbias2,-1.509373873125723e-05,-2.4414745923172232e-05,0.0,0.0,1.546949140873608e-05,-6.148484216820889e-06,0.0,0.0,Rbias3,8.14785450535781e-06,8.946438221470146e-06,0.0,0.0,-2.9553933248858127e-06,2.1568096087734304e-06,0.0,0.0,
98,Rd,-1.886432235006593e-05,-3.04757488254032e-05,0.0,0.0,2.599842342195395e-05,-1.438699694661884e-05,0.0,0.0,Ibias,95.70091991361839,75.96928547878207,0.0,0.0,-124.58999982361284,144.32163425844678,0.0,0.0,W1,-1487.5461816513243,-841.8052367512438,0.0,0.0,-835.6818697469464,189.9409248468278,0.0,0.0,W2,-2168.777452879471,-78.49529778532336,0.0,0.0,-2369.8474671679164,279.5653120737054,0.0,0.0,Alo,-0.5206913910187269,0.26414581494183814,0.0,0.0,-0.7848372059605716,0.0,0.0,0.0,Rbias2,-1.555261527894178e-05,-2.460825676780261e-05,0.0,0.0,1.5217827374420935e-05,-6.162185885560166e-06,0.0,0.0,Rbias3,8.19792065004373e-06,9.11687122316839e-06,0.0,0.0,-3.099254330636968e-06,2.180303757512171e-06,0.0,0.0,
99,Rd,-1.7607430799486073e-05,-2.6972191128281992e-05,0.0,0.0,2.374148128418836e-05,-1.4376720955390278e-05,0.0,0.0,Ibias,93.85722908943693,78.00608099001533,0.0,0.0,-128.18989210511208,144.0410402045331,0.0,0.0,W1,-1488.8733422700282,-819.5084857488205,0.0,0.0,-857.7304673051809,188.36561078398586,0.0,0.0,W2,-2174.51594154628,-64.93381418407424,0.0,0.0,-2387.927151896734,278.3450245345284,0.0,0.0,Alo,-0.5051202739328657,0.2765117937977631,0.0,0.0,-0.7816320677306328,0.0,0.0,0.0,Rbias2,-1.6038771378989114e-05,-2.47966493456181e-05,0.0,0.0,1.493323153893651e-05,-6.175353572307337e-06,0.0,0.0,Rbias3,8.221600514196363e-06,9.276083335383588e-06,0.0,0.0,-3.2586596952705646e-06,2.2041768740832263e-06,0.0,0.0,
100,Rd,-1.5546530779917068e-05,-2.30578113809903e-05,0.0,0.0,2.1877637270843484e-05,-1.4366356669771333e-05,0.0,0.0,Ibias,92.64612391897018,80.33252591153408,0.0,0.0,-131.43655741162968,143.7501554190646,0.0,0.0,W1,-1482.7060823580098,-794.1644530731993,0.0,0.0,-875.3289547816697,186.78732549685913,0.0,0.0,W2,-2165.662815974226,-43.374058466595386,0.0,0.0,-2399.4098901367856,277.121132629134,0.0,0.0,Alo,-0.48827098156673826,0.28932694433931966,0.0,0.0,-0.7775979259060657,0.0,0.0,0.0,Rbias2,-1.644229681367937e-05,-2.494541669211639e-05,0.0,0.0,1.4690941040232106e-05,-6.187821161795335e-06,0.0,0.0,Rbias3,8.273367705846129e-06,9.448432458642434e-06,0.0,0.0,-3.403443420822806e-06,2.2283786680264556e-06,0.0,0.0,
101,Rd,-1.4380915825277522e-05,-1.972713701684681e-05,0.0,0.0,1.9701788609313715e-05,-1.4355567417743348e-05,0.0,0.0,Ibias,91.27356803362699,82.63927092940324,0.0,0.0,-134.81536414055648,143.44966124478023,0.0,0.0,W1,-1488.1752923570111,-770.8072937607153,0.0,0.0,-895.4338116342074,178.0658130378991,0.0,0.0,W2,-2161.020688868073,-22.14934262251032,0.0,0.0,-2414.7729487065058,275.9016024609012,0.0,0.0,Alo,-0.47250094646412105,0.3015529078462127,0.0,0.0,-0.7740538543103338,0.0,0.0,0.0,Rbias2,-1.6899318189237588e-05,-2.510610373539408e-05,0.0,0.0,1.4406521884250353e-05,-6.19973633809386e-06,0.0,0.0,Rbias3,8.318432907075485e-06,9.621972478878071e-06,0.0,0.0,-3.556408433568201e-06,2.2528688617656615e-06,0.0,0.0,
102,Rd,-1.2849649051340992e-05,-1.6263157677135166e-05,0.0,0.0,1.7756585734301737e-05,-1.4343077108505939e-05,0.0,0.0,Ibias,89.61750156414246,84.616954755517,0.0,0.0,-138.13998810196665,143.14053491059389,0.0,0.0,W1,-1477.8930630918273,-742.8760962657312,0.0,0.0,-913.0053279193809,177.98836109332203,0.0,0.0,W2,-2150.4157465465173,1.5692494185702814,0.0,0.0,-2426.6691345761424,274.6841386111068,0.0,0.0,Alo,-0.455954800987216,0.3142023985512638,0.0,0.0,-0.7701571995384747,0.0,0.0,0.0,Rbias2,-1.725107164562782e-05,-2.5195542832274687e-05,0.0,0.0,1.4155442717264398e-05,-6.210971530617469e-06,0.0,0.0,Rbias3,8.366544570463289e-06,9.796610148097811e-06,0.0,0.0,-3.707835658536909e-06,2.27777008090241e-06,0.0,0.0,
103,Rd,-1.1465204858560646e-05,-1.2955866229507276e-05,0.0,0.0,1.5822085604063682e-05,-1.4331424233116513e-05,0.0,0.0,Ibias,88.05904157405976,86.57399102903321,0.0,0.0,-141.3338177287269,142.81886827375465,0.0,0.0,W1,-1474.2296819238024,-720.2243078614403,0.0,0.0,-931.6539909361476,177.64861687377922,0.0,0.0,W2,-2144.1360256867524,22.15290546614755,0.0,0.0,-2439.760933697739,273.47200254484926,0.0,0.0,Alo,-0.4400294561695857,0.3262671874408791,0.0,0.0,-0.7662966436104622,0.0,0.0,0.0,Rbias2,-1.768878025277182e-05,-2.5345841662997603e-05,0.0,0.0,1.3878694159645912e-05,-6.221632749419942e-06,0.0,0.0,Rbias3,8.400774469925197e-06,9.95997022452038e-06,0.0,0.0,-3.8621528890831555e-06,2.302957134487973e-06,0.0,0.0,
104,Rd,-9.860976464453193e-06,-9.518552629923527e-06,0.0,0.0,1.3975762731692747e-05,-1.4318186566222412e-05,0.0,0.0,Ibias,86.79177452395831,88.6686241196046,0.0,0.0,-144.36210461339098,142.48525501774412,0.0,0.0,W1,-1464.0949653913094,-693.0292892226495,0.0,0.0,-948.1482997777431,177.08262360909555,0.0,0.0,W2,-2134.207875890637,45.14456967313514,0.0,0.0,-2451.630076772993,272.2776312091903,0.0,0.0,Alo,-0.42347352428591245,0.3387503783613932,0.0,0.0,-0.762223902647307,0.0,0.0,0.0,Rbias2,-1.8094341573611728e-05,-2.540984029420452e-05,0.0,0.0,1.3625636808980337e-05,-6.310138088387357e-06,0.0,0.0,Rbias3,8.459731995588163e-06,1.0142873727597885e-05,0.0,0.0,-4.011646683989642e-06,2.3285049519798732e-06,0.0,0.0,
105,Rd,-8.28486593597634e-06,-6.095058716127078e-06,0.0,0.0,1.211523398748005e-05,-1.4305041207330396e-05,0.0,0.0,Ibias,85.59145773095841,90.89103095871019,0.0,0.0,-147.43658719778838,142.13701397003632,0.0,0.0,W1,-1453.2276409157798,-664.6748754034745,0.0,0.0,-964.859647843223,176.30688233090234,0.0,0.0,W2,-2122.344194634133,70.42339115645801,0.0,0.0,-2463.840937365641,271.0733515750346,0.0,0.0,Alo,-0.4077986360560277,0.3506389921634201,0.0,0.0,-0.7584376282194465,0.0,0.0,0.0,Rbias2,-1.839306467960632e-05,-2.5453985450191445e-05,0.0,0.0,1.336569496729049e-05,-6.3047741967054295e-06,0.0,0.0,Rbias3,8.517915175347839e-06,1.0326986504874708e-05,0.0,0.0,-4.163436926866557e-06,2.354365597339628e-06,0.0,0.0,
106,Rd,-6.143175931361547e-06,-3.2309573365463353e-06,0.0,0.0,1.137819056541953e-05,-1.429040916023393e-05,0.0,0.0,Ibias,84.85063291510767,92.34652146636124,0.0,0.0,-149.27135571940062,141.7754671681479,0.0,0.0,W1,-1435.2041308767716,-641.3321393058841,0.0,0.0,-969.2500756265987,175.3780840557264,0.0,0.0,W2,-2099.0989949839727,87.60641014164766,0.0,0.0,-2456.5951621736763,269.8897570480455,0.0,0.0,Alo,-0.39035714296998103,0.36170608208950467,0.0,0.0,-0.7520632250594875,0.0,0.0,0.0,Rbias2,-1.861869947614566e-05,-2.5541312358412364e-05,0.0,0.0,1.3223723198847852e-05,-6.301110316580993e-06,0.0,0.0,Rbias3,8.598073396038321e-06,1.0488035855731838e-05,0.0,0.0,-4.2705707710381734e-06,2.38060831134468e-06,0.0,0.0,
107,Rd,-3.1840139205081728e-06,-1.62009814884647e-06,0.0,0.0,1.1992657305681287e-05,-1.3556573077341907e-05,0.0,0.0,Ibias,85.46811553666215,92.88244220241937,0.0,0.0,-149.58964271139706,142.17531604564073,0.0,0.0,W1,-1402.7201570649552,-627.572106351548,0.0,0.0,-957.4699957421101,182.3219450286968,0.0,0.0,W2,-2051.3276617566694,89.0811238037144,0.0,0.0,-2422.527984701783,282.1191991414148,0.0,0.0,Alo,-0.3730100921973566,0.3701049511971091,0.0,0.0,-0.7431150433944657,0.0,0.0,0.0,Rbias2,-1.8625459788183772e-05,-2.5655948517320084e-05,0.0,0.0,1.324810208706456e-05,-6.217613357928004e-06,0.0,0.0,Rbias3,8.743813087355651e-06,1.0619411017613812e-05,0.0,0.0,-4.314515384591375e-06,2.4389174543331915e-06,0.0,0.0,
108,Rd,-1.4565594487288164e-06,-2.8934597087678543e-07,0.0,0.0,1.2489240104139294e-05,-1.3656453581993221e-05,0.0,0.0,Ibias,85.15381963776801,93.26706418245158,0.0,0.0,-149.76761303738854,141.65436849270088,0.0,0.0,W1,-1379.5194113845675,-613.9648191021373,0.0,0.0,-945.3528904624064,179.79829817994306,0.0,0.0,W2,-2018.2923713372236,93.10822812310148,0.0,0.0,-2390.111153287811,278.7105538274555,0.0,0.0,Alo,-0.35658145998198304,0.37811797035186206,0.0,0.0,-0.7346994303338488,0.0,0.0,0.0,Rbias2,-1.8656651159132462e-05,-2.5704372817105177e-05,0.0,0.0,1.327845075064419e-05,-6.23072909267172e-06,0.0,0.0,Rbias3,8.847247121452999e-06,1.0745569025298815e-05,0.0,0.0,-4.359108882723292e-06,2.460786978877342e-06,0.0,0.0,
109,Rd,-1.411581113650115e-07,4.959742133997908e-07,0.0,0.0,1.3099152739404591e-05,-1.3736285064168851e-05,0.0,0.0,Ibias,84.15260082185692,93.04889035836425,0.0,0.0,-150.0333776433787,141.13708810686964,0.0,0.0,W1,-1358.3062349946752,-602.0747599086808,0.0,0.0,-933.6506843419704,177.41920925596102,0.0,0.0,W2,-2001.1560640175903,94.52681754854024,0.0,0.0,-2359.7301901775236,264.0473086113582,0.0,0.0,Alo,-0.34210526117377027,0.38481730783324575,0.0,0.0,-0.726922569007016,0.0,0.0,0.0,Rbias2,-1.867188200166678e-05,-2.573520476965287e-05,0.0,0.0,1.3306098116897742e-05,-6.2427753489118315e-06,0.0,0.0,Rbias3,8.929679221841515e-06,1.0854047208995729e-05,0.0,0.0,-4.40816539543971e-06,2.4837974082854007e-06,0.0,0.0,
110,Rd,2.753967561786163e-07,1.1383580327994333e-06,0.0,0.0,1.355653567965556e-05,-1.4419496956275292e-05,0.0,0.0,Ibias,83.20710158130933,92.97233121166941,0.0,0.0,-150.38187493417723,140.61664530381685,0.0,0.0,W1,-1336.3991900014519,-588.846894641689,0.0,0.0,-922.7334908384652,175.1811954787173,0.0,0.0,W2,-1975.2549761430193,93.38529161400588,0.0,0.0,-2331.8392450589413,263.1989773019012,0.0,0.0,Alo,-0.32851053632419114,0.3911575949595977,0.0,0.0,-0.7196681312837858,0.0,0.0,0.0,Rbias2,-1.8670541971553525e-05,-2.5748588620419836e-05,0.0,0.0,1.3332013732641728e-05,-6.253967083775416e-06,0.0,0.0,Rbias3,9.011594340908717e-06,1.0963210497077966e-05,0.0,0.0,-4.459392906046723e-06,2.5077767498775344e-06,0.0,0.0,
111,Rd,9.94736681005488e-07,1.5043546852366955e-06,0.0,0.0,1.3868752070543757e-05,-1.4378370074773608e-05,0.0,0.0,Ibias,81.96122013293476,92.45400396123691,0.0,0.0,-150.58111169294938,140.08832786464956,0.0,0.0,W1,-1316.6807680856198,-578.7376315054165,0.0,0.0,-911.0256218791952,173.0824852990157,0.0,0.0,W2,-1946.7284982015663,94.85243141286911,0.0,0.0,-2303.9139080269892,262.33297841252914,0.0,0.0,Alo,-0.3160606935406911,0.39684124174420876,0.0,0.0,-0.7129019352848993,0.0,0.0,0.0,Rbias2,-1.8651630350133847e-05,-2.5745145619482308e-05,0.0,0.0,1.3357859735794152e-05,-6.264344466445814e-06,0.0,0.0,Rbias3,9.054704011709872e-06,1.1066794697647956e-05,0.0,0.0,-4.512836043231234e-06,2.500745357293186e-06,0.0,0.0,
112,Rd,1.3209443090228566e-06,1.460162490152714e-06,0.0,0.0,1.4201472477678157e-05,-1.4340690658808558e-05,0.0,0.0,Ibias,81.37861302151683,91.78740251661466,0.0,0.0,-150.86699651582416,140.45820702072604,0.0,0.0,W1,-1299.2955512295757,-570.2612484778398,0.0,0.0,-900.1369585155096,171.10265576376474,0.0,0.0,W2,-1926.9707784835302,88.79337433764535,0.0,0.0,-2277.186881185267,261.4227283640963,0.0,0.0,Alo,-0.30470798842771935,0.40188169985198824,0.0,0.0,-0.7065896882797046,0.0,0.0,0.0,Rbias2,-1.8599868732325035e-05,-2.571018202836709e-05,0.0,0.0,1.3384090371230487e-05,-6.273777075188463e-06,0.0,0.0,Rbias3,9.120199860282667e-06,1.1158511498925393e-05,0.0,0.0,-4.56850585044181e-06,2.5301942117990725e-06,0.0,0.0,
113,Rd,1.639666762893575e-06,1.2882986102870972e-06,0.0,0.0,1.4656832013322172e-05,-1.4305463860715151e-05,0.0,0.0,Ibias,79.98264836869119,91.11817441254409,0.0,0.0,-151.20157033404232,140.0660442901888,0.0,0.0,W1,-1280.9397277633482,-560.433787599655,0.0,0.0,-889.7613595788508,169.2554194151636,0.0,0.0,W2,-1906.851568538645,85.28214903525657,0.0,0.0,-2252.640561589842,260.50684401594503,0.0,0.0,Alo,-0.29399320145646246,0.40659480806474335,0.0,0.0,-0.7005880095212046,0.0,0.0,0.0,Rbias2,-1.855925851640824e-05,-2.5689576768308912e-05,0.0,0.0,1.34126621138954e-05,-6.282343861994759e-06,0.0,0.0,Rbias3,9.192349241238449e-06,1.1256954968708478e-05,0.0,0.0,-4.624248826058386e-06,2.5596430985883058e-06,0.0,0.0,
114,Rd,2.009748072189106e-06,1.3847269957783384e-06,0.0,0.0,1.4900060969073699e-05,-1.4275039892664018e-05,0.0,0.0,Ibias,78.70390385772625,90.45238048799709,0.0,0.0,-151.42772779859922,139.67925116832694,0.0,0.0,W1,-1262.2149109526345,-550.7077723132983,0.0,0.0,-879.0045047332712,167.49736609394375,0.0,0.0,W2,-1884.3882251367727,84.30578713940608,0.0,0.0,-2228.2515448073036,259.5575325311298,0.0,0.0,Alo,-0.2835121711631551,0.41158199684457564,0.0,0.0,-0.6950941680077289,0.0,0.0,0.0,Rbias2,-1.8477569583921003e-05,-2.5623206728794678e-05,0.0,0.0,1.3435925121231092e-05,-6.290287976357385e-06,0.0,0.0,Rbias3,9.255954957981815e-06,1.1355711496989523e-05,0.0,0.0,-4.688788518401918e-06,2.58903197939416e-06,0.0,0.0,
115,Rd,2.1119164206630505e-06,1.2083721229723632e-06,0.0,0.0,1.51522171744548e-05,-1.4248672876763568e-05,0.0,0.0,Ibias,77.39164704818386,89.78327605406344,0.0,0.0,-151.68996158441757,139.298332578538,0.0,0.0,W1,-1243.9082236593144,-541.1203094357272,0.0,0.0,-868.6320592962725,165.84414507269383,0.0,0.0,W2,-1863.2038012491394,83.32217377505798,0.0,0.0,-2205.1026843315176,258.57670930733,0.0,0.0,Alo,-0.27390799923863,0.4159427099606643,0.0,0.0,-0.6898507091992931,0.0,0.0,0.0,Rbias2,-1.8393508839213425e-05,-2.5557115372760132e-05,0.0,0.0,1.3461311651605713e-05,-6.297705118058856e-06,0.0,0.0,Rbias3,9.322698502425383e-06,1.1448847122616913e-05,0.0,0.0,-4.744523133015043e-06,2.6183745128235876e-06,0.0,0.0,
