Iteration No,Io,gain_db,gain_fo,gain_lower,gain_upper,freq_lower,freq_upper,iip3_dbm,s11_db,s12_db,s21_db,s22_db,Kf,nf_db,p_source,gm1,vdsat,vg,vd,vs,
1,0.0009537133,8.608438,12.94565,5.608438,12.53319,1000000.0,2000000000.0,16.644138244106443,-1.08928,-72.7729,-92.8654,-7.10609e-07,4.352494774969187,9.763883,0.003844124,0.01755117,0.05991331,0.5895591,0.6386887,0.211286,
2,0.001018934,7.86103,13.51794,4.86103,13.08797,1000000.0,2000000000.0,11.446953636193854,-1.49748,-70.892,-90.553,-7.24822e-07,3.7077984207304735,8.317806,0.004197166,0.01860213,0.06103656,0.6199575,0.5693121,0.2273901,
3,0.001062479,7.223149,13.77911,4.223149,13.34243,1000000.0,2000000000.0,5.87822462519442,-1.84961,-69.6902,-88.8055,-7.30937e-07,3.250657066220795,7.38921,0.004457926,0.0192651,0.06195133,0.6448443,0.5068977,0.2402572,
4,0.001080776,6.6370059999999995,13.81083,3.637006,13.37468,1000000.0,2000000000.0,2.059797369955888,-2.13597,-68.9588,-87.5142,-7.31887e-07,2.948795658129742,6.786566,0.004593046,0.01955377,0.06240739,0.6593646,0.4605829,0.2474352,
5,0.001075624,6.092747,13.77289,3.092747,13.33051,1000000.0,2000000000.0,-0.194974049425781,-2.38399,-68.4726,-86.6671,-7.37368e-07,2.7939806836750627,6.379031,0.004597889,0.01952741,0.06225166,0.6627746,0.436193,0.2490715,
6,0.001054589,5.6384229999999995,13.80627,2.638423,13.34071,1000000.0,2000000000.0,-0.8612656141114599,-2.61732,-68.0558,-86.1994,-7.54079e-07,2.7524886750408664,6.088938,0.004509594,0.01931547,0.06158139,0.6578268,0.4291208,0.2467921,
7,0.001030891,5.401418,13.85301,2.401418,13.35955,1000000.0,2000000000.0,-1.1199666270646347,-2.76915,-67.7618,-85.9173,-7.70662e-07,2.7329086494626966,5.918107,0.004405782,0.01905442,0.06087684,0.6521126,0.4256003,0.2443026,
8,0.001007615,5.136421,13.89336,2.136421,13.37109,1000000.0,2000000000.0,-1.3614192849075692,-2.93214,-67.4741,-85.6425,-7.8783e-07,2.715930593565291,5.752596,0.004303982,0.01878063,0.06023178,0.6470179,0.422667,0.2422134,
9,0.0009845515,4.946153,13.92288,1.946153,13.37559,1000000.0,2000000000.0,-1.5550106459105564,-3.05982,-67.2386,-85.416,-8.05127e-07,2.70306982333579,5.633454,0.004203749,0.01846858,0.05971346,0.6427808,0.4203129,0.2404341,
10,0.0009619222,4.919695,13.94823,1.919695,13.3704,1000000.0,2000000000.0,-1.6567067729733438,-3.1154,-67.0848,-85.275,-8.193440000000001e-07,2.6924445721577643,5.577321,0.004105318,0.01815343,0.05922482,0.6388743,0.4184709,0.2388921,
11,0.0009416892,4.819731,13.98056,1.819731,13.37044,1000000.0,2000000000.0,-1.772827209189245,-3.20299,-66.9021,-85.1055,-8.32943e-07,2.676641713858299,5.491154,0.00401116,0.01790391,0.05863241,0.6347633,0.4167536,0.2376234,
12,0.0009129209,4.716938,14.05613,1.716938,13.40238,1000000.0,2000000000.0,-0.8792243783442757,-3.30657,-66.7109,-85.1212,-8.568720000000001e-07,2.7295337701885067,5.435564,0.003878885,0.01750286,0.05789438,0.6269099,0.425898,0.2346484,
13,0.0008992045,4.826703,14.00865,1.826703,13.34099,1000000.0,2000000000.0,-1.8745493753506253,-3.27139,-66.6629,-84.8879,-8.603109999999999e-07,2.6624509929933975,5.425555,0.003831608,0.01727592,0.05772477,0.6286477,0.4150644,0.2359256,
14,0.0008871826,4.862143,13.91239,1.862143,13.23634,1000000.0,2000000000.0,-3.53614833952291,-3.24973,-66.6184,-84.5294,-8.586360000000001e-07,2.5638043212203834,5.390932,0.00379651,0.01707947,0.05764909,0.6309416,0.398039,0.2369758,
15,0.0008558258,4.9120729999999995,14.08087,1.912073,13.33144,1000000.0,2000000000.0,-1.4239065888250124,-3.32039,-66.4371,-84.7986,-8.91075e-07,2.6788670523890543,5.391721,0.00363685,0.0166367,0.0567772,0.6186887,0.4173295,0.2318169,
16,0.0008416806,5.0361139999999995,14.05051,2.036114,13.28126,1000000.0,2000000000.0,-2.0123560617892764,-3.28333,-66.4001,-84.6535,-8.964869999999999e-07,2.638465466570645,5.396578,0.003582337,0.01640172,0.05656563,0.6190959,0.4109853,0.2325361,
17,0.0008212301,5.142858,14.02246,2.142858,13.2229,1000000.0,2000000000.0,-2.8766650683965267,-3.26416,-66.3113,-84.4221,-9.07224e-07,2.585218826439266,5.387921,0.003500284,0.01606345,0.05628712,0.6165069,0.4000554,0.2308631,
18,0.0007984948,5.123699,14.10624,2.123699,13.24707,1000000.0,2000000000.0,-1.6904148306368398,-3.33385,-66.1655,-84.5264,-9.298299999999998e-07,2.645663457834925,5.360481,0.003387641,0.01573305,0.05566252,0.6100077,0.4123942,0.2291152,
19,0.0007854113,5.146629,14.08272,2.146629,13.20142,1000000.0,2000000000.0,-1.9510083948552364,-3.33757,-66.1064,-84.4221,-9.375819999999999e-07,2.6264116651712053,5.343974,0.003333897,0.01551166,0.05544974,0.6112837,0.411274,0.2309541,
20,0.0007714707,5.285324,14.07434,2.285324,13.15752,1000000.0,2000000000.0,-1.9216464624750529,-3.29961,-66.0881,-84.4061,-9.43608e-07,2.61931140206698,5.361703,0.003273548,0.01529423,0.05512406,0.610996,0.4123746,0.2322142,
21,0.0007584873,5.417161,14.06416,2.417161,13.12171,1000000.0,2000000000.0,-1.98646858413575,-3.26208,-66.0657,-84.3731,-9.50732e-07,2.609432317737404,5.379521,0.003218332,0.01508303,0.05487514,0.6113389,0.4127554,0.2336359,
22,0.0007460206,5.5398320000000005,14.04998,2.539832,13.07341,1000000.0,2000000000.0,-2.0273886347560364,-3.23159,-66.0481,-84.345,-9.55944e-07,2.599601298723359,5.393175,0.003165239,0.01488365,0.05459927,0.6114955,0.4132244,0.2350417,
23,0.0007341257,5.545579,14.03832,2.545579,13.03679,1000000.0,2000000000.0,-2.1339134623159524,-3.24459,-65.9855,-84.2708,-9.646100000000001e-07,2.590350534743795,5.376488,0.003114875,0.01468596,0.05438428,0.6119192,0.413511,0.2364089,
24,0.0007225176,5.675093,14.02272,2.675093,12.98687,1000000.0,2000000000.0,-2.1729851501119697,-3.20838,-65.9778,-84.252,-9.69208e-07,2.581152102106416,5.396509,0.003065674,0.01449652,0.05413709,0.6120979,0.4138731,0.237736,
25,0.0007113921,5.7939229999999995,14.0056,2.793923,12.94213,1000000.0,2000000000.0,-2.2298666106466953,-3.17475,-65.967,-84.2244,-9.749280000000001e-07,2.5720940410447084,5.416459,0.003018771,0.01430619,0.05391869,0.6123368,0.4140688,0.238943,
26,0.0007005488,5.905481,13.99624,2.905481,12.9071,1000000.0,2000000000.0,-2.269462430470867,-3.14858,-65.9456,-84.1985,-9.82006e-07,2.5658727078268,5.433029,0.002972838,0.01412174,0.05373298,0.6123997,0.4144146,0.2399358,
27,0.0006901535,5.899343,13.98142,2.899343,12.85696,1000000.0,2000000000.0,-2.3318101918648537,-3.16649,-65.8948,-84.1395,-9.88198e-07,2.5584713225866165,5.416486,0.002928924,0.01394891,0.05351488,0.6121241,0.4145004,0.240794,
28,0.0006796303,6.020878,13.97567,3.020878,12.82343,1000000.0,2000000000.0,-2.3317201236699105,-3.13567,-65.8793,-84.1269,-9.95447e-07,2.5546665151977894,5.440272,0.002884258,0.01376754,0.05333856,0.6114623,0.4146443,0.2411735,
29,0.0006691748,6.133231,13.96959,3.133231,12.78729,1000000.0,2000000000.0,-2.2958227785658707,-3.10981,-65.8626,-84.1163,-1.0031399999999998e-06,2.553059463517889,5.463597,0.002839704,0.01358054,0.05317351,0.6102865,0.4147277,0.2410491,
30,0.0006587933,6.241315999999999,13.96612,3.241316,12.74101,1000000.0,2000000000.0,-2.200368431555887,-3.08955,-65.8492,-84.1188,-1.0088499999999999e-06,2.5524459958238377,5.484518,0.002794724,0.01340605,0.05294673,0.6080267,0.4147057,0.2403955,
31,0.0006481862,6.3456019999999995,13.97408,3.345602,12.713,1000000.0,2000000000.0,-2.057474685400905,-3.07287,-65.8207,-84.122,-1.01816e-06,2.5565252110151606,5.506406,0.002748134,0.01322189,0.05275617,0.6050591,0.4148173,0.2390334,
32,0.0006378869,6.4463159999999995,13.97704,3.446316,12.67877,1000000.0,2000000000.0,-1.9399579178331905,-3.05969,-65.7933,-84.1173,-1.02711e-06,2.559276193613184,5.526326,0.002703038,0.013037,0.05257954,0.6020059,0.4144716,0.2374697,
33,0.0006292007,6.4349,13.98152,3.4349,12.63791,1000000.0,2000000000.0,-1.8709917272736476,-3.08845,-65.7316,-84.0748,-1.03399e-06,2.5566822800461915,5.506768,0.002660014,0.01289069,0.05237615,0.5988179,0.4138487,0.2359623,
34,0.0006065219,6.524063,14.07784,3.524063,12.62308,1000000.0,2000000000.0,0.08924565051142963,-3.13168,-65.6441,-84.3242,-1.06585e-06,2.6613557492937754,5.555221,0.002550642,0.01248864,0.05188326,0.5787263,0.4247675,0.2232673,
35,0.0006043333,6.6974409999999995,14.02195,3.697441,12.57224,1000000.0,2000000000.0,-1.3757098516205986,-3.05821,-65.6679,-84.1156,-1.0593999999999998e-06,2.5804387410558003,5.582262,0.002553565,0.01244075,0.05197903,0.5841251,0.4094931,0.2260754,
36,0.0005973659,6.8031500000000005,13.99646,3.80315,12.51087,1000000.0,2000000000.0,-1.5951506937103233,-3.03131,-65.6762,-84.0816,-1.05996e-06,2.5633519680061,5.602789,0.002525604,0.01231928,0.05184159,0.58383,0.406725,0.2264387,
37,0.0005894369,6.890795,13.98547,3.890795,12.4654,1000000.0,2000000000.0,-1.5322786136838715,-3.01519,-65.668,-84.0787,-1.06543e-06,2.56205944223789,5.62204,0.002491345,0.01217564,0.05168815,0.5824196,0.4068081,0.2261653,
38,0.0005817163,6.974995,13.98029,3.974995,12.4289,1000000.0,2000000000.0,-1.474738348197171,-3.00338,-65.6504,-84.0734,-1.07216e-06,2.5619946212193394,5.638252,0.002457948,0.0120366,0.05156116,0.5810467,0.4069272,0.2258425,
39,0.0005743847,6.942107,13.96505,3.942107,12.3698,1000000.0,2000000000.0,-1.4464073746699384,-3.03321,-65.6083,-84.0361,-1.0763799999999998e-06,2.5595079314208578,5.620049,0.002426219,0.01190872,0.05139635,0.5795103,0.4067923,0.2255812,
40,0.0005670413,7.042319,13.95832,4.042319,12.33196,1000000.0,2000000000.0,-1.3944249273952778,-3.01267,-65.6013,-84.0388,-1.08247e-06,2.558899997925171,5.64379,0.00239458,0.01177502,0.05128096,0.5782298,0.4067728,0.2252785,
41,0.0005599861,7.133712,13.94645,4.133712,12.28762,1000000.0,2000000000.0,-1.346019557629731,-2.9948,-65.5977,-84.0391,-1.0876699999999998e-06,2.5575995020263265,5.665715,0.00236429,0.01164357,0.05116407,0.5770207,0.4066907,0.2249959,
42,0.0005532239,7.219144,13.92976,4.219144,12.22642,1000000.0,2000000000.0,-1.2701894372456906,-2.98166,-65.6034,-84.0502,-1.08951e-06,2.5556557610256627,5.684708,0.002334977,0.01152448,0.0510114,0.575513,0.4066247,0.2247298,
43,0.0005465959,7.297783,13.9167,4.297783,12.17954,1000000.0,2000000000.0,-1.2047935609504492,-2.96856,-65.5999,-84.0519,-1.09405e-06,2.554878054784281,5.703448,0.002306374,0.01140156,0.05088881,0.574206,0.4066786,0.224428,
44,0.0005401798,7.372971,13.90911,4.372971,12.14198,1000000.0,2000000000.0,-1.150105104277472,-2.95663,-65.5897,-84.0521,-1.09973e-06,2.5548665789092952,5.721213,0.002278709,0.01128335,0.05079044,0.5730057,0.4067391,0.2241294,
45,0.0005341105,7.444585,13.89024,4.444585,12.07921,1000000.0,2000000000.0,-1.0903439612460488,-2.95058,-65.5932,-84.0584,-1.10087e-06,2.5524425536254705,5.734765,0.002252495,0.0111757,0.0506521,0.5716247,0.4065595,0.2239056,
46,0.0005280763,7.396403,13.87613,4.396403,12.03211,1000000.0,2000000000.0,-1.0599380109112104,-2.98213,-65.5477,-84.0182,-1.1065499999999998e-06,2.5519716238526655,5.715484,0.00222647,0.01106275,0.05054209,0.5703869,0.4066437,0.2236133,
47,0.0005221241,7.485754,13.86703,4.485754,11.99365,1000000.0,2000000000.0,-1.0130742157884853,-2.96474,-65.5455,-84.0242,-1.11158e-06,2.5514989942576034,5.7382,0.002200921,0.01095189,0.05045514,0.5693003,0.4065876,0.2233508,
48,0.0005164812,7.56716,13.84722,4.56716,11.93168,1000000.0,2000000000.0,-0.9447961917594938,-2.9524,-65.5572,-84.0384,-1.1123899999999999e-06,2.5494194014124303,5.758097,0.002176589,0.01084966,0.05034054,0.568102,0.4063765,0.2231581,
49,0.000510707,7.640702,13.83363,4.640702,11.8838,1000000.0,2000000000.0,-0.840405579669536,-2.94159,-65.558,-84.0501,-1.11632e-06,2.550830627134639,5.77705,0.002151454,0.0107409,0.05023399,0.5667017,0.4067756,0.2227618,
50,0.000505255,7.711982,13.82419,4.711982,11.84551,1000000.0,2000000000.0,-0.7901543443001486,-2.93046,-65.5527,-84.0541,-1.12111e-06,2.550882287419576,5.795167,0.002128013,0.01063873,0.05015449,0.565597,0.4067819,0.2224616,
51,0.0005001081,7.778821,13.80191,4.778821,11.77917,1000000.0,2000000000.0,-0.7262613154793343,-2.92362,-65.5654,-84.0687,-1.1207e-06,2.5486505871085163,5.810979,0.002105801,0.01054635,0.05003375,0.5642769,0.4065937,0.2222353,
52,0.0004950012,7.840211,13.78626,4.840211,11.73179,1000000.0,2000000000.0,-0.6668066979356126,-2.9158,-65.5659,-84.0734,-1.12387e-06,2.5482042014630846,5.826695,0.002083827,0.01044924,0.04994293,0.5631577,0.4066359,0.2219601,
53,0.0004900486,7.899693,13.77636,4.899693,11.69435,1000000.0,2000000000.0,-0.6212299096470275,-2.91071,-65.5571,-84.0737,-1.1284e-06,2.548464345130228,5.839647,0.002062542,0.01035577,0.04987264,0.5621448,0.4066796,0.2216936,
54,0.0004853624,7.840997,13.75235,4.840997,11.627,1000000.0,2000000000.0,-0.5945005843990145,-2.947,-65.5287,-84.0469,-1.12877e-06,2.5463054567680397,5.81737,0.002042326,0.01027131,0.04976064,0.5608989,0.4065132,0.2214971,
55,0.0004805817,7.919105,13.73545,4.919105,11.57904,1000000.0,2000000000.0,-0.5415545676476228,-2.93306,-65.5374,-84.0581,-1.1312999999999999e-06,2.5454419915651196,5.838586,0.002021839,0.01017964,0.04967828,0.5598848,0.406469,0.221264,
56,0.0004759327,7.991198,13.72466,4.991198,11.54122,1000000.0,2000000000.0,-0.49133731321271057,-2.92083,-65.538,-84.0673,-1.13525e-06,2.545750189098502,5.858159,0.002001877,0.01009125,0.04961431,0.5589313,0.4065235,0.2210198,
57,0.000471485,8.056604,13.7075,5.056604,11.49404,1000000.0,2000000000.0,-0.44482812573113506,-2.91084,-65.5445,-84.0757,-1.1375299999999999e-06,2.5448430097861094,5.875895,0.00198283,0.01000578,0.04953648,0.5579742,0.4064748,0.2208105,
58,0.0004672088,8.117495,13.68209,5.117495,11.42507,1000000.0,2000000000.0,-0.36891822465128143,-2.90597,-65.5636,-84.0981,-1.13561e-06,2.5434308966533328,5.891326,0.001964287,0.009928371,0.04943134,0.5567317,0.4064578,0.2206134,
59,0.0004629643,8.173137,13.66525,5.173137,11.37845,1000000.0,2000000000.0,-0.3080911091876146,-2.8994,-65.5681,-84.1075,-1.13786e-06,2.5435344944191103,5.906507,0.001946001,0.009846512,0.04935724,0.5557287,0.4065955,0.2203682,
60,0.0004588627,8.226911999999999,13.65418,5.226912,11.34212,1000000.0,2000000000.0,-0.26582615146165267,-2.89273,-65.5658,-84.1136,-1.1414200000000001e-06,2.544004199613785,5.921181,0.001928394,0.009768027,0.04930208,0.554848,0.4066671,0.2201397,
61,0.0004549976,8.278096,13.62726,5.278096,11.27281,1000000.0,2000000000.0,-0.2121752946841724,-2.89322,-65.5825,-84.1309,-1.1388799999999999e-06,2.5419740312202728,5.931734,0.001911707,0.009697936,0.0492049,0.5537073,0.4065218,0.2199808,
62,0.0004510986,8.208561,13.60979,5.208561,11.22678,1000000.0,2000000000.0,-0.19322212466440192,-2.92868,-65.5449,-84.0982,-1.14209e-06,2.5421932030913807,5.908584,0.001894921,0.009622354,0.04913715,0.552756,0.4066663,0.2197475,
63,0.0004472294,8.280998,13.59755,5.280998,11.19001,1000000.0,2000000000.0,-0.1647800598910294,-2.91529,-65.5507,-84.1098,-1.14506e-06,2.5418884948900065,5.92921,0.001878421,0.009547794,0.04908755,0.5519714,0.4065819,0.2195572,
64,0.0004435668,8.345962,13.56893,5.345962,11.11896,1000000.0,2000000000.0,-0.1097172917496323,-2.90872,-65.5777,-84.1371,-1.14172e-06,2.5399148746983875,5.946655,0.001862609,0.009481083,0.04899462,0.5508536,0.406441,0.2194078,
65,0.0004398815,8.403261,13.55117,5.403261,11.07298,1000000.0,2000000000.0,-0.05567382320745651,-2.90105,-65.5869,-84.1514,-1.1432e-06,2.540267462544376,5.963087,0.001846725,0.009409273,0.04893126,0.5499237,0.4066139,0.2191768,
66,0.0004363274,8.457462,13.53935,5.457462,11.03759,1000000.0,2000000000.0,-0.020107753015167873,-2.89351,-65.5887,-84.1614,-1.14607e-06,2.540915767273821,5.978666,0.001831471,0.009340592,0.04888529,0.5491156,0.4067171,0.2189647,
67,0.0004330029,8.507959,13.50981,5.507959,10.96664,1000000.0,2000000000.0,0.023124317376584713,-2.89151,-65.6137,-84.1865,-1.1422399999999999e-06,2.5389831381506753,5.992073,0.001817111,0.009280058,0.04879806,0.5480386,0.4065797,0.218825,
68,0.0004296389,8.553429000000001,13.49188,5.553429,10.92186,1000000.0,2000000000.0,0.0649220565893529,-2.88731,-65.621,-84.1984,-1.14342e-06,2.539339747221412,6.005177,0.001802621,0.009214251,0.04874013,0.5471625,0.406742,0.2186079,
69,0.0004263868,8.598004,13.47994,5.598004,10.88762,1000000.0,2000000000.0,0.08898622415165391,-2.88247,-65.6213,-84.2064,-1.146e-06,2.5399002906479637,6.018092,0.001788689,0.009151178,0.0486988,0.5464082,0.4068222,0.2184111,
70,0.0004233432,8.640132000000001,13.4494,5.640132,10.81659,1000000.0,2000000000.0,0.11976379948688987,-2.883,-65.6463,-84.2309,-1.1416599999999998e-06,2.5379691615258095,6.029226,0.001775538,0.009095781,0.04861642,0.5453693,0.4066794,0.2182823,
71,0.0004202498,8.678657000000001,13.43129,5.678657,10.77284,1000000.0,2000000000.0,0.14970341918933627,-2.88067,-65.653,-84.2418,-1.14253e-06,2.5382803021199205,6.040427,0.001762222,0.009035043,0.04856313,0.5445435,0.4068292,0.2180801,
72,0.0004172503,8.717158000000001,13.41934,5.717158,10.73973,1000000.0,2000000000.0,0.1627324735252671,-2.87989,-65.6503,-84.2464,-1.14491e-06,2.5388592751459678,6.049378,0.001749369,0.008976671,0.04852566,0.5438266,0.4069094,0.2178914,
73,0.0004144361,8.636852000000001,13.3875,5.636852,10.66821,1000000.0,2000000000.0,0.14642640280564478,-2.92105,-65.6349,-84.2303,-1.1412e-06,2.536964220415325,6.022774,0.001737203,0.008925456,0.04844733,0.5428153,0.4067666,0.2177697,
74,0.0004114792,8.697831,13.36823,5.697831,10.62391,1000000.0,2000000000.0,0.15939345269232774,-2.91102,-65.6505,-84.2472,-1.14151e-06,2.5363811182493143,6.040961,0.001724589,0.008867065,0.04839811,0.5420797,0.4067274,0.2176051,
75,0.0004085908,8.751709,13.34931,5.751709,10.5801,1000000.0,2000000000.0,0.17734241880125978,-2.90331,-65.6643,-84.2641,-1.14186e-06,2.5364357401646935,6.057123,0.001712195,0.008810048,0.0483491,0.5413051,0.4068171,0.21742,
76,0.0004058439,8.802199,13.32502,5.802199,10.52139,1000000.0,2000000000.0,0.19235529340707558,-2.90003,-65.6866,-84.2931,-1.13892e-06,2.536200305154274,6.071573,0.001700292,0.008759753,0.04829381,0.5403784,0.4068449,0.2172641,
77,0.0004031504,8.846651999999999,13.30614,5.846652,10.47878,1000000.0,2000000000.0,0.197322866297597,-2.89502,-65.6982,-84.3069,-1.13909e-06,2.5359807282858267,6.08496,0.001688774,0.008706459,0.04824812,0.5396565,0.4068754,0.2170955,
78,0.0004005292,8.88743,13.28737,5.88743,10.43659,1000000.0,2000000000.0,0.20115759508485098,-2.8911,-65.7092,-84.3205,-1.13921e-06,2.5359964217447715,6.097288,0.001677537,0.008654594,0.04820317,0.5389342,0.4069443,0.2169258,
79,0.0003979748,8.926332,13.27511,5.926332,10.40519,1000000.0,2000000000.0,0.19989529666503358,-2.88678,-65.7125,-84.3307,-1.1409e-06,2.5366286084096252,6.109226,0.001666593,0.008604547,0.04817218,0.5382824,0.4070347,0.2167537,
80,0.0003956067,8.962978,13.24126,5.962978,10.33312,1000000.0,2000000000.0,0.18982623766913775,-2.88854,-65.7435,-84.3601,-1.13491e-06,2.5346365570876674,6.119409,0.001656347,0.008561571,0.04810141,0.537336,0.4068851,0.2166568,
81,0.0003931727,8.995798,13.22274,5.995798,10.29208,1000000.0,2000000000.0,0.18842732189183664,-2.88691,-65.7531,-84.3736,-1.13488e-06,2.5351230686016866,6.12946,0.001645861,0.008513324,0.04805899,0.5366111,0.4070559,0.21648,
82,0.0003908181,9.02858,13.21056,6.02858,10.26185,1000000.0,2000000000.0,0.17789374270526537,-2.88414,-65.7556,-84.3827,-1.1363399999999999e-06,2.535721677819162,6.139652,0.001635782,0.008467099,0.04803073,0.536,0.4071416,0.2163226,
83,0.0003886369,9.059881,13.17598,6.059881,10.18996,1000000.0,2000000000.0,0.15421138646340182,-2.88741,-65.7869,-84.412,-1.1299699999999998e-06,2.5337353040093795,6.148337,0.001626338,0.008427617,0.0479633,0.5350834,0.4069889,0.216235,
84,0.0003863788,9.088308,13.15748,6.088308,10.14994,1000000.0,2000000000.0,0.1428043901001672,-2.88686,-65.7962,-84.4251,-1.12971e-06,2.534226936931993,6.157138,0.001616616,0.008382754,0.0479237,0.5343902,0.4071587,0.2160672,
85,0.0003841951,9.117026,13.14552,6.117026,10.12092,1000000.0,2000000000.0,0.12293532092378712,-2.88753,-65.7957,-84.431,-1.1310500000000002e-06,2.5348422260546535,6.163801,0.001607266,0.008339792,0.04789788,0.5338056,0.4072488,0.2159154,
86,0.0003821744,9.026703000000001,13.10984,6.026703,10.04885,1000000.0,2000000000.0,0.05280489713550196,-2.93068,-65.787,-84.42,-1.1252299999999998e-06,2.532847569282341,6.134878,0.00159851,0.008303314,0.04783332,0.532915,0.4070953,0.2158368,
87,0.0003799981,9.079515,13.09027,6.079515,10.00836,1000000.0,2000000000.0,0.030487708728287544,-2.92192,-65.8053,-84.4387,-1.1245e-06,2.5322587725661907,6.151199,0.001589256,0.008259842,0.04779674,0.5323192,0.4070332,0.2157114,
88,0.0003779118,9.127272,13.06384,6.127272,9.951211,1000000.0,2000000000.0,-0.00023653322952554845,-2.91839,-65.8331,-84.4717,-1.12034e-06,2.53196647623934,6.16553,0.001580213,0.008221491,0.04775422,0.531524,0.4070496,0.2155918,
89,0.0003758628,9.168008,13.04477,6.168008,9.911951,1000000.0,2000000000.0,-0.02487168957168251,-2.9133,-65.8481,-84.4887,-1.1195999999999998e-06,2.5318907651016063,6.178279,0.001571445,0.008180556,0.0477189,0.5309137,0.4071056,0.2154563,
90,0.0003738737,9.204668999999999,13.02589,6.204669,9.873224,1000000.0,2000000000.0,-0.05112006087549048,-2.9094,-65.8622,-84.5049,-1.11883e-06,2.5319495912253966,6.189808,0.00156292,0.008140826,0.04768419,0.5303059,0.4071867,0.2153209,
91,0.0003719411,9.239097000000001,13.01377,6.239097,9.845444,1000000.0,2000000000.0,-0.07709770926186366,-2.90503,-65.8683,-84.5169,-1.11968e-06,2.5325422044767656,6.20088,0.001554652,0.008102647,0.04766182,0.5297697,0.4072743,0.215186,
92,0.0003701656,9.270681,12.97682,6.270681,9.773204,1000000.0,2000000000.0,-0.12892926975089836,-2.90773,-65.9052,-84.5515,-1.1122199999999998e-06,2.530671655338765,6.210038,0.001546936,0.008070741,0.04760167,0.5289079,0.4071519,0.2151178,
93,0.0003683226,9.29819,12.95842,6.29819,9.73584,1000000.0,2000000000.0,-0.15923709979361433,-2.90646,-65.9171,-84.567,-1.11138e-06,2.5312261954233644,6.21884,0.001538981,0.008033908,0.04756876,0.5282901,0.4073384,0.2149718,
94,0.0003665938,9.326369,12.932,6.326369,9.681343,1000000.0,2000000000.0,-0.20838836583624243,-2.9084,-65.9409,-84.5952,-1.10688e-06,2.530895214637753,6.227364,0.00153148,0.008002349,0.0475322,0.5275751,0.4073423,0.2148747,
95,0.0003648824,9.351215,12.91361,6.351215,9.645128,1000000.0,2000000000.0,-0.24489235298543122,-2.90761,-65.9524,-84.6079,-1.10585e-06,2.5306968603547855,6.235323,0.00152417,0.007968076,0.04750183,0.5270421,0.4073684,0.2147637,
96,0.000363206,9.374701,12.89534,6.374701,9.609212,1000000.0,2000000000.0,-0.2817310600639047,-2.90717,-65.9637,-84.6207,-1.1048e-06,2.5306208527422474,6.242882,0.001516992,0.007934514,0.04747175,0.5265042,0.4074297,0.2146502,
97,0.0003615688,9.398236,12.88385,6.398236,9.584081,1000000.0,2000000000.0,-0.3153376830729826,-2.9055,-65.9677,-84.6299,-1.1053699999999998e-06,2.5310880281024453,6.250706,0.001510001,0.007902122,0.04745319,0.5260346,0.4074922,0.2145371,
98,0.0003600722,9.42068,12.84599,6.42068,9.512842,1000000.0,2000000000.0,-0.38088161640044405,-2.9106,-66.0046,-84.6637,-1.09738e-06,2.52910713652864,6.25717,0.001503479,0.007875559,0.04739795,0.5252338,0.4073502,0.2144908,
99,0.0003584889,9.440597,12.82804,6.440597,9.47776,1000000.0,2000000000.0,-0.41922738307945906,-2.91111,-66.0155,-84.6777,-1.09627e-06,2.5296125779867413,6.263694,0.001496646,0.007843853,0.0473689,0.5246701,0.407528,0.2143611,
100,0.000357007,9.461936,12.80149,6.461936,9.42508,1000000.0,2000000000.0,-0.47688014630851683,-2.91459,-66.039,-84.7054,-1.09146e-06,2.5293326450682345,6.270257,0.001490198,0.00781695,0.04733667,0.5240039,0.4075415,0.2142748,
101,0.0003555352,9.481183,12.78355,6.481183,9.391065,1000000.0,2000000000.0,-0.5177311852414022,-2.91495,-66.05,-84.7171,-1.0901799999999998e-06,2.5290517101147,6.276551,0.001483918,0.007787416,0.04730986,0.5235259,0.4075534,0.2141815,
102,0.0003540946,9.499801999999999,12.76581,6.499802,9.357406,1000000.0,2000000000.0,-0.5608157014844579,-2.918,-66.0584,-84.7265,-1.08891e-06,2.5288987239389598,6.280211,0.001477757,0.007758523,0.04728328,0.5230432,0.4075936,0.2140856,
103,0.0003527235,9.399467999999999,12.74338,6.399468,9.31545,1000000.0,2000000000.0,-0.6444278364077434,-2.9581,-66.0363,-84.7045,-1.0863899999999998e-06,2.527988099707533,6.249564,0.001471778,0.007733376,0.04724255,0.5223535,0.4075809,0.2140136,
104,0.000351295,9.446436,12.7153,6.446436,9.261735,1000000.0,2000000000.0,-0.7013819821215748,-2.9532,-66.0695,-84.7388,-1.08111e-06,2.5267307357324014,6.264048,0.001465666,0.007707259,0.04721261,0.5217746,0.4073825,0.2139673,
105,0.0003499193,9.485097,12.67519,6.485097,9.188942,1000000.0,2000000000.0,-0.7716999875440251,-2.95303,-66.1152,-84.7821,-1.0725299999999999e-06,2.525093510391468,6.275705,0.001459622,0.007682803,0.04716068,0.5209607,0.4073113,0.213911,
106,0.0003484832,9.51725,12.65703,6.51725,9.154679,1000000.0,2000000000.0,-0.8112012244285296,-2.94914,-66.1317,-84.8023,-1.0711099999999999e-06,2.5258678349578463,6.286124,0.001453394,0.007653903,0.04713453,0.5204064,0.4075414,0.2137782,
107,0.0003471611,9.547920000000001,12.62948,6.54792,9.10241,1000000.0,2000000000.0,-0.8712104159237555,-2.94915,-66.1605,-84.8352,-1.06594e-06,2.5256650289270066,6.295765,0.001447623,0.007629841,0.04710588,0.5197701,0.4075763,0.2136971,
108,0.0003458601,9.57385,12.61161,6.57385,9.069722,1000000.0,2000000000.0,-0.9114686411163859,-2.94686,-66.1752,-84.8509,-1.0643899999999999e-06,2.5255818980513403,6.304225,0.001442057,0.007603632,0.04708205,0.5193152,0.4076188,0.2136069,
109,0.0003445914,9.597121999999999,12.59395,6.597122,9.037439,1000000.0,2000000000.0,-0.9519220104601942,-2.94532,-66.1892,-84.8663,-1.0628200000000001e-06,2.525619301944368,6.311874,0.001436609,0.007578098,0.04705842,0.5188511,0.4076995,0.2135111,
110,0.0003434058,9.619128,12.57163,6.619128,8.996947,1000000.0,2000000000.0,-1.001611987484175,-2.94482,-66.2102,-84.8874,-1.05932e-06,2.5247877494191746,6.319233,0.00143142,0.007556398,0.04702218,0.5182058,0.4076945,0.2134481,
111,0.0003422326,9.640079,12.54434,6.640079,8.946201,1000000.0,2000000000.0,-1.0629919608319796,-2.9475,-66.2369,-84.9184,-1.05406e-06,2.524774384271981,6.325918,0.001426268,0.007535236,0.04699571,0.517591,0.4077651,0.21337,
112,0.0003411444,9.658862,12.50384,6.658862,8.875536,1000000.0,2000000000.0,-1.138411484340537,-2.95299,-66.2788,-84.9572,-1.04521e-06,2.5231063890818883,6.331516,0.001421446,0.007516388,0.04694903,0.5168418,0.4076874,0.2133325,
113,0.0003399728,9.676003,12.49344,6.676003,8.854662,1000000.0,2000000000.0,-1.1736518659567352,-2.9519,-66.2839,-84.9685,-1.0452300000000002e-06,2.5241264137609765,6.337602,0.001416381,0.007493096,0.04693612,0.5164106,0.4078834,0.2132188,
114,0.0003389545,9.692749,12.45267,6.692749,8.784418,1000000.0,2000000000.0,-1.2488810584474308,-2.95788,-66.3257,-85.0065,-1.03628e-06,2.522193898772778,6.342573,0.001411879,0.007475595,0.04689096,0.5156925,0.4077501,0.2131917,
115,0.0003378379,9.708039,12.44247,6.708039,8.76421,1000000.0,2000000000.0,-1.2836798628312351,-2.95719,-66.3305,-85.0174,-1.0362599999999999e-06,2.5232437972415536,6.348097,0.001407044,0.007453383,0.04687882,0.5152731,0.4079397,0.2130799,
116,0.000336868,9.723192000000001,12.40143,6.723192,8.694185,1000000.0,2000000000.0,-1.3587400235058311,-2.96356,-66.3725,-85.0555,-1.02725e-06,2.5213268024869504,6.352594,0.001402742,0.007436801,0.04683477,0.5145612,0.4078115,0.2130524,
117,0.0003358015,9.73719,12.39139,6.73719,8.674533,1000000.0,2000000000.0,-1.3929492777407262,-2.96312,-66.3771,-85.066,-1.02718e-06,2.522321072118447,6.357721,0.001398125,0.007415581,0.04682329,0.5141542,0.4079918,0.2129438,
118,0.00033488,9.751187,12.35008,6.751187,8.604738,1000000.0,2000000000.0,-1.4674769431823975,-2.96973,-66.4195,-85.1043,-1.0181100000000001e-06,2.520431034657918,6.36187,0.001394028,0.007399923,0.04678034,0.5134561,0.4078611,0.212921,
119,0.0003338612,9.76413,12.34019,6.76413,8.585613,1000000.0,2000000000.0,-1.5009623960657734,-2.96945,-66.424,-85.1145,-1.01799e-06,2.5213698890638714,6.366669,0.001389615,0.007379651,0.04676941,0.5130622,0.408043,0.2128181,
120,0.0003329818,9.777267,12.29859,6.777267,8.515969,1000000.0,2000000000.0,-1.5748864610221602,-2.97624,-66.4667,-85.1532,-1.0088699999999998e-06,2.5194881326080143,6.370561,0.001385698,0.007364793,0.04672745,0.5123711,0.4079124,0.2127956,
121,0.0003320506,9.78914,12.27653,6.78914,8.47804,1000000.0,2000000000.0,-1.6233003070185177,-2.97818,-66.4865,-85.1743,-1.0052300000000001e-06,2.519199153103246,6.374892,0.001381537,0.007347882,0.04669735,0.51175,0.4080186,0.2127204,
122,0.0003311479,9.801014,12.24219,6.801014,8.42004,1000000.0,2000000000.0,-1.6883921056851818,-2.9841,-66.52,-85.2084,-9.9829e-07,2.5187417863178725,6.378534,0.001377516,0.007331516,0.04666793,0.5111481,0.4080783,0.2126515,
123,0.0003302628,9.813431999999999,12.21469,6.813432,8.372411,1000000.0,2000000000.0,-1.7462988319778958,-2.98846,-66.5463,-85.2381,-9.92918e-07,2.5186634660036,6.3827,0.001373598,0.007315722,0.04664755,0.5106101,0.4081261,0.2125851,
124,0.0003293827,9.824535000000001,12.1983,6.824535,8.344864,1000000.0,2000000000.0,-1.782374329742666,-2.98964,-66.5581,-85.2501,-9.91079e-07,2.5183979294534113,6.38655,0.001369833,0.007297928,0.04663042,0.5102528,0.4081312,0.2125174,
125,0.0003285165,9.835268,12.18208,6.835268,8.317564,1000000.0,2000000000.0,-1.8205592309858432,-2.99352,-66.5673,-85.26,-9.89266e-07,2.518314199635767,6.387793,0.00136611,0.007280435,0.0466133,0.5098874,0.4081736,0.2124466,
126,0.0003276995,9.727174,12.15425,6.727174,8.270447,1000000.0,2000000000.0,-1.9094351437945107,-3.03746,-66.5543,-85.2494,-9.84258e-07,2.517933145811016,6.354872,0.001362512,0.007265968,0.04659403,0.5093884,0.408161,0.2123961,
127,0.0003268114,9.766096000000001,12.13671,6.766096,8.24185,1000000.0,2000000000.0,-1.9375361700544502,-3.02967,-66.5754,-85.2669,-9.82139e-07,2.5164131151001206,6.367225,0.00135884,0.007247885,0.04657792,0.5091285,0.4078849,0.2123757,
128,0.0003259479,9.798164,12.11365,6.798164,8.203637,1000000.0,2000000000.0,-1.9785089861287588,-3.02481,-66.603,-85.2939,-9.78231e-07,2.515556576447756,6.377782,0.001355021,0.007232139,0.04655029,0.5085753,0.4078675,0.2123295,
129,0.0003250989,9.824945,12.07836,6.824945,8.145544,1000000.0,2000000000.0,-2.037864228847994,-3.02563,-66.6427,-85.3346,-9.71179e-07,2.5152386189518245,6.38606,0.001351204,0.007216697,0.04652266,0.5079779,0.4079699,0.2122598,
130,0.0003242815,9.848790000000001,12.05004,6.84879,8.097922,1000000.0,2000000000.0,-2.0905025710272582,-3.02596,-66.6742,-85.3696,-9.65667e-07,2.515302386843622,6.393809,0.001347552,0.007202113,0.04650362,0.5074463,0.4080531,0.2121942,
131,0.0003234772,9.868317000000001,12.03363,6.868317,8.070966,1000000.0,2000000000.0,-2.122331824895454,-3.02407,-66.6896,-85.3859,-9.63709e-07,2.5152591312799895,6.40027,0.00134408,0.007185847,0.04648753,0.5070882,0.4081142,0.212125,
132,0.0003227378,9.886091,12.01143,6.886091,8.034796,1000000.0,2000000000.0,-2.162943066104731,-3.0234,-66.713,-85.4089,-9.59864e-07,2.5145641706798942,6.406439,0.001340771,0.007172588,0.04646192,0.5065545,0.4081232,0.2120779,
133,0.0003220102,9.901782,11.97668,6.901782,7.978658,1000000.0,2000000000.0,-2.220530749255559,-3.02738,-66.7495,-85.4458,-9.528729999999999e-07,2.514095500151261,6.411275,0.001337491,0.00715957,0.04643643,0.5060033,0.4081834,0.2120217,
134,0.0003212976,9.916481000000001,11.94884,6.916481,7.9327,1000000.0,2000000000.0,-2.271486275746213,-3.03026,-66.7784,-85.4777,-9.47409e-07,2.5140341450039716,6.416198,0.001334287,0.007147054,0.04641905,0.5055,0.4082462,0.2119603,
135,0.0003205881,9.928969,11.93298,6.928969,7.90714,1000000.0,2000000000.0,-2.3019595014436476,-3.03036,-66.7918,-85.4916,-9.45428e-07,2.513887800591488,6.42045,0.001331225,0.007132735,0.04640418,0.5051678,0.4082762,0.2118974,
136,0.0003199355,9.902104999999999,11.91101,6.902105,7.87209,1000000.0,2000000000.0,-2.3515705481091373,-3.04418,-66.801,-85.5,-9.416869999999999e-07,2.513099377936721,6.412811,0.001328289,0.007121197,0.04638021,0.5046606,0.4082624,0.2118553,
137,0.0003192612,9.923086999999999,11.88274,6.923087,7.826158,1000000.0,2000000000.0,-2.39887795188379,-3.04491,-66.8323,-85.5329,-9.36121e-07,2.5125304548656935,6.419664,0.001325292,0.007109383,0.0463637,0.5042033,0.408222,0.2118142,
138,0.0003186507,9.940227,11.83823,6.940227,7.756792,1000000.0,2000000000.0,-2.462366893077416,-3.04959,-66.8816,-85.5782,-9.267099999999999e-07,2.510803984266312,6.424855,0.001322442,0.007099646,0.04632821,0.5035458,0.408142,0.2117927,
139,0.0003179816,9.745958,11.8096,6.745958,7.710932,1000000.0,2000000000.0,-2.5695453628146865,-3.1242,-66.8418,-85.5428,-9.21864e-07,2.5112279544530662,6.364221,0.001319375,0.007087915,0.04631168,0.503015,0.4083048,0.2117126,
140,0.0003172298,9.808133,11.7913,6.808133,7.682857,1000000.0,2000000000.0,-2.5863161871000386,-3.10849,-66.8714,-85.566,-9.19433e-07,2.5088110420961853,6.383286,0.001316354,0.007072491,0.04629831,0.502839,0.4078203,0.2117223,
141,0.0003164806,9.736334,11.76665,6.736334,7.644381,1000000.0,2000000000.0,-2.650525701986659,-3.13752,-66.8684,-85.5626,-9.156489999999999e-07,2.5080938135680735,6.363019,0.001312984,0.00705878,0.0462743,0.5022973,0.4078292,0.2116675,
142,0.0003156924,9.804773,11.73525,6.804773,7.594605,1000000.0,2000000000.0,-2.688441974082224,-3.12324,-66.9161,-85.6105,-9.09786e-07,2.507136675304223,6.3839,0.001309531,0.007044381,0.04625754,0.5018385,0.4076944,0.2116309,
143,0.0003149799,9.858661,11.68745,6.858661,7.521222,1000000.0,2000000000.0,-2.7455747932425467,-3.11634,-66.9793,-85.6709,-9.00144e-07,2.505804465218808,6.400087,0.001306181,0.007032384,0.04622176,0.5011142,0.407711,0.2115852,
144,0.0003142415,9.781283,11.65684,6.781283,7.472872,1000000.0,2000000000.0,-2.820777730502442,-3.14969,-66.9817,-85.6788,-8.948639999999999e-07,2.50660376770023,6.377824,0.001302759,0.00701907,0.04620485,0.5005275,0.4079704,0.2114822,
145,0.0003134911,9.845024,11.63836,6.845024,7.44444,1000000.0,2000000000.0,-2.8385430652082135,-3.1333,-67.0126,-85.7077,-8.92477e-07,2.5056026123499175,6.397276,0.001299597,0.007003712,0.04619094,0.500236,0.4078002,0.2114384,
146,0.0003127865,9.896488,11.60778,6.896488,7.396459,1000000.0,2000000000.0,-2.877855840496828,-3.12393,-67.0556,-85.7538,-8.868389999999999e-07,2.505665665120447,6.41324,0.001296387,0.006991027,0.04617487,0.4997158,0.4078986,0.2113661,
147,0.0003121028,9.937421,11.59055,6.937421,7.369693,1000000.0,2000000000.0,-2.900363351454878,-3.11452,-67.0798,-85.7798,-8.846310000000001e-07,2.5059679690134335,6.426042,0.001293369,0.006977163,0.04616073,0.4993392,0.4080303,0.2112816,
148,0.0003115022,9.679836,11.56642,6.679836,7.333375,1000000.0,2000000000.0,-3.008744478800182,-3.20713,-67.0179,-85.7185,-8.812709999999999e-07,2.505627295648671,6.349073,0.001290576,0.006966451,0.04613905,0.4987995,0.4081228,0.2112142,
149,0.0003107975,9.776403,11.53339,6.776403,7.283302,1000000.0,2000000000.0,-3.03386214235141,-3.18369,-67.0746,-85.7688,-8.75156e-07,2.5025105834237715,6.377661,0.001287674,0.006953506,0.04612486,0.4985181,0.4074983,0.2112531,
150,0.0003097289,9.727216,11.59668,6.727216,7.376449,1000000.0,2000000000.0,-2.991767210622463,-3.18925,-66.971,-85.6807,-8.936339999999999e-07,2.5082516380470286,6.364303,0.00128385,0.006922463,0.04617498,0.4992905,0.4080241,0.2110216,
151,0.000309068,9.696767999999999,11.57724,6.696768,7.347962,1000000.0,2000000000.0,-3.0293865438591894,-3.2038,-66.9735,-85.6753,-8.911689999999999e-07,2.5053378283278396,6.356462,0.001281246,0.006908922,0.04616226,0.4991796,0.4074562,0.2110736,
152,0.0003083478,9.795494999999999,11.5445,6.795495,7.297627,1000000.0,2000000000.0,-3.0569123204315503,-3.17956,-67.0313,-85.7321,-8.85058e-07,2.5039373872801702,6.385486,0.001278099,0.006895817,0.04614627,0.4987754,0.4072602,0.2110726,
153,0.0003076194,9.751186,11.52536,6.751186,7.268425,1000000.0,2000000000.0,-3.1037840779668926,-3.19839,-67.0306,-85.7338,-8.828369999999999e-07,2.5044491112078333,6.373515,0.001274855,0.006881047,0.04613099,0.4983778,0.4074743,0.2109963,
154,0.0003065866,9.839084,11.60995,6.839084,7.393332,1000000.0,2000000000.0,-3.0018636871314115,-3.1536,-66.9454,-85.6632,-9.060359999999999e-07,2.5099124382231772,6.400336,0.001271348,0.006850042,0.04619074,0.4993777,0.4078509,0.2108054,
155,0.0003060985,9.793591,11.5684,6.793591,7.331076,1000000.0,2000000000.0,-3.0697157660175023,-3.17749,-66.972,-85.6833,-8.97544e-07,2.5068981577391223,6.387782,0.001269149,0.006842846,0.04616426,0.4989233,0.4074644,0.2108786,
156,0.0003055311,9.879559,11.52597,6.879559,7.267004,1000000.0,2000000000.0,-3.1077141348190196,-3.15867,-67.0396,-85.7474,-8.887819999999999e-07,2.5049053923321054,6.413131,0.001266503,0.006833993,0.04613665,0.4983625,0.4073019,0.2109048,
157,0.0003044178,9.823093,11.4726,6.823093,7.189661,1000000.0,2000000000.0,-3.1822562487837303,-3.18379,-67.0741,-85.7817,-8.804639999999998e-07,2.5072696652417314,6.404716,0.001263846,0.00681343,0.0461053,0.4976589,0.4073921,0.2109064,
158,0.0003124058,9.860832,11.51117,6.860832,7.296954,1000000.0,2000000000.0,-2.8745476010673343,-3.14983,-67.0867,-85.5187,-8.71019e-07,2.4214211635679073,6.406393,0.001303645,0.006981307,0.04618889,0.507958,0.3916167,0.2165214,
159,0.0003080202,9.739899999999999,11.46466,6.7399,7.187111,1000000.0,2000000000.0,-3.139814186783248,-3.20358,-67.1021,-85.7894,-8.694089999999999e-07,2.5006931339593774,6.374457,0.001279502,0.006895384,0.0460953,0.5004147,0.4085646,0.2133456,
160,0.0003158888,9.783925,11.532,6.783925,7.33742,1000000.0,2000000000.0,-2.803349444162052,-3.16097,-67.0814,-85.4969,-8.672459999999999e-07,2.416813196145594,6.378806,0.001319,0.007058244,0.04619892,0.5107969,0.3927991,0.2187215,
161,0.0003117599,9.671517,11.5106,6.671517,7.259753,1000000.0,2000000000.0,-3.056823640533324,-3.213,-67.0719,-85.751,-8.6942e-07,2.4955887406788095,6.342315,0.001293277,0.00697642,0.04610889,0.5029255,0.4099747,0.2151419,
162,0.0003104299,9.764737,11.59037,6.764737,7.375839,1000000.0,2000000000.0,-2.966532682188266,-3.16931,-66.9909,-85.689,-8.91738e-07,2.5026422438842295,6.370601,0.001288335,0.006938512,0.04616418,0.5032443,0.4102422,0.2144214,
163,0.0003096734,9.725078,11.55778,6.725078,7.324771,1000000.0,2000000000.0,-3.030665486643187,-3.19156,-67.0067,-85.7042,-8.85838e-07,2.501402024644531,6.360405,0.001284977,0.006924597,0.04614871,0.5024036,0.409661,0.214041,
164,0.0003088477,9.815664,11.53783,6.815664,7.293313,1000000.0,2000000000.0,-3.0460101702474063,-3.16774,-67.0468,-85.7438,-8.83087e-07,2.500885645693233,6.387547,0.001281387,0.006907636,0.04613404,0.501697,0.4092685,0.2136692,
165,0.0003080885,9.767237,11.50548,6.767237,7.242472,1000000.0,2000000000.0,-3.114004149985604,-3.19233,-67.0607,-85.7628,-8.773689999999999e-07,2.5015776668465195,6.37464,0.001277828,0.006893755,0.04611736,0.5007917,0.4092175,0.2132971,
166,0.0003069496,9.84989,11.60688,6.84989,7.392395,1000000.0,2000000000.0,-2.994540174524971,-3.14615,-66.9535,-85.6711,-9.048469999999999e-07,2.5079795891628414,6.400302,0.00127396,0.006858543,0.04618268,0.5016482,0.409445,0.2128072,
167,0.0003063783,9.801896,11.5759,6.801896,7.344607,1000000.0,2000000000.0,-3.0544689438070733,-3.17,-66.9664,-85.6811,-8.988810000000001e-07,2.505981633734686,6.387303,0.001271476,0.006848602,0.04616815,0.5010864,0.4088908,0.2126313,
168,0.0003057871,9.886393,11.53343,6.886393,7.279897,1000000.0,2000000000.0,-3.093721831774907,-3.15238,-67.0336,-85.7442,-8.900069999999999e-07,2.503778146698706,6.412487,0.001268732,0.006839212,0.04614077,0.5003204,0.4084603,0.2124724,
169,0.000304648,9.828247000000001,11.48009,6.828247,7.201925,1000000.0,2000000000.0,-3.1703514995528934,-3.17871,-67.0675,-85.7785,-8.81606e-07,2.5062590582895417,6.403618,0.001265889,0.006818101,0.04610929,0.4994042,0.4083964,0.2122965,
170,0.0003111703,9.927406999999999,11.475,6.927407,7.274329,1000000.0,2000000000.0,-2.8701493154054134,-3.11122,-67.1035,-85.4639,-8.73019e-07,2.399465924672403,6.424498,0.001302381,0.006953565,0.0461873,0.518482,0.3952715,0.2251319,
171,0.0003060457,9.779717,11.43553,6.779717,7.161532,1000000.0,2000000000.0,-3.1719047410986008,-3.17727,-67.1052,-85.7805,-8.73301e-07,2.4950563491601745,6.383655,0.001273391,0.006852786,0.04607204,0.5082056,0.4145677,0.2202458,
172,0.0003139355,9.824991,11.48279,6.824991,7.28144,1000000.0,2000000000.0,-2.8554732347381773,-3.14147,-67.1085,-85.4994,-8.658919999999999e-07,2.40786210055507,6.389059,0.001312985,0.007017308,0.04616959,0.5178938,0.3975397,0.2250963,
173,0.0003090899,9.70863,11.43512,6.70863,7.162873,1000000.0,2000000000.0,-3.138198857234741,-3.19871,-67.1257,-85.792,-8.64044e-07,2.4919641443257614,6.359113,0.001286355,0.006921781,0.04607222,0.5086434,0.4142,0.2206258,
174,0.0003169077,9.758704,11.50095,6.758704,7.311066,1000000.0,2000000000.0,-2.8031895855493474,-3.15599,-67.1078,-85.4925,-8.614829999999999e-07,2.40621716510848,6.366318,0.001325747,0.00708331,0.04617765,0.5184205,0.3973911,0.2254141,
175,0.000311899,9.646999000000001,11.45916,6.646999,7.200621,1000000.0,2000000000.0,-3.079558664362665,-3.21032,-67.1195,-85.7809,-8.612659999999999e-07,2.4908200575172197,6.338157,0.001298236,0.006984233,0.04607237,0.5090094,0.414201,0.2208813,
176,0.0003196646,9.702942,11.50252,6.702942,7.314997,1000000.0,2000000000.0,-2.7715849166710527,-3.1706,-67.1278,-85.5084,-8.5388e-07,2.405131046404005,6.346888,0.001337267,0.007146062,0.04616761,0.518482,0.3974736,0.2256205,
177,0.0003145237,9.595341000000001,11.45976,6.595341,7.202914,1000000.0,2000000000.0,-3.048988422531771,-3.22431,-67.1407,-85.7977,-8.536789999999999e-07,2.48956647366321,6.320277,0.001309204,0.007044155,0.04606253,0.5090469,0.4142166,0.2210686,
178,0.0003137398,9.697479000000001,11.42578,6.697479,7.149882,1000000.0,2000000000.0,-3.0736482277642807,-3.20248,-67.1995,-85.8473,-8.472649999999999e-07,2.4858668879138968,6.350847,0.001306029,0.007028598,0.04605002,0.5078003,0.4124301,0.2201898,
179,0.0003128857,9.6536,11.40502,6.6536,7.115612,1000000.0,2000000000.0,-3.127506297834742,-3.22394,-67.2019,-85.8547,-8.44308e-07,2.4868557506017877,6.340245,0.001302112,0.007011833,0.04603432,0.5063104,0.4118195,0.2192567,
180,0.0003120656,9.743212,11.37169,6.743212,7.063157,1000000.0,2000000000.0,-3.159044106041037,-3.2049,-67.2579,-85.9127,-8.383549999999999e-07,2.4869309541838307,6.367193,0.001298445,0.006995722,0.04601937,0.5050187,0.4111168,0.2184625,
181,0.0003113109,9.692228,11.35217,6.692228,7.031523,1000000.0,2000000000.0,-3.2107045589254,-3.22763,-67.2578,-85.9182,-8.3561e-07,2.4882056474435954,6.354317,0.001294958,0.006981056,0.04600446,0.5037624,0.4107766,0.2177233,
182,0.0003105977,9.77664,11.32,6.77664,6.981813,1000000.0,2000000000.0,-3.2386235064371647,-3.20923,-67.3117,-85.9733,-8.29872e-07,2.4880720724570566,6.379656,0.001291797,0.006967171,0.04599067,0.5027185,0.4102053,0.2171176,
183,0.0003099393,9.721264,11.30162,6.721264,6.95267,1000000.0,2000000000.0,-3.287114319160125,-3.23256,-67.3097,-85.9761,-8.27289e-07,2.4891242223442984,6.365327,0.001288765,0.006954505,0.04597687,0.5016828,0.4099763,0.2165446,
184,0.0003093138,9.802413,11.27042,6.802413,6.905215,1000000.0,2000000000.0,-3.31179032999907,-3.21441,-67.3622,-86.0288,-8.21724e-07,2.4887288446605593,6.389606,0.001286027,0.006942442,0.04596407,0.5008369,0.4094907,0.2160872,
185,0.0003087359,9.744161,11.25305,6.744161,6.878178,1000000.0,2000000000.0,-3.3574228341872328,-3.23803,-67.3588,-86.0294,-8.19275e-07,2.4895442078180956,6.374293,0.001283377,0.006931446,0.04595124,0.4999778,0.4093394,0.2156453,
186,0.0003081816,9.822644,11.22285,6.822644,6.83282,1000000.0,2000000000.0,-3.3793813290065344,-3.22005,-67.4099,-86.0804,-8.13898e-07,2.4890658131529295,6.397694,0.001280963,0.00692086,0.04593933,0.4992804,0.4089405,0.2152985,
187,0.0003154418,8.019062,11.56629,5.019062,7.334642,1000000.0,2000000000.0,-3.468395880011613,-3.66642,-66.742,-85.9152,-8.837189999999999e-07,2.6977591180388503,5.930489,0.001294168,0.007072194,0.04598091,0.4943689,0.4605499,0.2139973,
188,0.0003203666,8.451027,11.59943,5.451027,7.390899,1000000.0,2000000000.0,-3.176729888624017,-3.5692,-66.777,-85.6226,-8.69435e-07,2.5528519643374645,6.004116,0.001325695,0.007171198,0.04607683,0.5047581,0.428167,0.2183158,
189,0.0003203451,8.823468,11.6649,5.823468,7.502626,1000000.0,2000000000.0,-2.9414655623153863,-3.44452,-66.7602,-85.4627,-8.84096e-07,2.5024690716352302,6.096663,0.001332079,0.007157614,0.04618039,0.509178,0.4148385,0.2191671,
190,0.0003191013,9.087982,11.62128,6.087982,7.436621,1000000.0,2000000000.0,-2.9388620136475083,-3.37161,-66.8624,-85.5274,-8.758879999999999e-07,2.488767309489745,6.168587,0.001327823,0.007132501,0.04616926,0.5085908,0.4108997,0.2186798,
191,0.0003174707,9.28922,11.5923,6.28922,7.388435,1000000.0,2000000000.0,-2.958887128688332,-3.317,-66.9337,-85.6026,-8.724349999999999e-07,2.489383768436961,6.223717,0.001320603,0.007098397,0.046149,0.5070927,0.4102703,0.2177589,
192,0.0003160111,9.451081,11.55808,6.451081,7.332348,1000000.0,2000000000.0,-2.9909576528629245,-3.27151,-67.0077,-85.6847,-8.67362e-07,2.4911991331378194,6.272305,0.0013138,0.007069502,0.04611994,0.5054128,0.4101131,0.2168946,
193,0.0003141377,9.579521,11.5087,6.579521,7.25638,1000000.0,2000000000.0,-3.035161861205033,-3.23894,-67.0859,-85.7723,-8.610290000000001e-07,2.4962568434663366,6.317057,0.001307804,0.007031808,0.04609549,0.503881,0.4099843,0.2161551,
194,0.0003217047,9.642136,11.54908,6.642136,7.365435,1000000.0,2000000000.0,-2.736468608206863,-3.19623,-67.0976,-85.5166,-8.537879999999999e-07,2.4140133603022207,6.32703,0.00134591,0.007189677,0.04618588,0.5134552,0.3944378,0.2211444,
195,0.0003167647,9.542103000000001,11.50643,6.542103,7.257506,1000000.0,2000000000.0,-3.000372132874709,-3.24546,-67.1123,-85.7921,-8.536239999999999e-07,2.494348361673367,6.302653,0.00131897,0.007091922,0.0460833,0.505098,0.4109766,0.2173757,
196,0.0003244639,9.604873000000001,11.54686,6.604873,7.367838,1000000.0,2000000000.0,-2.698245396882122,-3.20217,-67.124,-85.5295,-8.4635e-07,2.4103503824056243,6.312938,0.001357831,0.007252421,0.0461756,0.514756,0.3949655,0.2223624,
197,0.0003193044,9.504147,11.5036,6.504147,7.25707,1000000.0,2000000000.0,-2.9687124734363124,-3.25304,-67.1383,-85.8118,-8.46287e-07,2.4925245095479758,6.288514,0.001329752,0.007150108,0.04607151,0.5060521,0.4117308,0.2183683,
198,0.0003271436,9.567224,11.54422,6.567224,7.368949,1000000.0,2000000000.0,-2.6629695708303274,-3.20897,-67.1498,-85.5424,-8.39014e-07,2.4067930616837123,6.299117,0.001369387,0.007313405,0.04616572,0.515815,0.3952964,0.2233719,
199,0.0003217583,9.466777,11.49445,6.466777,7.245743,1000000.0,2000000000.0,-2.9484185607203415,-3.26366,-67.1703,-85.8409,-8.37641e-07,2.491304682062599,6.274596,0.001340145,0.007206594,0.04606615,0.506827,0.4123541,0.2191766,
200,0.0003207808,9.452736,11.47856,6.452736,7.220498,1000000.0,2000000000.0,-2.983595760422162,-3.2753,-67.1706,-85.8333,-8.363289999999999e-07,2.4882500407407777,6.272421,0.001336273,0.007185469,0.04606116,0.5060066,0.4108637,0.2185099,
201,0.0003197308,9.563476,11.45452,6.563476,7.182011,1000000.0,2000000000.0,-3.0031686387345644,-3.24592,-67.2196,-85.8818,-8.32981e-07,2.4874735507147854,6.305861,0.001331721,0.007164425,0.04604492,0.5048624,0.4100858,0.2178461,
202,0.0003187246,9.529361999999999,11.4192,6.529362,7.126689,1000000.0,2000000000.0,-3.071804169113264,-3.26782,-67.2386,-85.9067,-8.27527e-07,2.4888000143091196,6.297542,0.00132716,0.007144424,0.04602802,0.5036633,0.4098577,0.2171908,
203,0.0003177852,9.627423,11.39664,6.627423,7.091015,1000000.0,2000000000.0,-3.088369819972172,-3.2386,-67.2862,-85.9555,-8.244199999999999e-07,2.4886282793425725,6.329879,0.001323044,0.007125728,0.04601253,0.5026744,0.4093737,0.2166614,
204,0.0003169094,9.70514,11.36319,6.70514,7.039102,1000000.0,2000000000.0,-3.1236106935249808,-3.2221,-67.3383,-86.0127,-8.1896e-07,2.4897618244266453,6.353418,0.001319082,0.00710845,0.04599702,0.5016766,0.4092432,0.2161524,
205,0.0003161379,9.767476,11.34384,6.767476,7.008415,1000000.0,2000000000.0,-3.1454321058860444,-3.20619,-67.372,-86.0511,-8.163029999999999e-07,2.4907891024875806,6.373249,0.001315581,0.007093356,0.04598266,0.5007746,0.4091495,0.2157042,
206,0.0003154537,9.817878,11.31318,6.817878,6.961466,1000000.0,2000000000.0,-3.179593507851834,-3.19752,-67.4148,-86.098,-8.11161e-07,2.4916437214742575,6.388908,0.001312482,0.007080093,0.04596923,0.4999623,0.4090607,0.2153127,
207,0.0003148497,9.858687,11.29623,6.858687,6.935032,1000000.0,2000000000.0,-3.1999661001925404,-3.18782,-67.4409,-86.1273,-8.08741e-07,2.492223202973143,6.402399,0.001309755,0.0070685,0.04595681,0.4992454,0.40896,0.2149799,
208,0.0003143328,9.875416000000001,11.25592,6.891387,6.875416,1000000.0,2000000000.0,-3.2426543437744755,-3.18578,-67.4912,-86.1776,-8.01388e-07,2.491965995433441,6.41289,0.001307341,0.007059649,0.04593433,0.498429,0.4088287,0.2147041,
209,0.0003313357,7.684405,11.79128,4.684405,7.676058,1000000.0,2000000000.0,-3.0659544283307127,-3.73677,-66.5903,-85.7458,-8.891059999999999e-07,2.6855546740920233,5.818705,0.001360583,0.007412438,0.04608615,0.4981859,0.457888,0.214934,
210,0.000334792,8.135242,11.78646,5.135242,7.679471,1000000.0,2000000000.0,-2.799475949133381,-3.62869,-66.6608,-85.5015,-8.720689999999999e-07,2.5515886807057595,5.90475,0.001388544,0.007480446,0.04617382,0.5075678,0.4270515,0.2188379,
211,0.0003346516,8.531310999999999,11.75587,5.531311,7.646931,1000000.0,2000000000.0,-2.67434684648574,-3.51248,-66.7625,-85.4471,-8.64103e-07,2.496523427903566,6.001563,0.00139356,0.007474259,0.0461997,0.5104948,0.413695,0.2197891,
212,0.0003328109,8.813483999999999,11.70786,5.813484,7.571828,1000000.0,2000000000.0,-2.689843015101033,-3.4342,-66.8694,-85.5261,-8.562390000000001e-07,2.485935903244305,6.077283,0.001386468,0.007436612,0.04618324,0.5095526,0.4104522,0.2191531,
213,0.0003307445,9.033401,11.66764,6.033401,7.505243,1000000.0,2000000000.0,-2.729253797199803,-3.37517,-66.9551,-85.6168,-8.50947e-07,2.48646736996372,6.137285,0.001377179,0.007394711,0.04615174,0.5077541,0.40989,0.218203,
214,0.0003288311,9.091183000000001,11.62347,6.091183,7.43243,1000000.0,2000000000.0,-2.8102884987931276,-3.37062,-67.0026,-85.6765,-8.449099999999999e-07,2.4890337091176766,6.155299,0.001368397,0.007356319,0.04612695,0.5060094,0.4098137,0.2172952,
215,0.0003265235,9.139629,11.55741,6.139629,7.332054,1000000.0,2000000000.0,-2.8963116314996142,-3.36792,-67.0706,-85.7464,-8.362590000000001e-07,2.491726739868253,6.177991,0.001360704,0.00731022,0.04608943,0.5043551,0.4092812,0.216605,
216,0.0003339465,9.139668,11.57767,6.139668,7.414234,1000000.0,2000000000.0,-2.6407492416254215,-3.34657,-67.08,-85.4788,-8.266120000000001e-07,2.4074675332771083,6.170901,0.001398491,0.007465681,0.04616613,0.5137732,0.3934495,0.2216293,
217,0.0003281769,9.112769,11.52309,6.112769,7.284598,1000000.0,2000000000.0,-2.9112399498255925,-3.37945,-67.1228,-85.7903,-8.248239999999998e-07,2.48877801780201,6.168076,0.001367789,0.007350605,0.04606594,0.5052781,0.4100786,0.2178026,
218,0.0003268438,9.155263,11.49377,6.155263,7.239382,1000000.0,2000000000.0,-2.9539498380076026,-3.37394,-67.1518,-85.8114,-8.21362e-07,2.485552159263929,6.18229,0.001362308,0.007323346,0.04604925,0.5043829,0.4088488,0.217311,
219,0.0003254452,9.189242,11.45262,6.189242,7.175552,1000000.0,2000000000.0,-3.0168558929448253,-3.37481,-67.1921,-85.8538,-8.155979999999999e-07,2.485583310726326,6.193457,0.001356219,0.007294886,0.0460303,0.5033014,0.4084213,0.2167692,
220,0.000324108,9.218959,11.42432,6.218959,7.131311,1000000.0,2000000000.0,-3.065436098911995,-3.3726,-67.218,-85.8822,-8.12495e-07,2.485732073542222,6.204054,0.001350388,0.007267712,0.04601187,0.5022948,0.4080941,0.2162874,
221,0.0003228299,9.245298,11.38442,6.245298,7.070212,1000000.0,2000000000.0,-3.1255174980429103,-3.37504,-67.2558,-85.9227,-8.069179999999999e-07,2.4859873015706677,6.212984,0.001344809,0.007241774,0.04599397,0.5013592,0.4078445,0.2158605,
222,0.0003216168,9.268828,11.35755,6.268828,7.028825,1000000.0,2000000000.0,-3.170752294995687,-3.374,-67.2795,-85.9486,-8.03974e-07,2.486115730432778,6.221747,0.001339529,0.007217181,0.04597687,0.5005012,0.4076142,0.2154852,
223,0.0003204579,9.290377,11.31893,6.290377,6.970501,1000000.0,2000000000.0,-3.2269462860971103,-3.37722,-67.3154,-85.9865,-7.985569999999999e-07,2.4861686705929116,6.229226,0.001334501,0.007193711,0.04596036,0.4997128,0.4074105,0.2151587,
224,0.0003193543,9.309567000000001,11.29334,6.309567,6.931658,1000000.0,2000000000.0,-3.2688694060263686,-3.37689,-67.3373,-86.0102,-7.95747e-07,2.4861551540593214,6.23667,0.001329716,0.007171387,0.04594451,0.4989833,0.4072312,0.2148714,
225,0.0003182946,9.327597,11.25584,6.327597,6.875695,1000000.0,2000000000.0,-3.3216812830154794,-3.38059,-67.3718,-86.0461,-7.90474e-07,2.4860747141019957,6.243067,0.001325131,0.007149972,0.04592915,0.4983079,0.4070711,0.2146214,
226,0.0003172829,9.343928,11.23145,6.343928,6.83913,1000000.0,2000000000.0,-3.360553395731081,-3.38061,-67.3924,-86.068,-7.877939999999999e-07,2.485974950909602,6.249612,0.001320762,0.007129545,0.04591444,0.4976814,0.4069263,0.2144019,
227,0.0003163099,9.359249,11.19511,6.359249,6.785439,1000000.0,2000000000.0,-3.410285302401199,-3.38461,-67.4256,-86.1024,-7.82674e-07,2.485833949876651,6.255154,0.001316563,0.007109924,0.04590014,0.4970941,0.4068087,0.2142097,
228,0.000315381,9.373318000000001,11.17184,6.373318,6.750938,1000000.0,2000000000.0,-3.4463731490428415,-3.38485,-67.445,-86.1228,-7.80109e-07,2.4856232992888327,6.260973,0.001312566,0.007091211,0.04588644,0.4965536,0.4066937,0.2140462,
229,0.0003144815,9.386752000000001,11.13653,6.386752,6.69925,1000000.0,2000000000.0,-3.4933189248344974,-3.38897,-67.4772,-86.156,-7.7513e-07,2.485459050172494,6.265897,0.001308699,0.007073103,0.0458731,0.4960419,0.4066049,0.2139022,
230,0.0003136246,9.399299,11.11436,6.399299,6.666694,1000000.0,2000000000.0,-3.5267891653159182,-3.38927,-67.4956,-86.175,-7.726829999999999e-07,2.4851315891317807,6.271208,0.001305026,0.007055873,0.04586036,0.4955707,0.4065056,0.2137805,
231,0.0003127948,9.411284,11.08014,6.411284,6.616994,1000000.0,2000000000.0,-3.5709972745037533,-3.3934,-67.5268,-86.207,-7.67847e-07,2.484905643261033,6.275646,0.001301464,0.007039202,0.04584794,0.495119,0.4064383,0.2136721,
232,0.0003120052,9.544096,11.05285,6.544096,6.577746,1000000.0,2000000000.0,-3.5759150134221613,-3.35155,-67.5883,-86.2668,-7.642199999999999e-07,2.484268311735847,6.315632,0.001298077,0.007023212,0.04583061,0.4946682,0.4063535,0.2135851,
233,0.0003153766,8.657478000000001,11.20058,5.657478,6.784384,1000000.0,2000000000.0,-3.677915440006309,-3.57397,-67.2786,-86.2492,-7.918180000000001e-07,2.593842313050281,6.071351,0.001302991,0.007098452,0.04581653,0.4950846,0.4378856,0.216266,
234,0.000317638,9.019021,11.19812,6.019021,6.796371,1000000.0,2000000000.0,-3.483029912092519,-3.47806,-67.3498,-86.0883,-7.83311e-07,2.506444035255432,6.156857,0.001321048,0.007142864,0.04586869,0.5011732,0.4172788,0.2186775,
235,0.0003173812,9.1235,11.16219,6.1235,6.750572,1000000.0,2000000000.0,-3.465264944214738,-3.45386,-67.4028,-86.0662,-7.76368e-07,2.4808571633445387,6.188524,0.00132237,0.007136808,0.04587434,0.5020511,0.4107484,0.2188324,
236,0.0003162969,9.310706,11.13589,6.310706,6.711187,1000000.0,2000000000.0,-3.4642821758261206,-3.39984,-67.4704,-86.124,-7.729609999999999e-07,2.4770394957615376,6.240509,0.001317996,0.007114415,0.0458627,0.5011587,0.4092394,0.2182602,
237,0.0003151745,9.457075,11.09912,6.457075,6.655254,1000000.0,2000000000.0,-3.486948087345297,-3.35865,-67.5437,-86.204,-7.67681e-07,2.4785975767936153,6.284264,0.001312933,0.00709153,0.04584821,0.4999446,0.4090308,0.2175804,
238,0.0003142013,9.574293,11.0776,6.574293,6.621537,1000000.0,2000000000.0,-3.5009958253074913,-3.32511,-67.5926,-86.2606,-7.65157e-07,2.480511527851191,6.318832,0.001308485,0.007071829,0.04583494,0.4988285,0.4089815,0.2169694,
239,0.000315862,9.053853,11.09979,6.053853,6.64604,1000000.0,2000000000.0,-3.639116506389314,-3.47354,-67.4771,-86.3204,-7.679e-07,2.542500075280831,6.170488,0.001309661,0.007113831,0.04579531,0.4978427,0.4268197,0.2181584,
240,0.0003169001,9.300141,11.0884,6.300141,6.641563,1000000.0,2000000000.0,-3.519975818313128,-3.40553,-67.5386,-86.2305,-7.62165e-07,2.4889751983273753,6.235706,0.001319259,0.007133757,0.04582441,0.501103,0.4138272,0.2192956,
241,0.0003162808,9.456505,11.05465,6.456505,6.594385,1000000.0,2000000000.0,-3.5117173317129513,-3.3617,-67.6098,-86.2696,-7.56461e-07,2.4778514495407813,6.28255,0.001317593,0.007120715,0.0458213,0.5008083,0.4105642,0.2189205,
242,0.0003153523,9.56204,11.03378,6.571806,6.56204,1000000.0,2000000000.0,-3.5222297330302723,-3.32918,-67.657,-86.319,-7.53946e-07,2.4779368804977318,6.316849,0.001313505,0.007101741,0.04581049,0.4996895,0.4099242,0.2182257,
243,0.000328887,7.551828,11.56074,4.551828,7.3281,1000000.0,2000000000.0,-3.381926011889533,-3.81208,-66.8213,-86.0171,-8.432619999999999e-07,2.7017383499211722,5.801588,0.001351705,0.007382093,0.04592219,0.4955695,0.4637754,0.2162294,
244,0.0003331184,8.157658999999999,11.57355,5.157659,7.353624,1000000.0,2000000000.0,-3.075773406454431,-3.66159,-66.9098,-85.7706,-8.26852e-07,2.5552984895687385,5.91596,0.00138397,0.007465851,0.04601929,0.5059818,0.4301526,0.2204909,
245,0.0003336377,8.553346999999999,11.54619,5.553347,7.328045,1000000.0,2000000000.0,-2.929097135343639,-3.5457,-67.0109,-85.6914,-8.181319999999999e-07,2.4911886853418563,6.012699,0.001392578,0.007474084,0.04605035,0.5095244,0.4147184,0.2217008,
246,0.0003321249,8.826621,11.49839,5.826621,7.257061,1000000.0,2000000000.0,-2.9293917411744417,-3.46928,-67.1159,-85.7576,-8.10421e-07,2.4777111477141305,6.086249,0.0013873,0.007442236,0.04603897,0.50885,0.4107189,0.2211009,
247,0.000330262,9.036895000000001,11.46452,6.036895,7.201798,1000000.0,2000000000.0,-2.955465935325691,-3.411,-67.1932,-85.8393,-8.06492e-07,2.4782684529605223,6.144076,0.001379088,0.007403844,0.04601724,0.5071653,0.4099819,0.2201103,
248,0.0003285588,9.084741000000001,11.4211,6.084741,7.132728,1000000.0,2000000000.0,-3.026697949710531,-3.40901,-67.2382,-85.8943,-8.007619999999999e-07,2.480645648279621,6.15922,0.001371391,0.007368931,0.04599604,0.5055158,0.4097649,0.2191793,
249,0.0003270055,9.127597,11.38514,6.127597,7.075369,1000000.0,2000000000.0,-3.0872977652174427,-3.4064,-67.2745,-85.9383,-7.96272e-07,2.4820113223036566,6.173356,0.001364507,0.007337253,0.04598268,0.5041548,0.4093565,0.2183995,
250,0.0003255364,9.164390000000001,11.36472,6.16439,7.042295,1000000.0,2000000000.0,-3.127866695749148,-3.40175,-67.291,-85.9599,-7.951839999999999e-07,2.483069485724619,6.185465,0.001358139,0.00730573,0.04597323,0.503103,0.4089501,0.2177128,
251,0.0003241788,9.197336,11.33632,6.197336,6.998084,1000000.0,2000000000.0,-3.1752002277740985,-3.39868,-67.3177,-85.9894,-7.92149e-07,2.4833263377177803,6.197026,0.00135219,0.007277967,0.04595598,0.5019938,0.4085295,0.2171326,
252,0.0003228812,9.226247,11.29645,6.226247,6.937388,1000000.0,2000000000.0,-3.2337444565428797,-3.40037,-67.356,-86.031,-7.86742e-07,2.4837784654573403,6.206735,0.001346496,0.007251471,0.04593921,0.5009599,0.4082162,0.2166135,
253,0.0003216578,9.251856,11.2696,6.251856,6.896256,1000000.0,2000000000.0,-3.2777277173020423,-3.39874,-67.38,-86.0576,-7.83882e-07,2.483970604863416,6.216137,0.001341146,0.00722652,0.04592322,0.5000284,0.4079212,0.2161648,
254,0.0003204891,9.274905,11.23108,6.274905,6.838485,1000000.0,2000000000.0,-3.332366037859522,-3.40147,-67.4161,-86.0961,-7.7864e-07,2.4841774892929642,6.224097,0.001336042,0.007202713,0.04590774,0.4991677,0.4076753,0.2157686,
255,0.000319379,9.295556999999999,11.20567,6.295557,6.800109,1000000.0,2000000000.0,-3.3730549290128806,-3.40069,-67.4382,-86.1203,-7.7594e-07,2.484312349991164,6.232,0.001331206,0.007180119,0.04589298,0.4983808,0.4074541,0.215422,
256,0.0003183166,9.314336,11.16854,6.314336,6.745073,1000000.0,2000000000.0,-3.4242194010625013,-3.40406,-67.4724,-86.1566,-7.70879e-07,2.4844311059905726,6.238652,0.001326582,0.007158525,0.04587869,0.4976507,0.4072732,0.2151163,
257,0.0003173133,9.330895,11.1381,6.330895,6.700674,1000000.0,2000000000.0,-3.4660869312856946,-3.40536,-67.4994,-86.1829,-7.671919999999999e-07,2.484045946166857,6.244893,0.001322225,0.007137997,0.04585966,0.4969565,0.4070805,0.214857,
258,0.0003163317,9.346509000000001,11.11452,6.346509,6.665608,1000000.0,2000000000.0,-3.503045115968547,-3.40531,-67.5193,-86.205,-7.64702e-07,2.4842599649911814,6.251227,0.001317954,0.007118088,0.04584626,0.4963155,0.4069872,0.214616,
259,0.0003154011,9.361251,11.07912,6.361251,6.613949,1000000.0,2000000000.0,-3.5496164903413074,-3.40911,-67.5515,-86.2388,-7.59859e-07,2.4842175240990483,6.256592,0.001313927,0.007099232,0.04583351,0.4957378,0.4068674,0.214413,
260,0.0003145139,9.374963000000001,11.05679,6.374963,6.581214,1000000.0,2000000000.0,-3.583098028595195,-3.40916,-67.5702,-86.2584,-7.574799999999999e-07,2.48403732405676,6.262301,0.001310105,0.007081274,0.04582131,0.4952097,0.4067382,0.2142398,
261,0.0003136589,9.387917,11.02254,6.387917,6.531662,1000000.0,2000000000.0,-3.626797202368863,-3.41305,-67.6014,-86.2907,-7.527819999999999e-07,2.483918296225079,6.267074,0.001306422,0.007063983,0.0458095,0.4947127,0.4066369,0.2140875,
262,0.0003128391,9.501092,11.00172,6.52233,6.501092,1000000.0,2000000000.0,-3.627359162518225,-3.36917,-67.6561,-86.3463,-7.50397e-07,2.483706433407634,6.307919,0.001302898,0.007047418,0.04579819,0.4942477,0.406541,0.2139533,
263,0.0003314677,7.508204,11.60522,4.508204,7.383209,1000000.0,2000000000.0,-3.3028746495648775,-3.84322,-66.7721,-85.9012,-8.41155e-07,2.663964696580329,5.782916,0.001367102,0.007435364,0.04596494,0.4966386,0.4529626,0.2156299,
264,0.0003346995,8.092305,11.58661,5.092305,7.369201,1000000.0,2000000000.0,-3.0396500079977784,-3.69132,-66.8915,-85.7095,-8.230750000000001e-07,2.5362575716701166,5.899295,0.001393499,0.007499732,0.04603443,0.5053839,0.4236255,0.2193192,
265,0.0003344734,8.481297999999999,11.5409,5.481298,7.313412,1000000.0,2000000000.0,-2.944639081513202,-3.57961,-67.0111,-85.6876,-8.12701e-07,2.4872136802413842,5.994395,0.001397487,0.007493036,0.04605145,0.5078174,0.411764,0.2201406,
266,0.0003327114,8.761147000000001,11.50329,5.761147,7.256369,1000000.0,2000000000.0,-2.944006588411945,-3.49651,-67.1062,-85.7592,-8.077769999999999e-07,2.478754168846703,6.069322,0.00139065,0.007456257,0.04603476,0.5069336,0.4091096,0.2195581,
267,0.0003307967,8.98138,11.4564,5.98138,7.18192,1000000.0,2000000000.0,-2.9835114918207637,-3.43857,-67.1992,-85.8588,-8.01365e-07,2.4800682654445056,6.128369,0.00138215,0.007416844,0.04601174,0.505394,0.4087425,0.2187296,
268,0.0003290761,9.160333,11.41888,6.160333,7.121265,1000000.0,2000000000.0,-3.0178116245885747,-3.38789,-67.277,-85.9485,-7.965639999999999e-07,2.482700860046634,6.180862,0.001374409,0.007381746,0.0459959,0.5039685,0.4086946,0.2179635,
269,0.0003275498,9.304936,11.39885,6.304936,7.087895,1000000.0,2000000000.0,-3.0361094921390404,-3.34683,-67.3249,-86.0061,-7.95405e-07,2.485324967230752,6.222288,0.001367632,0.007349129,0.04598502,0.5028572,0.4086979,0.2172822,
270,0.0003262437,9.422972,11.37253,6.422972,7.046026,1000000.0,2000000000.0,-3.062211595483433,-3.31437,-67.3761,-86.0641,-7.924459999999999e-07,2.4868433572073365,6.257502,0.001361767,0.007322578,0.04596739,0.5017269,0.4086244,0.2167146,
271,0.0003250832,9.39664,11.33567,6.39664,6.989511,1000000.0,2000000000.0,-3.1302507939173907,-3.3337,-67.3971,-86.0913,-7.874209999999999e-07,2.488290043040164,6.251557,0.001356542,0.007299099,0.04595113,0.5007103,0.4085929,0.2162185,
272,0.0003240001,9.379535,11.3112,6.379535,6.952118,1000000.0,2000000000.0,-3.179225128739901,-3.34582,-67.4075,-86.1032,-7.847959999999999e-07,2.4881620492227947,6.248938,0.001351822,0.007277141,0.04593643,0.4998853,0.4082622,0.2158273,
273,0.000322944,9.490407000000001,11.2808,6.490407,6.906717,1000000.0,2000000000.0,-3.2008001571338767,-3.31583,-67.4622,-86.1563,-7.808469999999999e-07,2.4875025996693734,6.28165,0.001347237,0.007255566,0.04591647,0.4991007,0.4079246,0.2154935,
274,0.0003219427,9.456681,11.24574,6.456681,6.853976,1000000.0,2000000000.0,-3.2640643330081787,-3.33652,-67.4803,-86.1799,-7.76039e-07,2.488775958425131,6.27336,0.00134274,0.007235404,0.04590194,0.4982889,0.4079919,0.2151422,
275,0.0003210062,9.555926,11.22344,6.555926,6.820294,1000000.0,2000000000.0,-3.276993471114416,-3.30527,-67.5267,-86.227,-7.734289999999999e-07,2.4884245617806213,6.305739,0.001338698,0.007216497,0.04588888,0.4976535,0.4077337,0.2148826,
276,0.0003201347,9.634834999999999,11.19058,6.634835,6.771139,1000000.0,2000000000.0,-3.307259341823098,-3.28686,-67.5774,-86.282,-7.6866e-07,2.489357254098742,6.329384,0.001334808,0.007199031,0.0458759,0.496979,0.4077852,0.2146144,
277,0.0003193644,9.698539,11.17169,6.698539,6.742471,1000000.0,2000000000.0,-3.325364886005019,-3.26931,-67.61,-86.3183,-7.664559999999999e-07,2.49009796812668,6.349426,0.001331372,0.007183694,0.045864,0.496374,0.40783,0.2143831,
278,0.0003216058,9.051945,11.22456,6.051945,6.81287,1000000.0,2000000000.0,-3.466831519762934,-3.45266,-67.4292,-86.3356,-7.75057e-07,2.5617756196897226,6.15981,0.001334152,0.007237723,0.04582826,0.4959848,0.4287662,0.2161507,
279,0.0003229614,9.167921,11.20185,6.167921,6.793957,1000000.0,2000000000.0,-3.3735568552051944,-3.43275,-67.4639,-86.1993,-7.66485e-07,2.5000343513514234,6.188842,0.001346108,0.007264001,0.04586296,0.5000659,0.414099,0.2177221,
280,0.0003224018,9.217016000000001,11.1781,6.217016,6.763326,1000000.0,2000000000.0,-3.3743918281184904,-3.42439,-67.4886,-86.1754,-7.62877e-07,2.4834419969203183,6.204704,0.001345305,0.00725197,0.04586228,0.50037,0.4097722,0.2176961,
281,0.000321301,9.245789,11.14008,6.245789,6.707407,1000000.0,2000000000.0,-3.4212042961810596,-3.42571,-67.5249,-86.206,-7.57677e-07,2.4809669866802087,6.214424,0.001340744,0.007229265,0.04585039,0.4995552,0.4087192,0.2172242,
282,0.0003201618,9.268943,11.11474,6.268943,6.669213,1000000.0,2000000000.0,-3.460637131422189,-3.42454,-67.5471,-86.2296,-7.550589999999999e-07,2.4808217930593686,6.223176,0.001335788,0.007205865,0.04583715,0.4986327,0.408263,0.2167359,
283,0.000319057,9.289344,11.07775,6.289344,6.614484,1000000.0,2000000000.0,-3.511129543432233,-3.42768,-67.5813,-86.2664,-7.50199e-07,2.4811351393821233,6.230415,0.001330945,0.007183209,0.04582403,0.4977501,0.4079671,0.2162903,
284,0.0003180094,9.307794999999999,11.05383,6.307795,6.57879,1000000.0,2000000000.0,-3.548371496028615,-3.42725,-67.6016,-86.289,-7.47766e-07,2.481315232444556,6.237719,0.00132637,0.007161748,0.04581152,0.4969487,0.4076941,0.2159006,
285,0.0003170092,9.324705,11.01826,6.324705,6.5268,1000000.0,2000000000.0,-3.595346123285701,-3.43075,-67.634,-86.3236,-7.43086e-07,2.4814768189537753,6.243848,0.001322007,0.007141282,0.04579945,0.496215,0.4074709,0.2155613,
286,0.0003160569,9.340361999999999,10.9957,6.340362,6.493568,1000000.0,2000000000.0,-3.6295247490166958,-3.43057,-67.6528,-86.3442,-7.40798e-07,2.4815017904728514,6.250243,0.001317876,0.007121813,0.04578792,0.4955466,0.4072548,0.2152653,
287,0.0003151516,9.453199,10.96776,6.476922,6.453199,1000000.0,2000000000.0,-3.6361196417082198,-3.38773,-67.7147,-86.4056,-7.373649999999999e-07,2.4812108424220067,6.291375,0.00131394,0.00710319,0.04577162,0.494901,0.4070625,0.2150112,
288,0.0003347614,7.455853,11.63826,4.455853,7.434291,1000000.0,2000000000.0,-3.2267680384520503,-3.8543,-66.7561,-85.8728,-8.392469999999999e-07,2.6559115039327885,5.76275,0.001383485,0.00750686,0.04597454,0.4989033,0.4520163,0.2171146,
289,0.0003376567,8.037831,11.62806,5.037831,7.43285,1000000.0,2000000000.0,-2.9592036434347335,-3.69898,-66.8633,-85.6787,-8.2422e-07,2.5332131419076576,5.879836,0.001408308,0.007562953,0.04605399,0.5073039,0.4235681,0.2204832,
290,0.0003372129,8.428602,11.58027,5.428602,7.372834,1000000.0,2000000000.0,-2.873110068339244,-3.58687,-66.9848,-85.6648,-8.138109999999999e-07,2.4864102022073244,5.975418,0.001411145,0.007551759,0.04606825,0.5093773,0.4121362,0.2210987,
291,0.0003353037,8.711824,11.54151,5.711824,7.313088,1000000.0,2000000000.0,-2.8776516217684573,-3.50329,-67.0813,-85.7404,-8.088129999999999e-07,2.4787791403581796,6.051142,0.001403553,0.00751193,0.04604999,0.508287,0.4095704,0.2203836,
292,0.0003332789,8.935649999999999,11.4937,5.93565,7.236523,1000000.0,2000000000.0,-2.920446980853697,-3.44478,-67.1754,-85.842,-8.023139999999999e-07,2.4802801893472295,6.111129,0.001394513,0.007470217,0.04602596,0.5066118,0.4091594,0.2194589,
293,0.0003314605,9.117892999999999,11.45521,6.117893,7.173834,1000000.0,2000000000.0,-2.9575838182283434,-3.39357,-67.2545,-85.9333,-7.974139999999999e-07,2.4830096287243872,6.164524,0.001386307,0.007433074,0.04600924,0.505076,0.4090553,0.2186142,
294,0.000329844,9.265388999999999,11.43407,6.265389,7.138428,1000000.0,2000000000.0,-2.9783817528549505,-3.35206,-67.3036,-85.9924,-7.9615e-07,2.4856711908911056,6.206801,0.001379105,0.007398557,0.04599759,0.5038656,0.4090018,0.2178622,
295,0.0003284531,9.385822000000001,11.40669,6.385822,7.094606,1000000.0,2000000000.0,-3.007052659319598,-3.31928,-67.356,-86.052,-7.930939999999999e-07,2.4873231013438164,6.242744,0.00137283,0.007370235,0.04597912,0.5026453,0.4088938,0.2172333,
296,0.0003272139,9.361434,11.36893,6.361434,7.036329,1000000.0,2000000000.0,-3.0776012568206568,-3.33849,-67.3779,-86.0806,-7.879969999999999e-07,2.4888839539813015,6.237446,0.001367227,0.007345109,0.0459621,0.501542,0.4088359,0.2166782,
297,0.0003260591,9.346105,11.34344,6.346105,6.997154,1000000.0,2000000000.0,-3.1287894327972623,-3.3505,-67.3893,-86.0937,-7.85279e-07,2.4888068693005003,6.235414,0.001362169,0.007321652,0.04594667,0.5006439,0.4084719,0.2162378,
298,0.0003249284,9.459063,11.30624,6.459063,6.940839,1000000.0,2000000000.0,-3.1602770762167722,-3.32261,-67.4511,-86.1567,-7.79955e-07,2.488599607696557,6.268495,0.001357247,0.007298677,0.04593157,0.4998226,0.408128,0.2158556,
299,0.0003238772,9.426826,11.28268,6.426826,6.904717,1000000.0,2000000000.0,-3.212529411601494,-3.3394,-67.457,-86.1673,-7.775089999999999e-07,2.4896123764758533,6.261389,0.001352542,0.007277447,0.04591672,0.4989803,0.408102,0.2154773,
300,0.0003228808,9.405183000000001,11.24689,6.405183,6.851529,1000000.0,2000000000.0,-3.2710048687150177,-3.35627,-67.4786,-86.1896,-7.72575e-07,2.489294387882299,6.256685,0.00134822,0.007257281,0.04590303,0.4982948,0.407817,0.2151854,
301,0.000321905,9.511993,11.21745,6.511993,6.808178,1000000.0,2000000000.0,-3.290054095967946,-3.32692,-67.5316,-86.2406,-7.68789e-07,2.4884944900604515,6.288177,0.001343997,0.00723736,0.04588421,0.4976296,0.4075283,0.2149345,
302,0.0003209775,9.47493,11.19559,6.47493,6.775183,1000000.0,2000000000.0,-3.338721526691984,-3.34442,-67.5353,-86.2493,-7.6653e-07,2.48958686996246,6.279508,0.001339835,0.007218714,0.04587066,0.4969301,0.4076323,0.2146607,
303,0.0003201024,9.571729999999999,11.16179,6.57173,6.725353,1000000.0,2000000000.0,-3.36357807574646,-3.32014,-67.5911,-86.3055,-7.61651e-07,2.4892448485887484,6.307967,0.001336064,0.007201072,0.04585835,0.4963835,0.407425,0.2144645,
304,0.0003192912,9.525991000000001,11.14159,6.525991,6.695294,1000000.0,2000000000.0,-3.409673910445065,-3.34,-67.5913,-86.3093,-7.595319999999999e-07,2.4899005486853123,6.296617,0.001332455,0.007184836,0.04584624,0.4958032,0.4074848,0.214259,
305,0.0003185134,9.493121,11.10885,6.493121,6.647847,1000000.0,2000000000.0,-3.46172079995916,-3.35923,-67.6082,-86.3259,-7.549629999999999e-07,2.4893491368369967,6.288413,0.001329128,0.007169218,0.0458351,0.4953493,0.4072771,0.2141176,
306,0.0003177363,9.59177,11.08876,6.59177,6.618372,1000000.0,2000000000.0,-3.4702160062908405,-3.32997,-67.6506,-86.3673,-7.526309999999999e-07,2.48854243977007,6.31788,0.001325832,0.007153574,0.04582423,0.4949343,0.4070359,0.214001,
307,0.0003219781,8.332953,11.29253,5.332953,6.910119,1000000.0,2000000000.0,-3.598934963405881,-3.65739,-67.1964,-86.2615,-7.92304e-07,2.6238802835701347,5.977521,0.001332518,0.007245147,0.04582668,0.4958709,0.4453381,0.2172089,
308,0.0003246712,8.637896999999999,11.29178,5.637897,6.924102,1000000.0,2000000000.0,-3.39847778783016,-3.58331,-67.2447,-86.043,-7.82223e-07,2.5196446198360727,6.045376,0.001354338,0.007297909,0.04588828,0.5029678,0.420891,0.2199773,
309,0.0003244587,8.931821,11.2521,5.931821,6.874832,1000000.0,2000000000.0,-3.3327326990056605,-3.50276,-67.3429,-86.0348,-7.739029999999999e-07,2.483153632707949,6.120778,0.001357006,0.007292128,0.04589944,0.5044481,0.4117606,0.2203241,
310,0.0003231362,9.018864,11.22116,6.018864,6.828766,1000000.0,2000000000.0,-3.35949083574954,-3.48028,-67.3867,-86.0648,-7.702259999999999e-07,2.478006558212339,6.148976,0.001351678,0.007264594,0.04588658,0.5034241,0.4098005,0.2196341,
311,0.0003217019,9.208272000000001,11.17929,6.208272,6.764854,1000000.0,2000000000.0,-3.3853295892440727,-3.42992,-67.4699,-86.1512,-7.644409999999999e-07,2.4782979013003734,6.200778,0.001345323,0.007235008,0.04587012,0.5020771,0.4091766,0.2188507,
312,0.0003203955,9.359905000000001,11.15247,6.359905,6.722694,1000000.0,2000000000.0,-3.4016591122860333,-3.38358,-67.5326,-86.2225,-7.61469e-07,2.4803986016901662,6.246635,0.001339351,0.007208237,0.045854,0.5007356,0.4090514,0.2181042,
313,0.0003192612,9.482286,11.1162,6.482286,6.66746,1000000.0,2000000000.0,-3.4317037042300456,-3.35259,-67.5968,-86.2953,-7.564329999999999e-07,2.4825469760463172,6.282011,0.001334132,0.00718512,0.04583939,0.4995278,0.4090154,0.2174446,
314,0.0003182846,9.581232,11.09463,6.581232,6.633913,1000000.0,2000000000.0,-3.4492583021202705,-3.32471,-67.6407,-86.3462,-7.539859999999999e-07,2.484272634431231,6.311894,0.001329651,0.007165323,0.0458264,0.4984687,0.4089546,0.2168731,
315,0.0003192505,9.057673999999999,11.10191,6.057674,6.63804,1000000.0,2000000000.0,-3.599075366311901,-3.48697,-67.5201,-86.3553,-7.54811e-07,2.5291148738929565,6.163035,0.00132938,0.007191005,0.04579463,0.4975278,0.4217122,0.2176104,
316,0.0003196959,9.280662,11.08485,6.280662,6.623141,1000000.0,2000000000.0,-3.511945804089514,-3.4236,-67.5828,-86.3011,-7.49816e-07,2.488568123949344,6.223664,0.001335309,0.007198985,0.04581293,0.499758,0.4118178,0.2183533,
317,0.0003189073,9.30572,11.04949,6.30572,6.573186,1000000.0,2000000000.0,-3.5443832140482954,-3.42605,-67.6158,-86.3134,-7.445649999999999e-07,2.4812388116105835,6.232412,0.001332551,0.007182554,0.04580649,0.4992884,0.4095583,0.2179724,
318,0.0003179001,9.321977,11.02581,6.321977,6.537905,1000000.0,2000000000.0,-3.5798880781842968,-3.42696,-67.6353,-86.3318,-7.420149999999999e-07,2.48030125222349,6.239294,0.001328208,0.007161841,0.0457953,0.4983698,0.408834,0.2174361,
319,0.0003168949,9.336214,10.99026,6.336214,6.485715,1000000.0,2000000000.0,-3.6274726545843166,-3.43186,-67.6671,-86.3659,-7.37295e-07,2.480482829442377,6.244842,0.001323776,0.007141223,0.04578362,0.4974484,0.4084282,0.2169308,
320,0.0003159376,9.348816,10.96144,6.348816,6.443895,1000000.0,2000000000.0,-3.6667007766222213,-3.43452,-67.6918,-86.3909,-7.33904e-07,2.4803684334901295,6.250119,0.001319552,0.007121467,0.04576726,0.4965688,0.4080785,0.2164836,
321,0.0003149751,9.429200999999999,10.95276,6.484042,6.429201,1000000.0,2000000000.0,-3.660871339788052,-3.38931,-67.7315,-86.4368,-7.34006e-07,2.4816290540086747,6.291259,0.001315373,0.007100852,0.04576642,0.4959255,0.4079099,0.2160567,
322,0.0003466296,7.440496,11.70256,4.440496,7.560807,1000000.0,2000000000.0,-2.8644565544007037,-3.85285,-66.7446,-85.603,-8.227819999999999e-07,2.5496303666166606,5.729667,0.001447837,0.007761418,0.04605792,0.5134191,0.4329137,0.2258181,
323,0.0003547652,7.905624,11.71906,4.905624,7.651106,1000000.0,2000000000.0,-2.446757152616428,-3.68465,-66.8368,-85.2681,-8.10073e-07,2.4111086630487084,5.8241,0.001495661,0.007926939,0.04618783,0.5258889,0.4037215,0.2315653,
324,0.0003488928,8.211936999999999,11.65884,5.211937,7.512802,1000000.0,2000000000.0,-2.6381692475548064,-3.62044,-66.9604,-85.5899,-8.0434e-07,2.467167775944264,5.897384,0.001463024,0.007808304,0.04609673,0.5176999,0.4140899,0.2272985,
325,0.0003452683,8.506675999999999,11.71147,5.506676,7.581682,1000000.0,2000000000.0,-2.5847982698113086,-3.51909,-66.9394,-85.6054,-8.227359999999999e-07,2.47868264061926,5.974672,0.001447358,0.007721293,0.04613416,0.5157018,0.4141632,0.2250619,
326,0.0003426108,8.757371,11.66062,5.757371,7.495297,1000000.0,2000000000.0,-2.6450301795240847,-3.45603,-67.0394,-85.7153,-8.158129999999999e-07,2.4799778014144622,6.041711,0.001435189,0.00766686,0.04610684,0.5130974,0.4130512,0.2234448,
327,0.0003397391,8.838083000000001,11.72048,5.838083,7.57885,1000000.0,2000000000.0,-2.610696768923603,-3.42403,-66.959,-85.6622,-8.35574e-07,2.4891834490970006,6.06582,0.001423162,0.00759578,0.04615094,0.5119316,0.4130316,0.2217465,
328,0.0003376311,8.91425,11.6792,5.91425,7.511067,1000000.0,2000000000.0,-2.68136419730957,-3.41299,-67.0051,-85.7082,-8.30505e-07,2.4879446827500438,6.089214,0.001413675,0.007552797,0.0461215,0.5099692,0.4117904,0.2205908,
329,0.0003349357,8.975935,11.62141,5.975935,7.420638,1000000.0,2000000000.0,-2.762522885114066,-3.40346,-67.0661,-85.7759,-8.242129999999999e-07,2.4917329103638517,6.117981,0.001404226,0.007497452,0.04609373,0.5080224,0.4110321,0.2195311,
330,0.0003418765,9.11068,11.64499,6.11068,7.505388,1000000.0,2000000000.0,-2.4912603352602503,-3.33749,-67.1047,-85.5483,-8.163529999999999e-07,2.41081465561689,6.147698,0.001440513,0.00764167,0.04617636,0.5168541,0.3955961,0.224069,
331,0.0003360718,9.189994,11.59827,6.189994,7.387476,1000000.0,2000000000.0,-2.7193431684664517,-3.33329,-67.1697,-85.8727,-8.157429999999999e-07,2.489355002076023,6.17444,0.001409164,0.007525621,0.04607266,0.5083903,0.4113384,0.2201862,
332,0.0003434801,9.150398,11.62765,6.150398,7.482268,1000000.0,2000000000.0,-2.4740692678349916,-3.3236,-67.1563,-85.5897,-8.086859999999999e-07,2.407720653088649,6.156922,0.001447503,0.007679737,0.04615891,0.5174433,0.3958122,0.224823,
333,0.0003375262,9.09424,11.5749,6.09424,7.353499,1000000.0,2000000000.0,-2.7477701289790346,-3.36806,-67.1881,-85.8917,-8.072169999999999e-07,2.4890380967985415,6.146338,0.001415297,0.007560796,0.04606001,0.5087185,0.4119783,0.2207637,
334,0.0003359242,9.235536,11.5527,6.235536,7.317086,1000000.0,2000000000.0,-2.7634422778258596,-3.32683,-67.2378,-85.9385,-8.05519e-07,2.4874718755056824,6.190046,0.001408514,0.007526347,0.04605086,0.5075498,0.410723,0.2199127,
335,0.0003343906,9.347921,11.5241,6.347921,7.270259,1000000.0,2000000000.0,-2.7987027462518057,-3.2981,-67.2883,-85.9947,-8.0226e-07,2.4885321937672784,6.224259,0.001401593,0.007495043,0.04603134,0.5060851,0.4102596,0.2190755,
336,0.0003329877,9.439060999999999,11.48533,6.439061,7.208676,1000000.0,2000000000.0,-2.8475695071539064,-3.27934,-67.3451,-86.0585,-7.967660000000001e-07,2.4901195148341078,6.251995,0.001395198,0.007466527,0.04601265,0.5047182,0.4099994,0.2183183,
337,0.0003317215,9.513435999999999,11.46015,6.513436,7.168035,1000000.0,2000000000.0,-2.88236476180451,-3.26157,-67.3837,-86.1033,-7.938959999999999e-07,2.4914748671423133,6.275682,0.001389436,0.007440877,0.04599534,0.5034932,0.4097725,0.217655,
338,0.00033057,9.452321999999999,11.42395,6.452322,7.111953,1000000.0,2000000000.0,-2.959357715145636,-3.2933,-67.3932,-86.1183,-7.889129999999999e-07,2.4926316639983983,6.259218,0.001384205,0.007417632,0.04597916,0.5023901,0.4095736,0.217073,
339,0.0003294635,9.530515000000001,11.39973,6.530515,7.074234,1000000.0,2000000000.0,-2.9857217345194087,-3.27342,-67.4321,-86.1577,-7.86065e-07,2.492168301194186,6.283827,0.001379356,0.007395215,0.04596423,0.5014859,0.4090796,0.2166072,
340,0.0003284093,9.59326,11.36473,6.59326,7.020529,1000000.0,2000000000.0,-3.027350325880249,-3.26187,-67.479,-86.2089,-7.81011e-07,2.492969563171845,6.303328,0.001374617,0.007373971,0.04594919,0.5005649,0.4089176,0.2161557,
341,0.0003274468,9.521934,11.3427,6.521934,6.986598,1000000.0,2000000000.0,-3.0867270638356246,-3.29209,-67.4718,-86.2055,-7.78671e-07,2.4937015683724355,6.284214,0.001370285,0.007354656,0.04593507,0.4997263,0.4087897,0.2157575,
342,0.0003265024,9.592027999999999,11.30829,6.592028,6.934962,1000000.0,2000000000.0,-3.1209228462785035,-3.27752,-67.5203,-86.2535,-7.73642e-07,2.493014544616689,6.305677,0.001366194,0.007335617,0.04592184,0.4990442,0.4083899,0.2154493,
343,0.0003256059,9.647279000000001,11.28095,6.647279,6.894183,1000000.0,2000000000.0,-3.1502300056563826,-3.26502,-67.558,-86.2921,-7.700999999999999e-07,2.4931442088993365,6.323128,0.00136218,0.007317487,0.04590307,0.4982982,0.4082825,0.2151438,
344,0.0003247632,9.570028,11.26061,6.570028,6.863363,1000000.0,2000000000.0,-3.206452771541599,-3.29636,-67.5483,-86.2865,-7.679519999999999e-07,2.494006512137652,6.30206,0.001358379,0.007300672,0.04589022,0.4976094,0.4082958,0.2148568,
345,0.0003239364,9.635576,11.22775,6.635576,6.814808,1000000.0,2000000000.0,-3.2368016196480056,-3.28245,-67.5946,-86.3321,-7.631459999999999e-07,2.4932269838771965,6.322079,0.001354831,0.007284071,0.0458784,0.4970765,0.4079737,0.2146521,
346,0.0003231486,9.687733,11.20831,6.687733,6.785504,1000000.0,2000000000.0,-3.2578262491005106,-3.2689,-67.624,-86.3638,-7.60903e-07,2.4935314469454664,6.338906,0.00135134,0.007268349,0.04586652,0.4965068,0.4079179,0.2144396,
347,0.0003224203,9.607327999999999,11.1773,6.607328,6.739974,1000000.0,2000000000.0,-3.3216915467213113,-3.30429,-67.6253,-86.368,-7.56545e-07,2.4940193129209307,6.316081,0.001348088,0.007253893,0.04585515,0.4959612,0.4079304,0.2142435,
348,0.0003217017,9.670221999999999,11.15826,6.670222,6.712003,1000000.0,2000000000.0,-3.336302844907273,-3.28689,-67.6571,-86.398,-7.542929999999999e-07,2.4929228286475755,6.335904,0.001345052,0.007239519,0.04584476,0.4955597,0.407605,0.2141202,
349,0.0003242244,8.959487,11.22625,5.959487,6.804274,1000000.0,2000000000.0,-3.47778841283197,-3.487,-67.448,-86.4063,-7.65766e-07,2.5725203606732965,6.128615,0.001348403,0.007298904,0.04581415,0.4954095,0.430719,0.2161194,
350,0.0003257021,9.0916,11.21573,6.0916,6.803363,1000000.0,2000000000.0,-3.3643399105158664,-3.45966,-67.4724,-86.2467,-7.591479999999999e-07,2.5054734409016284,6.161677,0.001361608,0.007327499,0.04585155,0.4998213,0.4148308,0.2178097,
