Iteration No,Rd,loss,loss_gain,loss_iip3,loss_iip2,loss_nf,loss_Io,Ibias,loss,loss_gain,loss_iip3,loss_iip2,loss_nf,loss_Io,W1,loss,loss_gain,loss_iip3,loss_iip2,loss_nf,loss_Io,W2,loss,loss_gain,loss_iip3,loss_iip2,loss_nf,loss_Io,Alo,loss,loss_gain,loss_iip3,loss_iip2,loss_nf,loss_Io,
1,Rd,-0.004070560245156602,-0.0036371697668644933,0.0,0.0,0.0,-0.0004333904782921083,Ibias,344.50689140675956,13.756451433728921,0.0,0.0,0.0,330.75043997303067,W1,-1870.4999450151643,-1446.268804266553,0.0,0.0,0.0,-424.2311407485275,W2,-1979.6775449290121,-6693.099615709342,0.0,0.0,0.0,4713.422070779885,Alo,-0.6751137670221845,-0.6751137670221258,0.0,0.0,0.0,0.0,
2,Rd,-0.0037436410663599655,-0.0033155464252919353,0.0,0.0,0.0,-0.00042809464106815864,Ibias,342.8478091513653,11.600210170800292,0.0,0.0,0.0,331.2475989805619,W1,-1737.3742872808734,-1338.183103060215,0.0,0.0,0.0,-399.19118422053583,W2,-1570.2710221933423,-5984.945847538341,0.0,0.0,0.0,4414.674825345286,Alo,-0.6018867091676279,-0.6018867091676662,0.0,0.0,0.0,0.0,
3,Rd,-0.0033903504955024614,-0.00296489891929421,0.0,0.0,0.0,-0.0004254515762081707,Ibias,342.80509868653655,11.400688069807561,0.0,0.0,0.0,331.4044106167332,W1,-1620.0540812310937,-1243.7450489302698,0.0,0.0,0.0,-376.3090323007442,W2,-1211.7141981457748,-5379.459846923133,0.0,0.0,0.0,4167.7456487768,Alo,-0.5324280867479958,-0.5324280867479211,0.0,0.0,0.0,0.0,
4,Rd,-0.00298410188236016,-0.0025602742886878874,0.0,0.0,0.0,-0.0004238275936723113,Ibias,345.00039822929693,13.621369341627377,0.0,0.0,0.0,331.3790288876748,W1,-1508.6560943598754,-1152.9323060742556,0.0,0.0,0.0,-355.7237882856978,W2,-864.3145501936613,-4814.086599627778,0.0,0.0,0.0,3949.7720494337086,Alo,-0.4528753708575782,-0.45287537085761476,0.0,0.0,0.0,0.0,
5,Rd,-0.0025238019783131666,-0.002102890554396964,0.0,0.0,0.0,-0.0004209114239162943,Ibias,349.5040555614904,18.15101684109347,0.0,0.0,0.0,331.3530387203937,W1,-1400.0693601274543,-1065.5446865344936,0.0,0.0,0.0,-334.5246735930564,W2,-486.5412751149568,-4238.796757905295,0.0,0.0,0.0,3752.2554827904037,Alo,-0.35896612901499453,-0.35896612901498554,0.0,0.0,0.0,0.0,
6,Rd,-0.0020510216201314988,-0.001636045558889428,0.0,0.0,0.0,-0.0004149760612422116,Ibias,355.72341827293366,24.244937884655055,0.0,0.0,0.0,331.4784803882738,W1,-1290.7792587667975,-978.0449074608499,0.0,0.0,0.0,-312.73435130613507,W2,-110.01684621887853,-3671.4564500072934,0.0,0.0,0.0,3561.439603788415,Alo,-0.25514904535566607,-0.25514904535576355,0.0,0.0,0.0,0.0,
7,Rd,-0.001660302718372544,-0.0012563294325234442,0.0,0.0,0.0,-0.0004039732858491169,Ibias,361.4973481764703,29.617214226195564,0.0,0.0,0.0,331.8801339502726,W1,-1185.911333213033,-896.5238396786294,0.0,0.0,0.0,-289.3874935344773,W2,195.5349728997798,-3179.0643603439253,0.0,0.0,0.0,3374.5993332433877,Alo,-0.16202471645334263,-0.16202471645343913,0.0,0.0,0.0,0.0,
8,Rd,-0.001396280678011674,-0.0010069617809782118,0.0,0.0,0.0,-0.0003893188970333625,Ibias,365.37493259208736,32.84039692208554,0.0,0.0,0.0,332.5345356700074,W1,-1087.7502374519552,-822.5819916429809,0.0,0.0,0.0,-265.1682458088116,W2,388.6271531713568,-2804.808347208345,0.0,0.0,0.0,3193.4355003800756,Alo,-0.09235013061495605,-0.09235013061487761,0.0,0.0,0.0,0.0,
9,Rd,-0.001227710039175995,-0.0008546310136485758,0.0,0.0,0.0,-0.0003730790255274031,Ibias,367.5941072995883,34.289804563714334,0.0,0.0,0.0,333.30430273587115,W1,-995.817904020749,-754.802600442327,0.0,0.0,0.0,-241.01530357840414,W2,502.82625392491565,-2523.5943333934174,0.0,0.0,0.0,3026.4205873182104,Alo,-0.041513241704968666,-0.041513241704986034,0.0,0.0,0.0,0.0,
10,Rd,-0.0011205243260988197,-0.0007635851976861723,0.0,0.0,0.0,-0.0003569391284125836,Ibias,368.7843364665895,34.69567967441255,0.0,0.0,0.0,334.0886567921775,W1,-914.6800921912811,-696.554313170419,0.0,0.0,0.0,-218.12577902077444,W2,558.8844434389715,-2314.411666363646,0.0,0.0,0.0,2873.29610980298,Alo,-0.004859689223105262,-0.0048596892230532655,0.0,0.0,0.0,0.0,
11,Rd,-0.0010459842963966607,-0.0007044249876472584,0.0,0.0,0.0,-0.0003415593087494964,Ibias,369.4377119622374,34.57726264493116,0.0,0.0,0.0,334.86044931730385,W1,-840.9598713062436,-644.59062226338,0.0,0.0,0.0,-196.36924904289808,W2,586.0538976246557,-2150.3770410062966,0.0,0.0,0.0,2736.430938630833,Alo,0.022989065471388626,0.02298906547137996,0.0,0.0,0.0,0.0,
12,Rd,-0.0009932204544542903,-0.0006660018073161286,0.0,0.0,0.0,-0.0003272186471381463,Ibias,369.63681874036325,34.074896478606505,0.0,0.0,0.0,335.56192226175983,W1,-775.8786903847039,-599.621045260086,0.0,0.0,0.0,-176.2576451245497,W2,590.6496291151353,-2020.5333753714729,0.0,0.0,0.0,2611.183004486961,Alo,0.04347138522049415,0.04347138522053751,0.0,0.0,0.0,0.0,
13,Rd,-0.0009488684825244287,-0.0006346030085832994,0.0,0.0,0.0,-0.0003142654739410838,Ibias,369.7731450970796,33.574388377799735,0.0,0.0,0.0,336.19875671927923,W1,-715.6037143644509,-557.6258955476644,0.0,0.0,0.0,-157.9778188168033,W2,593.8647673037482,-1904.7529477145235,0.0,0.0,0.0,2498.6177150182134,Alo,0.061084423439421776,0.06108442343945653,0.0,0.0,0.0,0.0,
14,Rd,-0.0009131954785281067,-0.0006108742310378044,0.0,0.0,0.0,-0.00030232124749028725,Ibias,369.8087254846402,33.012078393072024,0.0,0.0,0.0,336.7966470915694,W1,-663.6994201185782,-522.8692649332339,0.0,0.0,0.0,-140.8301551853278,W2,579.4389203699152,-1817.5543489113857,0.0,0.0,0.0,2396.993269281473,Alo,0.0743686995027869,0.07436869950283917,0.0,0.0,0.0,0.0,
15,Rd,-0.0008798948664615465,-0.0005886024139516401,0.0,0.0,0.0,-0.00029129245250987686,Ibias,369.9045165914891,32.55961117823483,0.0,0.0,0.0,337.34490541325425,W1,-613.3185059786192,-488.5854281218051,0.0,0.0,0.0,-124.73307785674841,W2,573.2845386481698,-1730.1596759286608,0.0,0.0,0.0,2303.4442145768307,Alo,0.08590120134837921,0.08590120134843164,0.0,0.0,0.0,0.0,
16,Rd,-0.0008514217729081165,-0.0005702873072612413,0.0,0.0,0.0,-0.00028113446564686075,Ibias,369.8686700895967,32.03971430325871,0.0,0.0,0.0,337.82895578633963,W1,-567.5631390535998,-457.6371503676698,0.0,0.0,0.0,-109.9259886858568,W2,558.8698138409138,-1657.8088286959692,0.0,0.0,0.0,2216.6786425371356,Alo,0.09575255254586115,0.09575255254592253,0.0,0.0,0.0,0.0,
17,Rd,-0.0008247668499195528,-0.0005529782547033024,0.0,0.0,0.0,-0.00027178859521619314,Ibias,369.85956948678535,31.56898457541892,0.0,0.0,0.0,338.2905849113695,W1,-527.5188484149668,-431.1753664497107,0.0,0.0,0.0,-96.34348196517551,W2,548.0355621607647,-1589.2229706739065,0.0,0.0,0.0,2137.258532834977,Alo,0.1031773445998637,0.10317734459984611,0.0,0.0,0.0,0.0,
18,Rd,-0.0007997935419022525,-0.0005365745361216311,0.0,0.0,0.0,-0.00026321900578060015,Ibias,369.9077244743326,31.20946082831997,0.0,0.0,0.0,338.6982636460137,W1,-487.90996990260817,-404.559509825128,0.0,0.0,0.0,-83.35046007749617,W2,533.9595400633922,-1528.955635941202,0.0,0.0,0.0,2062.9151760044842,Alo,0.10980878549949334,0.10980878549948007,0.0,0.0,0.0,0.0,
19,Rd,-0.0007761303891241095,-0.0005209891773973495,0.0,0.0,0.0,-0.0002551412117267878,Ibias,369.9304149278941,30.841602916310627,0.0,0.0,0.0,339.08881201158454,W1,-451.76199144733323,-380.5595954834683,0.0,0.0,0.0,-71.20239596385707,W2,522.8308740469016,-1471.529720856599,0.0,0.0,0.0,1994.3605949035004,Alo,0.11566443567922352,0.11566443567920576,0.0,0.0,0.0,0.0,
20,Rd,-0.0007549024234296671,-0.000507368336241682,0.0,0.0,0.0,-0.000247534087187992,Ibias,369.915300020849,30.464772447904657,0.0,0.0,0.0,339.45052757294116,W1,-418.5617967737413,-358.9844179497108,0.0,0.0,0.0,-59.57737882408534,W2,504.2007304267445,-1426.2121226216257,0.0,0.0,0.0,1930.4128530481814,Alo,0.11997214914495791,0.1199721491449356,0.0,0.0,0.0,0.0,
21,Rd,-0.0007347359483307578,-0.0004943656200923335,0.0,0.0,0.0,-0.00024037032823834975,Ibias,369.86041882590774,30.077790828791077,0.0,0.0,0.0,339.782627997122,W1,-388.38516135046603,-339.65768421556834,0.0,0.0,0.0,-48.72747713485884,W2,491.6316152297221,-1378.1922054660756,0.0,0.0,0.0,1869.8238206960916,Alo,0.12274380032628511,0.12274380032635235,0.0,0.0,0.0,0.0,
22,Rd,-0.000714407932039805,-0.00048077571559155164,0.0,0.0,0.0,-0.00023363221644821311,Ibias,369.9655349668543,29.869332887852405,0.0,0.0,0.0,340.096202078999,W1,-358.1014974021384,-319.75785704129777,0.0,0.0,0.0,-38.343640360802084,W2,482.25282355136517,-1332.1871354564535,0.0,0.0,0.0,1814.4399590076334,Alo,0.12633483327638245,0.12633483327635991,0.0,0.0,0.0,0.0,
23,Rd,-0.0006962290508568105,-0.00046891899500130127,0.0,0.0,0.0,-0.0002273100558555292,Ibias,369.923202681739,29.528311372136304,0.0,0.0,0.0,340.39489130960084,W1,-330.33377663409055,-301.9274610002455,0.0,0.0,0.0,-28.40631563392927,W2,468.678764185403,-1292.580630131312,0.0,0.0,0.0,1761.2593943164266,Alo,0.12839900700028362,0.12839900700024287,0.0,0.0,0.0,0.0,
24,Rd,-0.0006778144148585512,-0.00045643379243371463,0.0,0.0,0.0,-0.00022138062242485615,Ibias,369.95804379067357,29.30592418843461,0.0,0.0,0.0,340.65211960223826,W1,-305.2124483308012,-286.04359160072704,0.0,0.0,0.0,-19.1688567300361,W2,456.5767385334812,-1254.5072812452374,0.0,0.0,0.0,1711.0840197786667,Alo,0.13050627264682188,0.1305062726468492,0.0,0.0,0.0,0.0,
25,Rd,-0.0006602901228801249,-0.0004444544835835783,0.0,0.0,0.0,-0.00021583563929648215,Ibias,370.03933862441414,29.142031104011632,0.0,0.0,0.0,340.8973075204074,W1,-279.4763883443258,-269.4126079082894,0.0,0.0,0.0,-10.063780435923181,W2,450.3377798308887,-1213.4804803314319,0.0,0.0,0.0,1663.8182601626813,Alo,0.13264831700517035,0.1326483170051978,0.0,0.0,0.0,0.0,
26,Rd,-0.0006444603867606728,-0.0004340293553243594,0.0,0.0,0.0,-0.00021043103143626875,Ibias,369.9777774956833,28.84291266028353,0.0,0.0,0.0,341.1348648353983,W1,-255.95743193319882,-254.60616150120177,0.0,0.0,0.0,-1.351270431989562,W2,441.12521796256215,-1178.2960763474657,0.0,0.0,0.0,1619.4212943099258,Alo,0.1340469966453662,0.13404699664538922,0.0,0.0,0.0,0.0,
27,Rd,-0.000629393090963877,-0.00042401127113005397,0.0,0.0,0.0,-0.00020538181983379789,Ibias,370.0306877480725,28.666349536693485,0.0,0.0,0.0,341.3643382113771,W1,-234.5412929629857,-241.52513265536615,0.0,0.0,0.0,6.983839692410275,W2,428.2049899362656,-1148.637707100604,0.0,0.0,0.0,1576.8426970367175,Alo,0.13392450390590063,0.1339245039058775,0.0,0.0,0.0,0.0,
28,Rd,-0.0006148147170980932,-0.00041436355171233473,0.0,0.0,0.0,-0.00020045116538572124,Ibias,369.9897141008234,28.418075271124188,0.0,0.0,0.0,341.57163882970076,W1,-213.61710980436183,-228.83887018781732,0.0,0.0,0.0,15.221760383448094,W2,421.1022889395642,-1115.7815311790837,0.0,0.0,0.0,1536.8838201187234,Alo,0.13382956826886208,0.13382956826891787,0.0,0.0,0.0,0.0,
29,Rd,-0.0006001207439149496,-0.0004040432521698763,0.0,0.0,0.0,-0.0001960774917450978,Ibias,370.03275560992364,28.295467245163792,0.0,0.0,0.0,341.73728836476107,W1,-193.95294308028198,-216.5263262960508,0.0,0.0,0.0,22.573383215768814,W2,409.5262620613473,-1088.194132060552,0.0,0.0,0.0,1497.720394121924,Alo,0.13375677433116334,0.13375677433114466,0.0,0.0,0.0,0.0,
30,Rd,-0.0005846865094211799,-0.00039309572251340993,0.0,0.0,0.0,-0.00019159078690776085,Ibias,370.1520898651561,28.23590810580782,0.0,0.0,0.0,341.91618175934786,W1,-174.17082590447671,-204.55028536340757,0.0,0.0,0.0,30.37945945886118,W2,407.7325664530109,-1053.328636271918,0.0,0.0,0.0,1461.0612027248053,Alo,0.1344874331595604,0.1344874331595158,0.0,0.0,0.0,0.0,
31,Rd,-0.000572935805790761,-0.000385503126727092,0.0,0.0,0.0,-0.000187432679063603,Ibias,370.05210950509513,27.97199044707631,0.0,0.0,0.0,342.0801190580227,W1,-156.5111985969917,-194.09821865999356,0.0,0.0,0.0,37.58702006300186,W2,398.39518755738453,-1027.64462681786,0.0,0.0,0.0,1426.039814375355,Alo,0.13291766522567025,0.1329176652256868,0.0,0.0,0.0,0.0,
32,Rd,-0.0005595867509970597,-0.0003762250566062336,0.0,0.0,0.0,-0.00018336169439078166,Ibias,370.12076904936316,27.9035881532156,0.0,0.0,0.0,342.21718089614757,W1,-139.18499423456078,-183.91700095022654,0.0,0.0,0.0,44.73200671573475,W2,393.70866512080994,-998.815911639388,0.0,0.0,0.0,1392.5245767603076,Alo,0.13291024753204445,0.1329102475320539,0.0,0.0,0.0,0.0,
33,Rd,-0.0005476008413551184,-0.0003682152302168654,0.0,0.0,0.0,-0.0001793856111382852,Ibias,370.05849434182045,27.69571809204163,0.0,0.0,0.0,342.362776249782,W1,-122.16443454605391,-173.98416596611216,0.0,0.0,0.0,51.819731420087145,W2,382.6830114554114,-978.7027718961149,0.0,0.0,0.0,1361.3857833514176,Alo,0.13137216282598027,0.13137216282594452,0.0,0.0,0.0,0.0,
34,Rd,0.0015421020196919948,-0.0003585960167062108,0.0,0.0020764030204199436,0.0,-0.000175704984021738,Ibias,370.1043568882167,27.618712256697556,0.0,0.0,0.0,342.48564463151513,W1,-107.12943333623514,-165.4662303674114,0.0,0.0,0.0,58.336797031176275,W2,378.4609146790129,-951.4288441853173,0.0,0.0,0.0,1329.889758864102,Alo,0.13139407270657472,0.13139407270655556,0.0,0.0,0.0,0.0,
35,Rd,-0.001311873608123757,-0.0011443470804806104,0.0,0.0,0.0,-0.0001675265276431465,Ibias,327.0680061505579,-17.339992209104583,0.0,0.0,0.0,344.4079983596648,W1,-148.4755909089682,-215.86672165833158,0.0,0.0,0.0,67.39113074944582,W2,93.78222174500483,-1207.769324420017,0.0,0.0,0.0,1301.5515461650696,Alo,-0.12774567724451133,-0.12774567724449207,0.0,0.0,0.0,0.0,
36,Rd,-0.0008320953669198717,-0.0006595677296870259,0.0,0.0,0.0,-0.00017252763723281617,Ibias,352.9624167161522,9.532728329789187,0.0,0.0,0.0,343.4296883863662,W1,-112.63069260330519,-178.1167367133549,0.0,0.0,0.0,65.4860441100105,W2,268.0657387004551,-1030.2133023336125,0.0,0.0,0.0,1298.2790410340085,Alo,0.03545023024217267,0.0354502302421511,0.0,0.0,0.0,0.0,
37,Rd,-0.000612034916785228,-0.0004391353593059561,0.0,0.0,0.0,-0.00017289955747922843,Ibias,365.08842760545303,22.01613959956859,0.0,0.0,0.0,343.07228800588763,W1,-87.18800729649654,-155.70366880438144,0.0,0.0,0.0,68.51566150792037,W2,345.9909656739987,-932.8642341364229,0.0,0.0,0.0,1278.8551998106443,Alo,0.10791915807196341,0.10791915807196821,0.0,0.0,0.0,0.0,
38,Rd,0.004492536685792129,-0.0003679445805790718,0.0,0.005031054824235649,0.0,-0.00017057355786448443,Ibias,505.59395405193897,25.519290597694965,0.0,137.03871475812312,0.0,343.0359486961171,W1,-70.36796430246203,-144.21570168411304,0.0,0.0,0.0,73.84773738158388,W2,361.71879005194245,-892.0868705459466,0.0,0.0,0.0,1253.8056605978657,Alo,0.12715401994560338,0.12715401994554074,0.0,0.0,0.0,0.0,
39,Rd,-0.0022286068958956204,-0.0020908918899600125,0.0,0.0,0.0,-0.000137715005935541,Ibias,279.7040501349795,-72.4222971683135,0.0,0.0,0.0,352.1263473032935,W1,-196.12029932069646,-238.74415158020156,0.0,0.0,0.0,42.62385225956849,W2,-81.91840014737782,-1234.662027547785,0.0,0.0,0.0,1152.7436274004303,Alo,-0.39239431053216034,-0.392394310532141,0.0,0.0,0.0,0.0,
40,Rd,-0.0018360870823797967,-0.001686673664846564,0.0,0.0,0.0,-0.00014941341753330273,Ibias,295.1423691998472,-51.77152208099829,0.0,0.0,0.0,346.913891280846,W1,-1295.8188336771427,-215.770426018336,0.0,0.0,0.0,-1080.0484076588486,W2,-8.674738849980642,-1183.415685896847,0.0,0.0,0.0,1174.7409470466603,Alo,-0.2835679079335076,-0.2835679079334933,0.0,0.0,0.0,0.0,
41,Rd,-0.001282742394070425,-0.0011235296247259167,0.0,0.0,0.0,-0.0001592127693445661,Ibias,324.9817521202805,-20.449671087325893,0.0,0.0,0.0,345.4314232076064,W1,-87.24492553307216,-179.27981034141214,0.0,0.0,0.0,92.03488480826341,W2,134.79028077994045,-1052.8009475370302,0.0,0.0,0.0,1187.5912283166758,Alo,-0.09702872234201192,-0.09702872234204733,0.0,0.0,0.0,0.0,
42,Rd,-0.0008035422873336609,-0.0006391043001470286,0.0,0.0,0.0,-0.00016443798718663222,Ibias,352.1031564698094,7.662923186133842,0.0,0.0,0.0,344.44023328367973,W1,-53.06019248570631,-142.67245284729142,0.0,0.0,0.0,89.61226036163708,W2,289.78048775540583,-896.0556306791635,0.0,0.0,0.0,1185.8361184345692,Alo,0.0714957289771379,0.07149572897718966,0.0,0.0,0.0,0.0,
43,Rd,0.004977446494040312,-0.00042696293568412325,0.0,0.005569210240993682,0.0,-0.00016480081126924183,Ibias,543.9783890019494,20.007144982155584,0.0,179.90134061096916,0.0,344.0699034088218,W1,-30.641630552020946,-122.65781329284418,0.0,0.0,0.0,92.01618274084394,W2,357.6023758833463,-813.3353486195067,0.0,0.0,0.0,1170.93772450292,Alo,0.14202649851430318,0.1420264985143079,0.0,0.0,0.0,0.0,
44,Rd,-0.002342888876034382,-0.0022139944597730915,0.0,0.0,0.0,-0.00012889441626123566,Ibias,272.05775471978814,-82.3022166460587,0.0,0.0,0.0,354.3599713658502,W1,-165.98050845315433,-219.03060722134467,0.0,0.0,0.0,53.05009876821099,W2,-56.09312149621358,-1115.4518458078142,0.0,0.0,0.0,1059.358724311645,Alo,-0.399219222036545,-0.3992192220365497,0.0,0.0,0.0,0.0,
45,Rd,-0.001998020406469688,-0.0018582090576742946,0.0,0.0,0.0,-0.0001398113487954583,Ibias,287.9524618980886,-64.42532302435227,0.0,0.0,0.0,352.37778492243575,W1,-154.1512647731714,-201.96878996000194,0.0,0.0,0.0,47.817525186816866,W2,-3.829189354574064,-1087.7376434110129,0.0,0.0,0.0,1083.9084540563508,Alo,-0.311364881922925,-0.3113648819229857,0.0,0.0,0.0,0.0,
46,Rd,-0.0014820357234610131,-0.0013315296759117494,0.0,0.0,0.0,-0.00015050604754918357,Ibias,315.35685737866106,-35.14709335928325,0.0,0.0,0.0,350.5039507379493,W1,-125.71284335058299,-168.37351025024284,0.0,0.0,0.0,42.66066689968368,W2,108.41186800042378,-991.8256266152374,0.0,0.0,0.0,1100.2374946156613,Alo,-0.1405854302799081,-0.14058543027989195,0.0,0.0,0.0,0.0,
47,Rd,-0.0009313860160786768,-0.0007738948257954185,0.0,0.0,0.0,-0.00015749119028322266,Ibias,346.73985764990624,-2.4474980108881157,0.0,0.0,0.0,349.18735566079766,W1,-88.53486050796671,-128.5650764172355,0.0,0.0,0.0,40.03021590932638,W2,266.2576079118946,-839.8210123318389,0.0,0.0,0.0,1106.0786202438956,Alo,0.056502076809571485,0.056502076809610516,0.0,0.0,0.0,0.0,
48,Rd,0.005802412196456006,-0.00047614498381162224,0.0,0.006438075923929657,0.0,-0.0001595187436620235,Ibias,614.7237428975484,15.291641769824347,0.0,250.76614848248627,0.0,348.6659526452403,W1,-62.64346976806681,-102.53710292064288,0.0,0.0,0.0,39.89363315256932,W2,354.2451084357163,-742.5888941782017,0.0,0.0,0.0,1096.8340026140577,Alo,0.41091865795670524,0.1573124175175724,0.0,0.25360624043914665,0.0,0.0,
49,Rd,-0.0025129759078516877,-0.002395949026042574,0.0,0.0,0.0,-0.00011702688180911369,Ibias,262.15193949523,-95.00566332460485,0.0,0.0,0.0,357.15760281983586,W1,-138.89108116000284,-202.69203830010792,0.0,0.0,0.0,63.80095714010508,W2,-37.89944414643719,-1003.4002904872735,0.0,0.0,0.0,965.500846341007,Alo,-0.41898566553855054,-0.4189856655384944,0.0,0.0,0.0,0.0,
50,Rd,-0.0022281578180158323,-0.0021004054591771655,0.0,0.0,0.0,-0.0001277523588385929,Ibias,274.29923285014115,-80.84326251698084,0.0,0.0,0.0,355.14249536712634,W1,-131.2622866055223,-189.89303720722702,0.0,0.0,0.0,58.63075060178511,W2,-3.6193174499813714,-994.5360417008809,0.0,0.0,0.0,990.9167242511111,Alo,-0.36015000415144194,-0.36015000415140974,0.0,0.0,0.0,0.0,
51,Rd,-0.0018185840942701117,-0.0016800198492523952,0.0,0.0,0.0,-0.00013856424501773555,Ibias,294.8609222850262,-58.31413539843616,0.0,0.0,0.0,353.1750576834619,W1,-114.31801446867436,-168.08939064185458,0.0,0.0,0.0,53.77137617316022,W2,56.806488130296025,-956.0104194631061,0.0,0.0,0.0,1012.8169075933182,Alo,-0.2384383571688615,-0.23843835716890235,0.0,0.0,0.0,0.0,
52,Rd,-0.0012428062427856054,-0.00109480818525425,0.0,0.0,0.0,-0.00014799805753139484,Ibias,327.3482491967277,-24.09178937257752,0.0,0.0,0.0,351.440038569304,W1,-79.08093245174415,-128.7852688485,0.0,0.0,0.0,49.70433639674925,W2,189.43381405016254,-836.8645769666956,0.0,0.0,0.0,1026.2983910167854,Alo,-0.03350936508116634,-0.03350936508120905,0.0,0.0,0.0,0.0,
53,Rd,-0.0007753398927459327,-0.0006222686842645915,0.0,0.0,0.0,-0.00015307120848137053,Ibias,354.9759343352947,4.562593477780664,0.0,0.0,0.0,350.4133408575102,W1,-45.1810570168443,-93.04498073095615,0.0,0.0,0.0,47.863923714128376,W2,314.82801540181566,-711.5198781614304,0.0,0.0,0.0,1026.3478935631633,Alo,0.13496293800264475,0.1349629380026021,0.0,0.0,0.0,0.0,
54,Rd,0.009428219177074109,-0.000424198206083541,0.0,0.010006150773990908,0.0,-0.00015373339083325527,Ibias,919.3235115735886,16.611388238752834,0.0,552.6013913572493,0.0,350.11073197758554,W1,-312.1435313457706,-74.60921112775804,0.0,-285.7520400520913,0.0,48.21771983417014,W2,3805.8580177549147,-648.0451750728298,0.0,3437.591988294348,0.0,1016.3112045334889,Alo,3.6896190200405576,0.19999420293654602,0.0,3.489624817104007,0.0,0.0,
55,Rd,-0.0028488845915764743,-0.0027657854613962643,0.0,0.0,0.0,-8.3099130180133e-05,Ibias,230.52053568618,-132.76681465734586,0.0,0.0,0.0,363.28735034352707,W1,-61.68487765951442,-144.9478861671979,0.0,0.0,0.0,83.26300850772267,W2,-76.74362665943791,-880.5003624991033,0.0,0.0,0.0,803.7567358398758,Alo,-0.5409872635914108,-0.5409872635913789,0.0,0.0,0.0,0.0,
56,Rd,-0.002636444585016745,-0.0025451441628238777,0.0,0.0,0.0,-9.130042219289647e-05,Ibias,238.7205625865313,-122.65779733752241,0.0,0.0,0.0,361.37835992405934,W1,-65.40997729014099,-145.06104166714263,0.0,0.0,0.0,79.65106437704067,W2,-60.52625111553291,-891.3753371982832,0.0,0.0,0.0,830.849086082792,Alo,-0.5218406638739497,-0.5218406638739705,0.0,0.0,0.0,0.0,
57,Rd,-0.0024242956293306596,-0.0023237810670690582,0.0,0.0,0.0,-0.00010051456226161503,Ibias,247.43575170884475,-111.93435529888235,0.0,0.0,0.0,359.3701070077249,W1,-66.73255225375725,-142.5643860758554,0.0,0.0,0.0,75.83183382207224,W2,-41.10042020100124,-898.4624306998318,0.0,0.0,0.0,857.3620104987476,Alo,-0.49713249833286766,-0.4971324983328268,0.0,0.0,0.0,0.0,
58,Rd,-0.002196938432012066,-0.002086607954919633,0.0,0.0,0.0,-0.00011033047709239517,Ibias,257.8081701283348,-99.4354236202999,0.0,0.0,0.0,357.2435937486341,W1,-65.60279521878495,-136.95135023419746,0.0,0.0,0.0,71.3485550154125,W2,-18.07449047778873,-899.9077191873606,0.0,0.0,0.0,881.8332287095513,Alo,-0.4595547770285644,-0.45955477702859454,0.0,0.0,0.0,0.0,
59,Rd,-0.0019107501738329002,-0.0017900230788101858,0.0,0.0,0.0,-0.00012072709502268427,Ibias,273.2318718280956,-81.82940117301465,0.0,0.0,0.0,355.0612730011128,W1,-57.08542317711439,-123.99439381621644,0.0,0.0,0.0,66.90897063912134,W2,17.636618571087002,-886.6996483549926,0.0,0.0,0.0,904.336266926304,Alo,-0.38697332912723026,-0.3869733291271809,0.0,0.0,0.0,0.0,
60,Rd,-0.0014637930258434302,-0.0013328835040709668,0.0,0.0,0.0,-0.00013090952177248038,Ibias,301.3657347587983,-51.58941627740966,0.0,0.0,0.0,352.95515103620994,W1,-35.04948536476168,-97.57345685969703,0.0,0.0,0.0,62.523971494935346,W2,93.10834854139469,-829.7268856326857,0.0,0.0,0.0,922.8352341741007,Alo,-0.2301205573524287,-0.2301205573524433,0.0,0.0,0.0,0.0,
61,Rd,-0.0008889213001053804,-0.0007502043757762324,0.0,0.0,0.0,-0.00013871692432909576,Ibias,340.6012951780903,-10.737596471117294,0.0,0.0,0.0,351.3388916492122,W1,1.2556320677586772,-58.33593568782216,0.0,0.0,0.0,59.59156775565587,W2,227.7880963446968,-704.2063041245642,0.0,0.0,0.0,931.994400469452,Alo,-0.0015660708588164374,-0.0015660708587705776,0.0,0.0,0.0,0.0,
62,Rd,0.009657236286446685,-0.0004031193141856584,0.0,0.01020193012278969,0.0,-0.00014157452215733522,Ibias,1028.86254234979,14.15262409965529,0.0,664.0586960224028,0.0,350.6512222277292,W1,-482.8432515826918,-31.313152801362712,0.0,-510.334505432871,0.0,58.80440665158339,W2,2719.934882802672,-608.4867620521978,0.0,2400.1224441370123,0.0,928.2992007179619,Alo,3.993977835847663,0.13320993064329048,0.0,3.8607679052043364,0.0,0.0,
63,Rd,-0.002645546384182307,-0.0025743723074694333,0.0,0.0,0.0,-7.117407671290216e-05,Ibias,214.53621044445111,-151.08674112373723,0.0,0.0,0.0,365.6229515681832,W1,-2.1840454783208467,-92.22643174161665,0.0,0.0,0.0,90.04238626322045,W2,-70.88058420542474,-776.7288492457961,0.0,0.0,0.0,705.848265040412,Alo,-0.5978648077187594,-0.5978648077188161,0.0,0.0,0.0,0.0,
64,Rd,-0.0024472705318484105,-0.0023688096154454554,0.0,0.0,0.0,-7.846091640295492e-05,Ibias,223.99549449502095,-139.62706623504346,0.0,0.0,0.0,363.6225607300595,W1,-5.177135980870598,-92.27389183126213,0.0,0.0,0.0,87.09675585041659,W2,-53.31962212183969,-784.1130824342065,0.0,0.0,0.0,730.7934603123667,Alo,-0.5788056972674169,-0.5788056972674169,0.0,0.0,0.0,0.0,
65,Rd,-0.0022534216688977434,-0.002166900789221172,0.0,0.0,0.0,-8.652087967649505e-05,Ibias,233.65822359810915,-127.84791519765737,0.0,0.0,0.0,361.5061387957724,W1,-7.17995224024655,-91.12027270659006,0.0,0.0,0.0,83.94032046633102,W2,-33.13216833210375,-788.410354961808,0.0,0.0,0.0,755.2781866297042,Alo,-0.5563541547524389,-0.5563541547524499,0.0,0.0,0.0,0.0,
66,Rd,-0.002054260835348345,-0.001958628529436995,0.0,0.0,0.0,-9.563230591130839e-05,Ibias,244.36298891490517,-114.88480785442334,0.0,0.0,0.0,359.2477967693348,W1,-6.417474783331911,-86.77069886190894,0.0,0.0,0.0,80.35322407858327,W2,-12.928935764314726,-790.814562976187,0.0,0.0,0.0,777.8856272120114,Alo,-0.5257273683349611,-0.5257273683349022,0.0,0.0,0.0,0.0,
67,Rd,-0.0018165690354853613,-0.0017115210198305683,0.0,0.0,0.0,-0.00010504801565478167,Ibias,259.1013068543746,-97.84471822963411,0.0,0.0,0.0,356.94602508401425,W1,-1.5043482395100893,-78.07395900055471,0.0,0.0,0.0,76.56961076102908,W2,15.795353059732209,-784.2837656555707,0.0,0.0,0.0,800.0791187153524,Alo,-0.4690078242556408,-0.46900782425563026,0.0,0.0,0.0,0.0,
68,Rd,-0.0014583546815215749,-0.001343622775703893,0.0,0.0,0.0,-0.0001147319058176699,Ibias,285.102815301684,-69.53416625748213,0.0,0.0,0.0,354.63698155916506,W1,13.414869412198463,-59.40747276522396,0.0,0.0,0.0,72.82234217740226,W2,64.27129545891168,-754.1216412241637,0.0,0.0,0.0,818.3929366829088,Alo,-0.34289290914446796,-0.34289290914446796,0.0,0.0,0.0,0.0,
69,Rd,-0.0009095535364831947,-0.0007866044674008682,0.0,0.0,0.0,-0.0001229490690823265,Ibias,329.1524073203236,-23.530765480435683,0.0,0.0,0.0,352.6831728007649,W1,47.73603541101613,-21.83869646911244,0.0,0.0,0.0,69.57473188014869,W2,178.54087002083952,-652.4426062046055,0.0,0.0,0.0,830.9834762256542,Alo,-0.10747508697255631,-0.1074750869725127,0.0,0.0,0.0,0.0,
70,Rd,0.009474472596370964,-0.00036331481633122684,0.0,0.009964544949026113,0.0,-0.0001267575363239056,Ibias,1135.0225290752503,12.497232907304939,0.0,770.82977039697,0.0,351.6955257709749,W1,-560.0886891619218,9.056687542890723,0.0,-637.3387234376676,0.0,68.19334673291375,W2,2018.177296279746,-546.5554022076689,0.0,1733.8651969194386,0.0,830.8675015681614,Alo,4.207077546368637,0.07694836275771527,0.0,4.130129183610949,0.0,0.0,
71,Rd,-0.0024265635958107255,-0.0023632443382292545,0.0,0.0,0.0,-6.33192575814711e-05,Ibias,201.83494154137935,-165.55978085257033,0.0,0.0,0.0,367.3947223939524,W1,40.34873159874667,-53.535229075890825,0.0,0.0,0.0,93.8839606746618,W2,-60.53011470148853,-692.0671242250603,0.0,0.0,0.0,631.5370095236109,Alo,-0.6463369402640806,-0.6463369402640446,0.0,0.0,0.0,0.0,
72,Rd,-0.0022426752764764498,-0.0021724609800592544,0.0,0.0,0.0,-7.021429641723229e-05,Ibias,212.35852036680336,-152.9122408264695,0.0,0.0,0.0,365.2707611932689,W1,38.57804616058475,-52.75340917200972,0.0,0.0,0.0,91.33145533254594,W2,-40.77852056718231,-694.9245712857658,0.0,0.0,0.0,654.146050718389,Alo,-0.6270622289868318,-0.6270622289868201,0.0,0.0,0.0,0.0,
73,Rd,-0.0020648245688531445,-0.0019872127331957918,0.0,0.0,0.0,-7.761183565730601e-05,Ibias,223.0386578759864,-140.01658661290455,0.0,0.0,0.0,363.0552444888935,W1,37.73574291948378,-51.052912592104576,0.0,0.0,0.0,88.78865551168525,W2,-22.966732866837614,-699.3644643972654,0.0,0.0,0.0,676.3977315304278,Alo,-0.6050906309535499,-0.6050906309535499,0.0,0.0,0.0,0.0,
74,Rd,-0.0018815021402728619,-0.0017956985767074438,0.0,0.0,0.0,-8.580356356541256e-05,Ibias,234.86930469650406,-125.85477372199806,0.0,0.0,0.0,360.72407841850026,W1,37.08373473589478,-48.52054896251193,0.0,0.0,0.0,85.60428369843089,W2,-3.805691757991338,-702.0854265960049,0.0,0.0,0.0,698.2797348381096,Alo,-0.5762444003763262,-0.5762444003763488,0.0,0.0,0.0,0.0,
75,Rd,-0.0016641092481996386,-0.0015696046204144928,0.0,0.0,0.0,-9.45046277851249e-05,Ibias,250.7201063810361,-107.53919597275575,0.0,0.0,0.0,358.25930235379184,W1,41.849206338189596,-40.58620333707878,0.0,0.0,0.0,82.43540967527139,W2,22.138967007448382,-696.2877697474797,0.0,0.0,0.0,718.4267367550138,Alo,-0.5225871166929688,-0.5225871166929688,0.0,0.0,0.0,0.0,
76,Rd,-0.0013336231470186144,-0.0012299848081029458,0.0,0.0,0.0,-0.00010363833891567413,Ibias,278.95221422198546,-76.88383223479023,0.0,0.0,0.0,355.83604645677684,W1,57.1995622359544,-21.8773216514447,0.0,0.0,0.0,79.07688388741569,W2,67.9095864182468,-667.6488390421903,0.0,0.0,0.0,735.5584254604561,Alo,-0.3976055869812051,-0.3976055869812174,0.0,0.0,0.0,0.0,
77,Rd,-0.0005127235240569644,-0.0004013264190513656,0.0,0.0,0.0,-0.00011139710500559881,Ibias,328.5422560231438,-25.192870182586276,0.0,0.0,0.0,353.73512620573155,W1,90.80717295528875,14.60434395126138,0.0,0.0,0.0,76.20282900400485,W2,175.81431296287982,-570.690012846027,0.0,0.0,0.0,746.5043258088366,Alo,-0.15253785293627098,-0.15253785293627387,0.0,0.0,0.0,0.0,
78,Rd,0.010853030889336241,0.0,0.0,0.0109672582033152,0.0,-0.00011422731397901975,Ibias,1364.0245226493475,0.0,0.0,1010.9757986771662,0.0,353.04872397217866,W1,5.740107171095799,0.0,0.0,-69.41007098575847,0.0,75.15017815680604,W2,3941.490938285559,0.0,0.0,3194.3281904209502,0.0,747.1627478645154,Alo,5.337783159490097,0.0,0.0,5.337783159490097,0.0,0.0,
79,Rd,-0.002261496947051773,-0.0022046341553198768,0.0,0.0,0.0,-5.68627917318961e-05,Ibias,189.66651840601358,-179.0670830792677,0.0,0.0,0.0,368.73360148527536,W1,67.82433875474425,-28.627994570188594,0.0,0.0,0.0,96.4523333249208,W2,-68.70438499704927,-651.7490539483109,0.0,0.0,0.0,583.0446689511457,Alo,-0.7288046119454872,-0.7288046119455134,0.0,0.0,0.0,0.0,
80,Rd,-0.0020908814166934503,-0.002028023463615586,0.0,0.0,0.0,-6.28579530778412e-05,Ibias,201.20198923475635,-165.39068901575664,0.0,0.0,0.0,366.5926782505144,W1,65.52830084645609,-28.675688093221453,0.0,0.0,0.0,94.20398893968957,W2,-49.0683252254829,-653.4800809045071,0.0,0.0,0.0,604.4117556790626,Alo,-0.709958284791583,-0.709958284791583,0.0,0.0,0.0,0.0,
81,Rd,-0.001926456413080691,-0.0018568714254197582,0.0,0.0,0.0,-6.958498766092181e-05,Ibias,212.64070173393975,-151.69182563928538,0.0,0.0,0.0,364.3325273732238,W1,62.907953971520534,-28.83490289858885,0.0,0.0,0.0,91.7428568701214,W2,-31.461009704805377,-656.9267061672226,0.0,0.0,0.0,625.4656964624554,Alo,-0.6909151152497034,-0.690915115249716,0.0,0.0,0.0,0.0,
82,Rd,-0.0017593223182646763,-0.0016822355214925235,0.0,0.0,0.0,-7.70867967721528e-05,Ibias,224.88538458782145,-137.01451403901962,0.0,0.0,0.0,361.8998986268424,W1,61.767272894408755,-26.869560192147105,0.0,0.0,0.0,88.63683308654986,W2,-9.884832936578661,-655.3966438795901,0.0,0.0,0.0,645.5118109430115,Alo,-0.6651624182045072,-0.6651624182044886,0.0,0.0,0.0,0.0,
83,Rd,-0.0015729282578157697,-0.0014876718634760163,0.0,0.0,0.0,-8.52563943397804e-05,Ibias,240.21250041640624,-119.14925382588329,0.0,0.0,0.0,359.3617542422873,W1,65.38913079173997,-20.3679851939986,0.0,0.0,0.0,85.75711598572659,W2,15.360799378654413,-648.5521600782566,0.0,0.0,0.0,663.9129594568169,Alo,-0.6235762164616593,-0.6235762164616684,0.0,0.0,0.0,0.0,
84,Rd,-0.001310593390104915,-0.0012169890134601207,0.0,0.0,0.0,-9.360437664479198e-05,Ibias,265.0549439660285,-91.74314604945536,0.0,0.0,0.0,356.7980900154845,W1,74.33434020921307,-8.347920322905647,0.0,0.0,0.0,82.68226053212472,W2,49.356784096489626,-632.047830922152,0.0,0.0,0.0,681.4046150186416,Alo,-0.5313918586987542,-0.5313918586987608,0.0,0.0,0.0,0.0,
85,Rd,-0.00010157365716180765,0.0,0.0,0.0,0.0,-0.00010157365716180765,Ibias,354.4486828131538,0.0,0.0,0.0,0.0,354.4486828131538,W1,79.85574134332816,0.0,0.0,0.0,0.0,79.85574134332816,W2,693.3741258452612,0.0,0.0,0.0,0.0,693.3741258452612,Alo,0.0,0.0,0.0,0.0,0.0,0.0,
86,Rd,-0.0012981942530890772,-0.001219168580230516,0.0,0.0,0.0,-7.902567285853756e-05,Ibias,246.80855372894194,-112.28685154194181,0.0,0.0,0.0,359.0954052708872,W1,87.6921660518415,0.5044694757257663,0.0,0.0,0.0,87.18769657614425,W2,30.04655327090814,-591.7316149966158,0.0,0.0,0.0,621.778168267634,Alo,-0.535977371004682,-0.5359773710046513,0.0,0.0,0.0,0.0,
87,Rd,-8.623942993531744e-05,0.0,0.0,0.0,0.0,-8.623942993531744e-05,Ibias,356.6128760251085,0.0,0.0,0.0,0.0,356.6128760251085,W1,84.59281900513783,0.0,0.0,0.0,0.0,84.59281900513783,W2,635.7093107579017,0.0,0.0,0.0,0.0,635.7093107579017,Alo,0.0,0.0,0.0,0.0,0.0,0.0,
88,Rd,-0.0012452505068309954,-0.0011767248936875633,0.0,0.0,0.0,-6.85256131434166e-05,Ibias,233.47196598046497,-127.40761940034312,0.0,0.0,0.0,360.87958538080994,W1,99.76696887726064,9.319178874770316,0.0,0.0,0.0,90.44779000250612,W2,18.358339007208624,-557.1210175893751,0.0,0.0,0.0,575.4793565965346,Alo,-0.5259444055169219,-0.5259444055169283,0.0,0.0,0.0,0.0,
89,Rd,-7.504397123422765e-05,0.0,0.0,0.0,0.0,-7.504397123422765e-05,Ibias,358.31030723451073,0.0,0.0,0.0,0.0,358.31030723451073,W1,87.86951549332551,0.0,0.0,0.0,0.0,87.86951549332551,W2,589.2065556776184,0.0,0.0,0.0,0.0,589.2065556776184,Alo,0.0,0.0,0.0,0.0,0.0,0.0,
90,Rd,-0.00117602674441425,-0.0011153145935602644,0.0,0.0,0.0,-6.0712150853994075e-05,Ibias,223.29237301772318,-138.91465569330134,0.0,0.0,0.0,362.2070287110245,W1,111.07279180586627,17.968057466459165,0.0,0.0,0.0,93.1047343394007,W2,11.15096341039646,-526.7023193067358,0.0,0.0,0.0,537.8532827171124,Alo,-0.5084090332198117,-0.5084090332197815,0.0,0.0,0.0,0.0,
91,Rd,-6.656030921976405e-05,0.0,0.0,0.0,0.0,-6.656030921976405e-05,Ibias,359.6535054840617,0.0,0.0,0.0,0.0,359.6535054840617,W1,90.76058423478533,0.0,0.0,0.0,0.0,90.76058423478533,W2,550.6045047197023,0.0,0.0,0.0,0.0,550.6045047197023,Alo,0.0,0.0,0.0,0.0,0.0,0.0,
92,Rd,-5.4480983077891004e-05,0.0,0.0,0.0,0.0,-5.4480983077891004e-05,Ibias,363.3136658813068,0.0,0.0,0.0,0.0,363.3136658813068,W1,95.59035880625147,0.0,0.0,0.0,0.0,95.59035880625147,W2,506.23925531690855,0.0,0.0,0.0,0.0,506.23925531690855,Alo,0.0,0.0,0.0,0.0,0.0,0.0,
93,Rd,-0.0011991678764036123,-0.0011537066331720977,0.0,0.0,0.0,-4.546124323151455e-05,Ibias,179.27274077188258,-187.08232345448218,0.0,0.0,0.0,366.35506422635905,W1,121.56739168614862,21.76452320343407,0.0,0.0,0.0,99.80286848268418,W2,-21.558770460001714,-489.5230987353083,0.0,0.0,0.0,467.96432827530657,Alo,-0.5476375556123447,-0.547637555612381,0.0,0.0,0.0,0.0,
94,Rd,-5.0449472566098094e-05,0.0,0.0,0.0,0.0,-5.0449472566098094e-05,Ibias,363.69825171794446,0.0,0.0,0.0,0.0,363.69825171794446,W1,97.02032274688557,0.0,0.0,0.0,0.0,97.02032274688557,W2,481.33083013282385,0.0,0.0,0.0,0.0,481.33083013282385,Alo,0.0,0.0,0.0,0.0,0.0,0.0,
95,Rd,-0.001102989703442136,-0.0010605481302810459,0.0,0.0,0.0,-4.244157316110352e-05,Ibias,176.27281939134414,-190.34106893595276,0.0,0.0,0.0,366.613888327293,W1,130.68668385080503,29.213025193317794,0.0,0.0,0.0,101.4736586574777,W2,-19.57994963902745,-467.15274498715576,0.0,0.0,0.0,447.57279534811886,Alo,-0.5177574805924319,-0.5177574805924552,0.0,0.0,0.0,0.0,
96,Rd,-4.6886849307960573e-05,0.0,0.0,0.0,0.0,-4.6886849307960573e-05,Ibias,364.00361969445873,0.0,0.0,0.0,0.0,364.00361969445873,W1,98.70367124384413,0.0,0.0,0.0,0.0,98.70367124384413,W2,459.7797332097504,0.0,0.0,0.0,0.0,459.7797332097504,Alo,0.0,0.0,0.0,0.0,0.0,0.0,
97,Rd,-3.979538539099765e-05,0.0,0.0,0.0,0.0,-3.979538539099765e-05,Ibias,366.75280486497525,0.0,0.0,0.0,0.0,366.75280486497525,W1,103.18157672820972,0.0,0.0,0.0,0.0,103.18157672820972,W2,429.2218538124321,0.0,0.0,0.0,0.0,429.2218538124321,Alo,0.0,0.0,0.0,0.0,0.0,0.0,
98,Rd,-0.001072317226110002,-0.0010382458495557013,0.0,0.0,0.0,-3.407137655430595e-05,Ibias,224.0103682679505,-227.54439341396608,0.0,0.0,0.0,451.55476168191757,W1,116.36453457270169,33.87700897359233,0.0,0.0,0.0,82.48752559907943,W2,-36.68989085804463,-438.35841333757645,0.0,0.0,0.0,401.6685224794514,Alo,-0.530432783874109,-0.530432783874109,0.0,0.0,0.0,0.0,
99,Rd,-3.782228850330648e-05,0.0,0.0,0.0,0.0,-3.782228850330648e-05,Ibias,366.545873296114,0.0,0.0,0.0,0.0,366.545873296114,W1,104.48503579781496,0.0,0.0,0.0,0.0,104.48503579781496,W2,414.93772476069137,0.0,0.0,0.0,0.0,414.93772476069137,Alo,0.0,0.0,0.0,0.0,0.0,0.0,
100,Rd,-3.2527182901948174e-05,0.0,0.0,0.0,0.0,-3.2527182901948174e-05,Ibias,372.5455078591783,0.0,0.0,0.0,0.0,372.5455078591783,W1,81.49155876715878,0.0,0.0,0.0,0.0,81.49155876715878,W2,388.6375872934995,0.0,0.0,0.0,0.0,388.6375872934995,Alo,0.0,0.0,0.0,0.0,0.0,0.0,
101,Rd,-0.0010220175220966674,-0.000993736497332742,0.0,0.0,0.0,-2.8281024763931986e-05,Ibias,116.55306169087278,-258.9568347989846,0.0,0.0,0.0,375.5098964898579,W1,118.69068371958122,38.339734828107815,0.0,0.0,0.0,80.35094889148652,W2,-46.79776773533551,-413.6125124863545,0.0,0.0,0.0,366.8147447509976,Alo,-0.5308045200504082,-0.5308045200504082,0.0,0.0,0.0,0.0,
102,Rd,-3.16760580760516e-05,0.0,0.0,0.0,0.0,-3.16760580760516e-05,Ibias,372.3255759821887,0.0,0.0,0.0,0.0,372.3255759821887,W1,80.44101391962755,0.0,0.0,0.0,0.0,80.44101391962755,W2,377.6495599624299,0.0,0.0,0.0,0.0,377.6495599624299,Alo,0.0,0.0,0.0,0.0,0.0,0.0,
103,Rd,-2.7556518365472706e-05,0.0,0.0,0.0,0.0,-2.7556518365472706e-05,Ibias,375.2722743212493,0.0,0.0,0.0,0.0,375.2722743212493,W1,79.29009837508748,0.0,0.0,0.0,0.0,79.29009837508748,W2,356.4377212967135,0.0,0.0,0.0,0.0,356.4377212967135,Alo,0.0,0.0,0.0,0.0,0.0,0.0,
104,Rd,-0.0009654366410024949,-0.0009411677911041463,0.0,0.0,0.0,-2.426884989835075e-05,Ibias,91.15643494203009,-286.86891528281393,0.0,0.0,0.0,378.025350224844,W1,120.53086187329608,42.57968741375297,0.0,0.0,0.0,77.95117445954466,W2,-56.66828176087138,-394.6156006139242,0.0,0.0,0.0,337.9473188530695,Alo,-0.5267638609395915,-0.526763860939598,0.0,0.0,0.0,0.0,
105,Rd,-2.7046291003325723e-05,0.0,0.0,0.0,0.0,-2.7046291003325723e-05,Ibias,374.8261646543404,0.0,0.0,0.0,0.0,374.8261646543404,W1,78.47354190417457,0.0,0.0,0.0,0.0,78.47354190417457,W2,349.27322746920635,0.0,0.0,0.0,0.0,349.27322746920635,Alo,0.0,0.0,0.0,0.0,0.0,0.0,
106,Rd,-2.3838240370468763e-05,0.0,0.0,0.0,0.0,-2.3838240370468763e-05,Ibias,377.60524929653053,0.0,0.0,0.0,0.0,377.60524929653053,W1,77.19225495226878,0.0,0.0,0.0,0.0,77.19225495226878,W2,331.22323816135935,0.0,0.0,0.0,0.0,331.22323816135935,Alo,0.0,0.0,0.0,0.0,0.0,0.0,
107,Rd,-0.000907202927819206,-0.0008860247261262649,0.0,0.0,0.0,-2.1178201692938924e-05,Ibias,68.64808431706813,-311.5282694679339,0.0,0.0,0.0,380.1763537850013,W1,123.31972927424812,47.50829256325433,0.0,0.0,0.0,75.81143671099848,W2,-58.81246953666026,-373.6629953358849,0.0,0.0,0.0,314.85052579923894,Alo,-0.5183668174294391,-0.5183668174294299,0.0,0.0,0.0,0.0,
108,Rd,-2.3624019227377668e-05,0.0,0.0,0.0,0.0,-2.3624019227377668e-05,Ibias,376.9476370801832,0.0,0.0,0.0,0.0,376.9476370801832,W1,76.47922733021238,0.0,0.0,0.0,0.0,76.47922733021238,W2,325.54145708856265,0.0,0.0,0.0,0.0,325.54145708856265,Alo,0.0,0.0,0.0,0.0,0.0,0.0,
109,Rd,-2.1013775233729326e-05,0.0,0.0,0.0,0.0,-2.1013775233729326e-05,Ibias,379.55342136889675,0.0,0.0,0.0,0.0,379.55342136889675,W1,75.15683494662157,0.0,0.0,0.0,0.0,75.15683494662157,W2,309.8291973310937,0.0,0.0,0.0,0.0,309.8291973310937,Alo,0.0,0.0,0.0,0.0,0.0,0.0,
110,Rd,-0.0004021689919737174,-0.00038337475768651115,0.0,0.0,0.0,-1.87942342872091e-05,Ibias,176.1149223546607,-205.8828306633322,0.0,0.0,0.0,381.9977530179914,W1,126.03720511269587,52.189508449282265,0.0,0.0,0.0,73.8476966634136,W2,-58.796597461633404,-354.35376204196143,0.0,0.0,0.0,295.55716458032805,Alo,-0.5057830684991486,-0.5057830684991619,0.0,0.0,0.0,0.0,
111,Rd,-2.0048898259382043e-05,0.0,0.0,0.0,0.0,-2.0048898259382043e-05,Ibias,380.22071504252455,0.0,0.0,0.0,0.0,380.22071504252455,W1,74.43475971668839,0.0,0.0,0.0,0.0,74.43475971668839,W2,301.52046858971244,0.0,0.0,0.0,0.0,301.52046858971244,Alo,0.0,0.0,0.0,0.0,0.0,0.0,
112,Rd,-1.7991838134069524e-05,0.0,0.0,0.0,0.0,-1.7991838134069524e-05,Ibias,382.6195315498653,0.0,0.0,0.0,0.0,382.6195315498653,W1,73.1165590828077,0.0,0.0,0.0,0.0,73.1165590828077,W2,287.96656497117084,0.0,0.0,0.0,0.0,287.96656497117084,Alo,0.0,0.0,0.0,0.0,0.0,0.0,
113,Rd,-0.0008377441338046237,-0.0008215065959506153,0.0,0.0,0.0,-1.6237537854010272e-05,Ibias,15.209039023136613,-369.6627590852815,0.0,0.0,0.0,384.8717981084145,W1,123.75195572525047,51.93983751269736,0.0,0.0,0.0,71.81211821254836,W2,-65.975137041059,-341.5845718837643,0.0,0.0,0.0,275.6094348426861,Alo,-0.5135662818095953,-0.5135662818095922,0.0,0.0,0.0,0.0,
114,Rd,-1.8150878633089913e-05,0.0,0.0,0.0,0.0,-1.8150878633089913e-05,Ibias,381.59684740072396,0.0,0.0,0.0,0.0,381.59684740072396,W1,72.6714417175658,0.0,0.0,0.0,0.0,72.6714417175658,W2,285.3442976905488,0.0,0.0,0.0,0.0,285.3442976905488,Alo,0.0,0.0,0.0,0.0,0.0,0.0,
115,Rd,-1.6370190542012697e-05,0.0,0.0,0.0,0.0,-1.6370190542012697e-05,Ibias,383.9083657972454,0.0,0.0,0.0,0.0,383.9083657972454,W1,71.42797523701529,0.0,0.0,0.0,0.0,71.42797523701529,W2,273.25653982730796,0.0,0.0,0.0,0.0,273.25653982730796,Alo,0.0,0.0,0.0,0.0,0.0,0.0,
116,Rd,-1.4848011495842416e-05,0.0,0.0,0.0,0.0,-1.4848011495842416e-05,Ibias,386.0763174037047,0.0,0.0,0.0,0.0,386.0763174037047,W1,112.2513796010312,42.05222946484823,0.0,0.0,0.0,70.19915013618974,W2,262.10940760855067,0.0,0.0,0.0,0.0,262.10940760855067,Alo,0.0,0.0,0.0,0.0,0.0,0.0,
117,Rd,-0.0007941093218992577,-0.0007805874801269738,0.0,0.0,0.0,-1.3521841772282671e-05,Ibias,-27.426382323429866,-415.5479704977722,0.0,0.0,0.0,388.1215881743455,W1,121.85059002970584,52.759739318182675,0.0,0.0,0.0,69.09085071152954,W2,-71.49233215098705,-323.34005930261685,0.0,0.0,0.0,251.84772715161293,Alo,-0.5167862173325796,-0.5167862173325736,0.0,0.0,0.0,0.0,
118,Rd,-1.5134440031154888e-05,0.0,0.0,0.0,0.0,-1.5134440031154888e-05,Ibias,384.8244012383223,0.0,0.0,0.0,0.0,384.8244012383223,W1,69.9995119791725,0.0,0.0,0.0,0.0,69.9995119791725,W2,261.0624154347207,0.0,0.0,0.0,0.0,261.0624154347207,Alo,0.0,0.0,0.0,0.0,0.0,0.0,
119,Rd,-1.377407672786017e-05,0.0,0.0,0.0,0.0,-1.377407672786017e-05,Ibias,386.9331498123124,0.0,0.0,0.0,0.0,386.9331498123124,W1,68.87008289046523,0.0,0.0,0.0,0.0,68.87008289046523,W2,250.94100006715541,0.0,0.0,0.0,0.0,250.94100006715541,Alo,0.0,0.0,0.0,0.0,0.0,0.0,
120,Rd,-2.592179847880492e-05,-1.3331840923644363e-05,0.0,0.0,0.0,-1.2589957555157532e-05,Ibias,378.65551237642364,-10.273500149476945,0.0,0.0,0.0,388.9290125259029,W1,127.32952022680786,59.549839829524494,0.0,0.0,0.0,67.77968039728336,W2,128.08032506291767,-113.49884849425611,0.0,0.0,0.0,241.57917355719954,Alo,-0.027832351472982977,-0.027832351472976663,0.0,0.0,0.0,0.0,
121,Rd,-1.2617459716074903e-05,0.0,0.0,0.0,0.0,-1.2617459716074903e-05,Ibias,388.8696093051356,0.0,0.0,0.0,0.0,388.8696093051356,W1,67.89343850296761,0.0,0.0,0.0,0.0,67.89343850296761,W2,241.53195108808555,0.0,0.0,0.0,0.0,241.53195108808555,Alo,0.0,0.0,0.0,0.0,0.0,0.0,
122,Rd,-0.0007459414031779569,-0.0007343645662151071,0.0,0.0,0.0,-1.1576836962843934e-05,Ibias,-64.66120656348205,-455.41820483233835,0.0,0.0,0.0,390.7569982688622,W1,123.86054092090038,56.99659775472946,0.0,0.0,0.0,66.86394316618299,W2,-68.93227552244645,-301.7430311388416,0.0,0.0,0.0,232.8107556164508,Alo,-0.5116248421075955,-0.511624842107592,0.0,0.0,0.0,0.0,
123,Rd,-1.296400654347431e-05,0.0,0.0,0.0,0.0,-1.296400654347431e-05,Ibias,387.4522593429138,0.0,0.0,0.0,0.0,387.4522593429138,W1,67.7604928123329,0.0,0.0,0.0,0.0,67.7604928123329,W2,241.46862260651997,0.0,0.0,0.0,0.0,241.46862260651997,Alo,0.0,0.0,0.0,0.0,0.0,0.0,
124,Rd,-1.1887375769366212e-05,0.0,0.0,0.0,0.0,-1.1887375769366212e-05,Ibias,389.4028618668475,0.0,0.0,0.0,0.0,389.4028618668475,W1,66.77250566075905,0.0,0.0,0.0,0.0,66.77250566075905,W2,232.75253172369042,0.0,0.0,0.0,0.0,232.75253172369042,Alo,0.0,0.0,0.0,0.0,0.0,0.0,
125,Rd,-1.0937111820300356e-05,0.0,0.0,0.0,0.0,-1.0937111820300356e-05,Ibias,391.2551272141337,0.0,0.0,0.0,0.0,391.2551272141337,W1,65.82508100433371,0.0,0.0,0.0,0.0,65.82508100433371,W2,224.6742956452717,0.0,0.0,0.0,0.0,224.6742956452717,Alo,0.0,0.0,0.0,0.0,0.0,0.0,
126,Rd,-0.0006995028941495116,-0.0006894057818106741,0.0,0.0,0.0,-1.009711233883805e-05,Ibias,-99.76952197031153,-492.77280695612626,0.0,0.0,0.0,393.0032849858143,W1,124.82762383562826,59.90898141640397,0.0,0.0,0.0,64.91864241921944,W2,-68.23861285708094,-285.41052975213086,0.0,0.0,0.0,217.17191689504023,Alo,-0.5050888237580693,-0.5050888237580765,0.0,0.0,0.0,0.0,
127,Rd,-1.1312379976263606e-05,0.0,0.0,0.0,0.0,-1.1312379976263606e-05,Ibias,389.6977820652669,0.0,0.0,0.0,0.0,389.6977820652669,W1,65.77559190939706,0.0,0.0,0.0,0.0,65.77559190939706,W2,225.24735583385458,0.0,0.0,0.0,0.0,225.24735583385458,Alo,0.0,0.0,0.0,0.0,0.0,0.0,
128,Rd,-1.042326337651543e-05,0.0,0.0,0.0,0.0,-1.042326337651543e-05,Ibias,391.5171000588073,0.0,0.0,0.0,0.0,391.5171000588073,W1,64.91181423120132,0.0,0.0,0.0,0.0,64.91181423120132,W2,217.7520159422992,0.0,0.0,0.0,0.0,217.7520159422992,Alo,0.0,0.0,0.0,0.0,0.0,0.0,
129,Rd,-9.645384294662302e-06,0.0,0.0,0.0,0.0,-9.645384294662302e-06,Ibias,393.23492899005186,0.0,0.0,0.0,0.0,393.23492899005186,W1,64.08985329389024,0.0,0.0,0.0,0.0,64.08985329389024,W2,210.6988641960263,0.0,0.0,0.0,0.0,210.6988641960263,Alo,0.0,0.0,0.0,0.0,0.0,0.0,
130,Rd,-0.00036798048990230894,-0.0003590312864092383,0.0,0.0,0.0,-8.949203493069051e-06,Ibias,20.549398054690663,-374.3267958560033,0.0,0.0,0.0,394.87619391069563,W1,127.8021988429439,64.44505922738358,0.0,0.0,0.0,63.35713961555684,W2,-61.18474781793394,-265.27803872037646,0.0,0.0,0.0,204.09329090247417,Alo,-0.4936593167116072,-0.49365931671159985,0.0,0.0,0.0,0.0,
131,Rd,-9.672819755576325e-06,0.0,0.0,0.0,0.0,-9.672819755576325e-06,Ibias,392.74077964347464,0.0,0.0,0.0,0.0,392.74077964347464,W1,63.96494721972806,0.0,0.0,0.0,0.0,63.96494721972806,W2,209.47404714291457,0.0,0.0,0.0,0.0,209.47404714291457,Alo,0.0,0.0,0.0,0.0,0.0,0.0,
132,Rd,-8.977364384465452e-06,0.0,0.0,0.0,0.0,-8.977364384465452e-06,Ibias,394.382172829993,0.0,0.0,0.0,0.0,394.382172829993,W1,63.22837549905611,0.0,0.0,0.0,0.0,63.22837549905611,W2,202.86744581221438,0.0,0.0,0.0,0.0,202.86744581221438,Alo,0.0,0.0,0.0,0.0,0.0,0.0,
133,Rd,-8.346694423307839e-06,0.0,0.0,0.0,0.0,-8.346694423307839e-06,Ibias,395.9558261934914,0.0,0.0,0.0,0.0,395.9558261934914,W1,62.582105361894094,0.0,0.0,0.0,0.0,62.582105361894094,W2,196.78376206694693,0.0,0.0,0.0,0.0,196.78376206694693,Alo,0.0,0.0,0.0,0.0,0.0,0.0,
134,Rd,-0.0006365965320122092,-0.0006288090499033968,0.0,0.0,0.0,-7.787482108808813e-06,Ibias,-177.34932055067162,-574.7865078522285,0.0,0.0,0.0,397.4371873015539,W1,125.82955958798871,63.87377848355773,0.0,0.0,0.0,61.955781104443304,W2,-62.524691693612674,-253.471344145947,0.0,0.0,0.0,190.9466524523612,Alo,-0.4991061980474495,-0.4991061980474495,0.0,0.0,0.0,0.0,
135,Rd,-8.7194759372352e-06,0.0,0.0,0.0,0.0,-8.7194759372352e-06,Ibias,394.19626801798063,0.0,0.0,0.0,0.0,394.19626801798063,W1,62.63398265343306,0.0,0.0,0.0,0.0,62.63398265343306,W2,198.36816911896946,0.0,0.0,0.0,0.0,198.36816911896946,Alo,0.0,0.0,0.0,0.0,0.0,0.0,
136,Rd,-8.12416090894719e-06,0.0,0.0,0.0,0.0,-8.12416090894719e-06,Ibias,395.7498429403612,0.0,0.0,0.0,0.0,395.7498429403612,W1,62.02867405523758,0.0,0.0,0.0,0.0,62.02867405523758,W2,192.469778595145,0.0,0.0,0.0,0.0,192.469778595145,Alo,0.0,0.0,0.0,0.0,0.0,0.0,
137,Rd,-7.5896922404753136e-06,0.0,0.0,0.0,0.0,-7.5896922404753136e-06,Ibias,397.2235318270739,0.0,0.0,0.0,0.0,397.2235318270739,W1,61.4913181379772,0.0,0.0,0.0,0.0,61.4913181379772,W2,187.03169948423675,0.0,0.0,0.0,0.0,187.03169948423675,Alo,0.0,0.0,0.0,0.0,0.0,0.0,
138,Rd,-7.096007778310581e-06,0.0,0.0,0.0,0.0,-7.096007778310581e-06,Ibias,398.63398849664935,0.0,0.0,0.0,0.0,398.63398849664935,W1,61.022423832760296,0.0,0.0,0.0,0.0,61.022423832760296,W2,181.8464256913638,0.0,0.0,0.0,0.0,181.8464256913638,Alo,0.0,0.0,0.0,0.0,0.0,0.0,
139,Rd,-0.0005989099073692587,-0.0005922538118468228,0.0,0.0,0.0,-6.656095522433981e-06,Ibias,-230.6728829902471,-630.6311972488771,0.0,0.0,0.0,399.95831425863724,W1,127.53363598266708,66.95891777474046,0.0,0.0,0.0,60.57471820794402,W2,-57.09866157922876,-234.0153236691559,0.0,0.0,0.0,176.91666208993695,Alo,-0.4965211301448445,-0.4965211301448316,0.0,0.0,0.0,0.0,
140,Rd,-7.459317236683403e-06,0.0,0.0,0.0,0.0,-7.459317236683403e-06,Ibias,396.7721486568578,0.0,0.0,0.0,0.0,396.7721486568578,W1,61.092096827897294,0.0,0.0,0.0,0.0,61.092096827897294,W2,183.8780562974082,0.0,0.0,0.0,0.0,183.8780562974082,Alo,0.0,0.0,0.0,0.0,0.0,0.0,
141,Rd,-6.986890908043072e-06,0.0,0.0,0.0,0.0,-6.986890908043072e-06,Ibias,398.1776384629051,0.0,0.0,0.0,0.0,398.1776384629051,W1,60.642350525773146,0.0,0.0,0.0,0.0,60.642350525773146,W2,178.81625639433608,0.0,0.0,0.0,0.0,178.81625639433608,Alo,0.0,0.0,0.0,0.0,0.0,0.0,
142,Rd,-6.559032277120484e-06,0.0,0.0,0.0,0.0,-6.559032277120484e-06,Ibias,399.50710860207124,0.0,0.0,0.0,0.0,399.50710860207124,W1,60.26206532199068,0.0,0.0,0.0,0.0,60.26206532199068,W2,174.0822735745222,0.0,0.0,0.0,0.0,174.0822735745222,Alo,0.0,0.0,0.0,0.0,0.0,0.0,
143,Rd,-6.163129102372063e-06,0.0,0.0,0.0,0.0,-6.163129102372063e-06,Ibias,400.7705080163821,0.0,0.0,0.0,0.0,400.7705080163821,W1,59.95172711840847,0.0,0.0,0.0,0.0,59.95172711840847,W2,169.60813349129418,0.0,0.0,0.0,0.0,169.60813349129418,Alo,0.0,0.0,0.0,0.0,0.0,0.0,
144,Rd,-0.0005604518656845476,-0.0005546466112203687,0.0,0.0,0.0,-5.805254464177468e-06,Ibias,-278.1665193427756,-680.1407261196445,0.0,0.0,0.0,401.97420677687313,W1,131.25844124020824,71.59480058038943,0.0,0.0,0.0,59.66364065982591,W2,-48.243473714553815,-213.5686390960219,0.0,0.0,0.0,165.3251653814841,Alo,-0.4877525734153011,-0.4877525734152992,0.0,0.0,0.0,0.0,
145,Rd,-6.5077151988412586e-06,0.0,0.0,0.0,0.0,-6.5077151988412586e-06,Ibias,398.8452140126829,0.0,0.0,0.0,0.0,398.8452140126829,W1,59.97220447673643,0.0,0.0,0.0,0.0,59.97220447673643,W2,171.80992373914043,0.0,0.0,0.0,0.0,171.80992373914043,Alo,0.0,0.0,0.0,0.0,0.0,0.0,
146,Rd,-6.121876195756578e-06,0.0,0.0,0.0,0.0,-6.121876195756578e-06,Ibias,400.122042721355,0.0,0.0,0.0,0.0,400.122042721355,W1,59.68246764032977,0.0,0.0,0.0,0.0,59.68246764032977,W2,167.46465649919344,0.0,0.0,0.0,0.0,167.46465649919344,Alo,0.0,0.0,0.0,0.0,0.0,0.0,
147,Rd,-5.771991223329854e-06,0.0,0.0,0.0,0.0,-5.771991223329854e-06,Ibias,401.3278158842684,0.0,0.0,0.0,0.0,401.3278158842684,W1,59.43944082240204,0.0,0.0,0.0,0.0,59.43944082240204,W2,163.3117376382079,0.0,0.0,0.0,0.0,163.3117376382079,Alo,0.0,0.0,0.0,0.0,0.0,0.0,
148,Rd,-5.446210360970959e-06,0.0,0.0,0.0,0.0,-5.446210360970959e-06,Ibias,402.4808314764025,0.0,0.0,0.0,0.0,402.4808314764025,W1,59.26768980498056,0.0,0.0,0.0,0.0,59.26768980498056,W2,159.35295646056514,0.0,0.0,0.0,0.0,159.35295646056514,Alo,0.0,0.0,0.0,0.0,0.0,0.0,
149,Rd,-5.150290002008505e-06,0.0,0.0,0.0,0.0,-5.150290002008505e-06,Ibias,403.55750269339876,0.0,0.0,0.0,0.0,403.55750269339876,W1,59.094814722981816,0.0,0.0,0.0,0.0,59.094814722981816,W2,155.5900255919623,0.0,0.0,0.0,0.0,155.5900255919623,Alo,0.0,0.0,0.0,0.0,0.0,0.0,
150,Rd,-0.0005293257359418376,-0.0005244474560205939,0.0,0.0,0.0,-4.878279921245044e-06,Ibias,-352.119131964214,-756.7090139468548,0.0,0.0,0.0,404.58988198264393,W1,133.90188900071522,74.8837621337978,0.0,0.0,0.0,59.01812686692248,W2,-41.57025127576328,-193.594835621752,0.0,0.0,0.0,152.02458434600607,Alo,-0.48916511726232453,-0.48916511726232353,0.0,0.0,0.0,0.0,
151,Rd,-5.466339958217649e-06,0.0,0.0,0.0,0.0,-5.466339958217649e-06,Ibias,401.57833204053287,0.0,0.0,0.0,0.0,401.57833204053287,W1,59.063319473326544,0.0,0.0,0.0,0.0,59.063319473326544,W2,158.17558061170766,0.0,0.0,0.0,0.0,158.17558061170766,Alo,0.0,0.0,0.0,0.0,0.0,0.0,
152,Rd,-5.170078034034032e-06,0.0,0.0,0.0,0.0,-5.170078034034032e-06,Ibias,402.6971907362455,0.0,0.0,0.0,0.0,402.6971907362455,W1,58.9611714740261,0.0,0.0,0.0,0.0,58.9611714740261,W2,154.4759906611359,0.0,0.0,0.0,0.0,154.4759906611359,Alo,0.0,0.0,0.0,0.0,0.0,0.0,
153,Rd,-4.896443243446406e-06,0.0,0.0,0.0,0.0,-4.896443243446406e-06,Ibias,403.7370266742993,0.0,0.0,0.0,0.0,403.7370266742993,W1,58.858247698286,0.0,0.0,0.0,0.0,58.858247698286,W2,150.90302678689508,0.0,0.0,0.0,0.0,150.90302678689508,Alo,0.0,0.0,0.0,0.0,0.0,0.0,
154,Rd,-4.6398376048277855e-06,0.0,0.0,0.0,0.0,-4.6398376048277855e-06,Ibias,404.7366934700834,0.0,0.0,0.0,0.0,404.7366934700834,W1,-143.0045055888324,0.0,0.0,0.0,0.0,-143.0045055888324,W2,147.6010785796654,0.0,0.0,0.0,0.0,147.6010785796654,Alo,0.0,0.0,0.0,0.0,0.0,0.0,
155,Rd,-4.405713193882437e-06,0.0,0.0,0.0,0.0,-4.405713193882437e-06,Ibias,409.3950515002747,0.0,0.0,0.0,0.0,409.3950515002747,W1,48.211762259742294,0.0,0.0,0.0,0.0,48.211762259742294,W2,144.21346195132898,0.0,0.0,0.0,0.0,144.21346195132898,Alo,0.0,0.0,0.0,0.0,0.0,0.0,
156,Rd,-0.0004967134719576439,-0.0004925304925555094,0.0,0.0,0.0,-4.182979402133758e-06,Ibias,-415.16628545466705,-825.820854959603,0.0,0.0,0.0,410.6545695049389,W1,129.55831558757546,82.09074192489673,0.0,0.0,0.0,47.46757366267534,W2,-25.74778306010471,-166.77511015913626,0.0,0.0,0.0,141.027327099049,Alo,-0.48267807586472866,-0.48267807586472866,0.0,0.0,0.0,0.0,
157,Rd,-4.7085773310283775e-06,0.0,0.0,0.0,0.0,-4.7085773310283775e-06,Ibias,403.6876866398362,0.0,0.0,0.0,0.0,403.6876866398362,W1,-145.48106894795524,0.0,0.0,0.0,0.0,-145.48106894795524,W2,147.05246320832399,0.0,0.0,0.0,0.0,147.05246320832399,Alo,0.0,0.0,0.0,0.0,0.0,0.0,
158,Rd,-4.461151605955898e-06,0.0,0.0,0.0,0.0,-4.461151605955898e-06,Ibias,408.4261932495302,0.0,0.0,0.0,0.0,408.4261932495302,W1,47.925013740252346,0.0,0.0,0.0,0.0,47.925013740252346,W2,143.73087925025422,0.0,0.0,0.0,0.0,143.73087925025422,Alo,0.0,0.0,0.0,0.0,0.0,0.0,
159,Rd,-4.24015675913243e-06,0.0,0.0,0.0,0.0,-4.24015675913243e-06,Ibias,409.7006345349787,0.0,0.0,0.0,0.0,409.7006345349787,W1,47.20484789320152,0.0,0.0,0.0,0.0,47.20484789320152,W2,140.68323627654576,0.0,0.0,0.0,0.0,140.68323627654576,Alo,0.0,0.0,0.0,0.0,0.0,0.0,
160,Rd,-4.035115949579382e-06,0.0,0.0,0.0,0.0,-4.035115949579382e-06,Ibias,410.9373049067775,0.0,0.0,0.0,0.0,410.9373049067775,W1,46.481793588591586,0.0,0.0,0.0,0.0,46.481793588591586,W2,137.69535517066194,0.0,0.0,0.0,0.0,137.69535517066194,Alo,0.0,0.0,0.0,0.0,0.0,0.0,
161,Rd,-3.840782666358568e-06,0.0,0.0,0.0,0.0,-3.840782666358568e-06,Ibias,412.15928303823057,0.0,0.0,0.0,0.0,412.15928303823057,W1,45.804855373575045,0.0,0.0,0.0,0.0,45.804855373575045,W2,134.83991422102724,0.0,0.0,0.0,0.0,134.83991422102724,Alo,0.0,0.0,0.0,0.0,0.0,0.0,
162,Rd,-0.00046384592343908437,-0.0004601836071526253,0.0,0.0,0.0,-3.6623162864602443e-06,Ibias,-474.8437166008234,-888.1733835239478,0.0,0.0,0.0,413.32966692312084,W1,134.7980838691572,89.67279387505761,0.0,0.0,0.0,45.12528999409493,W2,-10.724166346328605,-142.8420210256518,0.0,0.0,0.0,132.11785467931318,Alo,-0.47033268640016307,-0.4703326864001598,0.0,0.0,0.0,0.0,
163,Rd,-4.111294880802612e-06,0.0,0.0,0.0,0.0,-4.111294880802612e-06,Ibias,409.6972914905623,0.0,0.0,0.0,0.0,409.6972914905623,W1,46.485908394958045,0.0,0.0,0.0,0.0,46.485908394958045,W2,137.569014251821,0.0,0.0,0.0,0.0,137.569014251821,Alo,0.0,0.0,0.0,0.0,0.0,0.0,
164,Rd,-3.917597800424675e-06,0.0,0.0,0.0,0.0,-3.917597800424675e-06,Ibias,410.9375681972812,0.0,0.0,0.0,0.0,410.9375681972812,W1,45.82974796730892,0.0,0.0,0.0,0.0,45.82974796730892,W2,134.70950610217784,0.0,0.0,0.0,0.0,134.70950610217784,Alo,0.0,0.0,0.0,0.0,0.0,0.0,
165,Rd,-3.7291112342167895e-06,0.0,0.0,0.0,0.0,-3.7291112342167895e-06,Ibias,412.1552587070545,0.0,0.0,0.0,0.0,412.1552587070545,W1,45.1956784561424,0.0,0.0,0.0,0.0,45.1956784561424,W2,132.05579844316733,0.0,0.0,0.0,0.0,132.05579844316733,Alo,0.0,0.0,0.0,0.0,0.0,0.0,
166,Rd,-3.5605236750437726e-06,0.0,0.0,0.0,0.0,-3.5605236750437726e-06,Ibias,413.3343226502516,0.0,0.0,0.0,0.0,413.3343226502516,W1,44.53453289205282,0.0,0.0,0.0,0.0,44.53453289205282,W2,129.46448572666674,0.0,0.0,0.0,0.0,129.46448572666674,Alo,0.0,0.0,0.0,0.0,0.0,0.0,
167,Rd,-3.401980597756741e-06,0.0,0.0,0.0,0.0,-3.401980597756741e-06,Ibias,414.480566766785,0.0,0.0,0.0,0.0,414.480566766785,W1,43.92029225864425,0.0,0.0,0.0,0.0,43.92029225864425,W2,126.93609432387562,0.0,0.0,0.0,0.0,126.93609432387562,Alo,0.0,0.0,0.0,0.0,0.0,0.0,
168,Rd,-3.2485535059164417e-06,0.0,0.0,0.0,0.0,-3.2485535059164417e-06,Ibias,415.611929113119,0.0,0.0,0.0,0.0,415.611929113119,W1,91.16357054243733,47.859785115648066,0.0,0.0,0.0,43.30378542678927,W2,124.5436283213528,0.0,0.0,0.0,0.0,124.5436283213528,Alo,0.0,0.0,0.0,0.0,0.0,0.0,
169,Rd,-0.0004368464819940899,-0.000433736462564272,0.0,0.0,0.0,-3.1100194298180487e-06,Ibias,-563.3364712774567,-980.017168307478,0.0,0.0,0.0,416.6806970300204,W1,139.15262580421222,96.38895426463448,0.0,0.0,0.0,42.763671539576876,W2,6.517909804659158,-115.62484700312031,0.0,0.0,0.0,122.14275680778827,Alo,-0.4638132758440144,-0.46381327584401216,0.0,0.0,0.0,0.0,
170,Rd,-3.491838276830721e-06,0.0,0.0,0.0,0.0,-3.491838276830721e-06,Ibias,413.0222576091963,0.0,0.0,0.0,0.0,413.0222576091963,W1,44.11403360103682,0.0,0.0,0.0,0.0,44.11403360103682,W2,127.30885213970184,0.0,0.0,0.0,0.0,127.30885213970184,Alo,0.0,0.0,0.0,0.0,0.0,0.0,
171,Rd,-3.3373768152747964e-06,0.0,0.0,0.0,0.0,-3.3373768152747964e-06,Ibias,414.17849214974063,0.0,0.0,0.0,0.0,414.17849214974063,W1,43.51845775372038,0.0,0.0,0.0,0.0,43.51845775372038,W2,124.98653399469845,0.0,0.0,0.0,0.0,124.98653399469845,Alo,0.0,0.0,0.0,0.0,0.0,0.0,
172,Rd,-3.1923873863203164e-06,0.0,0.0,0.0,0.0,-3.1923873863203164e-06,Ibias,415.286472315808,0.0,0.0,0.0,0.0,415.286472315808,W1,42.92072012907942,0.0,0.0,0.0,0.0,42.92072012907942,W2,122.58336484777097,0.0,0.0,0.0,0.0,122.58336484777097,Alo,0.0,0.0,0.0,0.0,0.0,0.0,
173,Rd,-3.056843588778827e-06,0.0,0.0,0.0,0.0,-3.056843588778827e-06,Ibias,416.3875457445753,0.0,0.0,0.0,0.0,416.3875457445753,W1,42.345772567938496,0.0,0.0,0.0,0.0,42.345772567938496,W2,120.3174026063541,0.0,0.0,0.0,0.0,120.3174026063541,Alo,0.0,0.0,0.0,0.0,0.0,0.0,
174,Rd,-2.93072089940674e-06,0.0,0.0,0.0,0.0,-2.93072089940674e-06,Ibias,417.4576272850406,0.0,0.0,0.0,0.0,417.4576272850406,W1,41.79375296007976,0.0,0.0,0.0,0.0,41.79375296007976,W2,118.1894260505401,0.0,0.0,0.0,0.0,118.1894260505401,Alo,0.0,0.0,0.0,0.0,0.0,0.0,
175,Rd,-2.8093758632080164e-06,0.0,0.0,0.0,0.0,-2.8093758632080164e-06,Ibias,418.5109112967143,0.0,0.0,0.0,0.0,418.5109112967143,W1,41.26479563733699,0.0,0.0,0.0,0.0,41.26479563733699,W2,116.05438861511314,0.0,0.0,0.0,0.0,116.05438861511314,Alo,0.0,0.0,0.0,0.0,0.0,0.0,
176,Rd,-0.0004085406956559713,-0.0004058432822262054,0.0,0.0,0.0,-2.6974134297644863e-06,Ibias,-641.9977029961515,-1061.5311188167682,0.0,0.0,0.0,419.5334158206159,W1,145.04329959232908,104.33427916534022,0.0,0.0,0.0,40.70902042699361,W2,31.432286232486444,-82.6260738996833,0.0,0.0,0.0,114.05836013217862,Alo,-0.45214633646843533,-0.45214633646843,0.0,0.0,0.0,0.0,
177,Rd,-3.0323031208322095e-06,0.0,0.0,0.0,0.0,-3.0323031208322095e-06,Ibias,415.86270425300023,0.0,0.0,0.0,0.0,415.86270425300023,W1,42.023257248487965,0.0,0.0,0.0,0.0,42.023257248487965,W2,118.93306043962178,0.0,0.0,0.0,0.0,118.93306043962178,Alo,0.0,0.0,0.0,0.0,0.0,0.0,
178,Rd,-2.9042829260306266e-06,0.0,0.0,0.0,0.0,-2.9042829260306266e-06,Ibias,416.9436056675037,0.0,0.0,0.0,0.0,416.9436056675037,W1,41.491766901607875,0.0,0.0,0.0,0.0,41.491766901607875,W2,116.86934953991123,0.0,0.0,0.0,0.0,116.86934953991123,Alo,0.0,0.0,0.0,0.0,0.0,0.0,
179,Rd,-2.7851607861403054e-06,0.0,0.0,0.0,0.0,-2.7851607861403054e-06,Ibias,418.0066949221345,0.0,0.0,0.0,0.0,418.0066949221345,W1,40.98358218831063,0.0,0.0,0.0,0.0,40.98358218831063,W2,114.79888340127481,0.0,0.0,0.0,0.0,114.79888340127481,Alo,0.0,0.0,0.0,0.0,0.0,0.0,
180,Rd,-2.674915104404564e-06,0.0,0.0,0.0,0.0,-2.674915104404564e-06,Ibias,419.0367870168807,0.0,0.0,0.0,0.0,419.0367870168807,W1,40.47367686318548,0.0,0.0,0.0,0.0,40.47367686318548,W2,112.8680732395226,0.0,0.0,0.0,0.0,112.8680732395226,Alo,0.0,0.0,0.0,0.0,0.0,0.0,
181,Rd,-2.5691639128793666e-06,0.0,0.0,0.0,0.0,-2.5691639128793666e-06,Ibias,420.0457217342786,0.0,0.0,0.0,0.0,420.0457217342786,W1,39.962071014288426,0.0,0.0,0.0,0.0,39.962071014288426,W2,111.0043966885828,0.0,0.0,0.0,0.0,111.0043966885828,Alo,0.0,0.0,0.0,0.0,0.0,0.0,
182,Rd,-2.472255430119663e-06,0.0,0.0,0.0,0.0,-2.472255430119663e-06,Ibias,421.03064696725426,0.0,0.0,0.0,0.0,421.03064696725426,W1,39.47399173921303,0.0,0.0,0.0,0.0,39.47399173921303,W2,109.13494703151217,0.0,0.0,0.0,0.0,109.13494703151217,Alo,0.0,0.0,0.0,0.0,0.0,0.0,
183,Rd,-0.00024207217338690813,-0.0002396923600529268,0.0,0.0,0.0,-2.3798133339824655e-06,Ibias,-418.63324490833395,-840.620861320494,0.0,0.0,0.0,421.98761641215606,W1,153.78577202437944,114.80144285330633,0.0,0.0,0.0,38.98432917106568,W2,59.758197054601105,-47.50162010836677,0.0,0.0,0.0,107.25981716293798,Alo,-0.42979322050831165,-0.4297932205083152,0.0,0.0,0.0,0.0,
184,Rd,-2.5880487474478805e-06,0.0,0.0,0.0,0.0,-2.5880487474478805e-06,Ibias,419.3638288695324,0.0,0.0,0.0,0.0,419.3638288695324,W1,39.985720101972255,0.0,0.0,0.0,0.0,39.985720101972255,W2,110.73474008084753,0.0,0.0,0.0,0.0,110.73474008084753,Alo,0.0,0.0,0.0,0.0,0.0,0.0,
185,Rd,-2.4860579215002847e-06,0.0,0.0,0.0,0.0,-2.4860579215002847e-06,Ibias,420.3685204030221,0.0,0.0,0.0,0.0,420.3685204030221,W1,39.494825514266914,0.0,0.0,0.0,0.0,39.494825514266914,W2,108.9349688639235,0.0,0.0,0.0,0.0,108.9349688639235,Alo,0.0,0.0,0.0,0.0,0.0,0.0,
186,Rd,-2.392595194764814e-06,0.0,0.0,0.0,0.0,-2.392595194764814e-06,Ibias,421.34920292903746,0.0,0.0,0.0,0.0,421.34920292903746,W1,39.05306466809188,0.0,0.0,0.0,0.0,39.05306466809188,W2,107.20321925798211,0.0,0.0,0.0,0.0,107.20321925798211,Alo,0.0,0.0,0.0,0.0,0.0,0.0,
187,Rd,-2.307643463455443e-06,0.0,0.0,0.0,0.0,-2.307643463455443e-06,Ibias,422.30082779362056,0.0,0.0,0.0,0.0,422.30082779362056,W1,38.55912055682538,0.0,0.0,0.0,0.0,38.55912055682538,W2,105.39276156035876,0.0,0.0,0.0,0.0,105.39276156035876,Alo,0.0,0.0,0.0,0.0,0.0,0.0,
188,Rd,-2.2227831061653294e-06,0.0,0.0,0.0,0.0,-2.2227831061653294e-06,Ibias,423.2489525992598,0.0,0.0,0.0,0.0,423.2489525992598,W1,38.13985617291556,0.0,0.0,0.0,0.0,38.13985617291556,W2,103.72424901007189,0.0,0.0,0.0,0.0,103.72424901007189,Alo,0.0,0.0,0.0,0.0,0.0,0.0,
189,Rd,-0.00033266532722541685,-0.00033052731644273454,0.0,0.0,0.0,-2.1380107826825955e-06,Ibias,-775.8155531159169,-1199.9878711254555,0.0,0.0,0.0,424.17231800953505,W1,160.47655332828836,122.7572696947949,0.0,0.0,0.0,37.719283633490825,W2,84.91827284809975,-17.28003333223316,0.0,0.0,0.0,102.1983061803329,Alo,-0.4143560605634274,-0.4143560605634259,0.0,0.0,0.0,0.0,
190,Rd,-2.397615256127468e-06,0.0,0.0,0.0,0.0,-2.397615256127468e-06,Ibias,420.58127061275616,0.0,0.0,0.0,0.0,420.58127061275616,W1,38.96062543640235,0.0,0.0,0.0,0.0,38.96062543640235,W2,106.60303528100513,0.0,0.0,0.0,0.0,106.60303528100513,Alo,0.0,0.0,0.0,0.0,0.0,0.0,
191,Rd,-2.312796731437634e-06,0.0,0.0,0.0,0.0,-2.312796731437634e-06,Ibias,421.5265886763329,0.0,0.0,0.0,0.0,421.5265886763329,W1,38.48853744463654,0.0,0.0,0.0,0.0,38.48853744463654,W2,104.85986725400049,0.0,0.0,0.0,0.0,104.85986725400049,Alo,0.0,0.0,0.0,0.0,0.0,0.0,
192,Rd,-2.2280743763688144e-06,0.0,0.0,0.0,0.0,-2.2280743763688144e-06,Ibias,422.4898584751693,0.0,0.0,0.0,0.0,422.4898584751693,W1,38.066107997871,0.0,0.0,0.0,0.0,38.066107997871,W2,103.25926411897385,0.0,0.0,0.0,0.0,103.25926411897385,Alo,0.0,0.0,0.0,0.0,0.0,0.0,
193,Rd,-2.1474362046132705e-06,0.0,0.0,0.0,0.0,-2.1474362046132705e-06,Ibias,423.41834971708425,0.0,0.0,0.0,0.0,423.41834971708425,W1,37.64237230764074,0.0,0.0,0.0,0.0,37.64237230764074,W2,101.72796500386268,0.0,0.0,0.0,0.0,101.72796500386268,Alo,0.0,0.0,0.0,0.0,0.0,0.0,
194,Rd,-2.070873195186953e-06,0.0,0.0,0.0,0.0,-2.070873195186953e-06,Ibias,424.32006683280446,0.0,0.0,0.0,0.0,424.32006683280446,W1,37.21734400589371,0.0,0.0,0.0,0.0,37.21734400589371,W2,100.11841608292289,0.0,0.0,0.0,0.0,100.11841608292289,Alo,0.0,0.0,0.0,0.0,0.0,0.0,
195,Rd,-1.9983768510158156e-06,0.0,0.0,0.0,0.0,-1.9983768510158156e-06,Ibias,425.22002368386285,0.0,0.0,0.0,0.0,425.22002368386285,W1,36.816675151272804,0.0,0.0,0.0,0.0,36.816675151272804,W2,98.6524433939624,0.0,0.0,0.0,0.0,98.6524433939624,Alo,0.0,0.0,0.0,0.0,0.0,0.0,
196,Rd,-1.9339266494048837e-06,0.0,0.0,0.0,0.0,-1.9339266494048837e-06,Ibias,426.09357416306284,0.0,0.0,0.0,0.0,426.09357416306284,W1,36.41481273361422,0.0,0.0,0.0,0.0,36.41481273361422,W2,97.18248263148992,0.0,0.0,0.0,0.0,97.18248263148992,Alo,0.0,0.0,0.0,0.0,0.0,0.0,
197,Rd,-0.00034065860974042734,-0.00033878907210480237,0.0,0.0,0.0,-1.8695376356233458e-06,Ibias,-871.2965908237979,-1298.2447748430995,0.0,0.0,0.0,426.9481840193056,W1,170.89305799416235,134.85560301581285,0.0,0.0,0.0,36.0374549783571,W2,122.24669794676677,26.463972090734405,0.0,0.0,0.0,95.78272585604137,Alo,-0.39544926060532737,-0.39544926060532726,0.0,0.0,0.0,0.0,
198,Rd,-2.0927552421994264e-06,0.0,0.0,0.0,0.0,-2.0927552421994264e-06,Ibias,423.28194856474107,0.0,0.0,0.0,0.0,423.28194856474107,W1,37.24336374427735,0.0,0.0,0.0,0.0,37.24336374427735,W2,100.03164466910127,0.0,0.0,0.0,0.0,100.03164466910127,Alo,0.0,0.0,0.0,0.0,0.0,0.0,
199,Rd,-2.0240307310424798e-06,0.0,0.0,0.0,0.0,-2.0240307310424798e-06,Ibias,424.1828607508169,0.0,0.0,0.0,0.0,424.1828607508169,W1,36.839808313731105,0.0,0.0,0.0,0.0,36.839808313731105,W2,98.48664895652857,0.0,0.0,0.0,0.0,98.48664895652857,Alo,0.0,0.0,0.0,0.0,0.0,0.0,
200,Rd,-1.9553782959779344e-06,0.0,0.0,0.0,0.0,-1.9553782959779344e-06,Ibias,425.06048241480534,0.0,0.0,0.0,0.0,425.06048241480534,W1,36.435058188151196,0.0,0.0,0.0,0.0,36.435058188151196,W2,97.08604012173315,0.0,0.0,0.0,0.0,97.08604012173315,Alo,0.0,0.0,0.0,0.0,0.0,0.0,
201,Rd,-1.890569094584828e-06,0.0,0.0,0.0,0.0,-1.890569094584828e-06,Ibias,425.93971931869226,0.0,0.0,0.0,0.0,425.93971931869226,W1,36.054971553839856,0.0,0.0,0.0,0.0,36.054971553839856,W2,95.68169467496531,0.0,0.0,0.0,0.0,95.68169467496531,Alo,0.0,0.0,0.0,0.0,0.0,0.0,
202,Rd,-1.8258234680510631e-06,0.0,0.0,0.0,0.0,-1.8258234680510631e-06,Ibias,426.7939974820961,0.0,0.0,0.0,0.0,426.7939974820961,W1,35.69965434923961,0.0,0.0,0.0,0.0,35.69965434923961,W2,94.34807128292007,0.0,0.0,0.0,0.0,94.34807128292007,Alo,0.0,0.0,0.0,0.0,0.0,0.0,
203,Rd,-1.7649104266323846e-06,0.0,0.0,0.0,0.0,-1.7649104266323846e-06,Ibias,427.6300272226499,0.0,0.0,0.0,0.0,427.6300272226499,W1,35.34331758394249,0.0,0.0,0.0,0.0,35.34331758394249,W2,93.01099801821023,0.0,0.0,0.0,0.0,93.01099801821023,Alo,0.0,0.0,0.0,0.0,0.0,0.0,
204,Rd,-1.7115932942030428e-06,0.0,0.0,0.0,0.0,-1.7115932942030428e-06,Ibias,428.45467060747023,0.0,0.0,0.0,0.0,428.45467060747023,W1,34.98597078117462,0.0,0.0,0.0,0.0,34.98597078117462,W2,91.67052164201698,0.0,0.0,0.0,0.0,91.67052164201698,Alo,0.0,0.0,0.0,0.0,0.0,0.0,
205,Rd,-0.0002105411397808225,-0.0002088828162678455,0.0,0.0,0.0,-1.658323512977452e-06,Ibias,-597.8770087655543,-1027.1334113126659,0.0,0.0,0.0,429.25640254710964,W1,185.7353019650748,151.08174015816127,0.0,0.0,0.0,34.653561806910616,W2,167.32692753762694,76.92564990304024,0.0,0.0,0.0,90.40127763458086,Alo,-0.35636652180197886,-0.35636652180198175,0.0,0.0,0.0,0.0,
206,Rd,-1.800742862741011e-06,0.0,0.0,0.0,0.0,-1.800742862741011e-06,Ibias,426.60172621111116,0.0,0.0,0.0,0.0,426.60172621111116,W1,35.54032906464063,0.0,0.0,0.0,0.0,35.54032906464063,W2,93.44746223899327,0.0,0.0,0.0,0.0,93.44746223899327,Alo,0.0,0.0,0.0,0.0,0.0,0.0,
207,Rd,-1.741976551881005e-06,0.0,0.0,0.0,0.0,-1.741976551881005e-06,Ibias,427.44976870198894,0.0,0.0,0.0,0.0,427.44976870198894,W1,35.180990331671175,0.0,0.0,0.0,0.0,35.180990331671175,W2,92.17898362981809,0.0,0.0,0.0,0.0,92.17898362981809,Alo,0.0,0.0,0.0,0.0,0.0,0.0,
208,Rd,-1.6869009213356357e-06,0.0,0.0,0.0,0.0,-1.6869009213356357e-06,Ibias,428.2566207871122,0.0,0.0,0.0,0.0,428.2566207871122,W1,34.84672843612753,0.0,0.0,0.0,0.0,34.84672843612753,W2,90.9073122931247,0.0,0.0,0.0,0.0,90.9073122931247,Alo,0.0,0.0,0.0,0.0,0.0,0.0,
209,Rd,-1.635509778958334e-06,0.0,0.0,0.0,0.0,-1.635509778958334e-06,Ibias,429.06460614420394,0.0,0.0,0.0,0.0,429.06460614420394,W1,34.51153792775882,0.0,0.0,0.0,0.0,34.51153792775882,W2,89.70730880121222,0.0,0.0,0.0,0.0,89.70730880121222,Alo,0.0,0.0,0.0,0.0,0.0,0.0,
210,Rd,-1.5841638845681453e-06,0.0,0.0,0.0,0.0,-1.5841638845681453e-06,Ibias,429.8619520945433,0.0,0.0,0.0,0.0,429.8619520945433,W1,34.20155516596341,0.0,0.0,0.0,0.0,34.20155516596341,W2,88.50437121363952,0.0,0.0,0.0,0.0,88.50437121363952,Alo,0.0,0.0,0.0,0.0,0.0,0.0,
211,Rd,-1.5364941978465057e-06,0.0,0.0,0.0,0.0,-1.5364941978465057e-06,Ibias,430.63559732874626,0.0,0.0,0.0,0.0,430.63559732874626,W1,170.08337054356943,136.19264348392457,0.0,0.0,0.0,33.89072705964486,W2,119.18284176395511,31.809370225644603,0.0,0.0,0.0,87.37347153831882,Alo,0.0,0.0,0.0,0.0,0.0,0.0,
212,Rd,-0.00029842201236998704,-0.0002969331483971634,0.0,0.0,0.0,-1.4888639728254791e-06,Ibias,-1023.400981650511,-1454.7329906574216,0.0,0.0,0.0,431.3320090069074,W1,195.3525759747802,161.68562024434544,0.0,0.0,0.0,33.66695573042882,W2,204.18807827047718,117.99938714266538,0.0,0.0,0.0,86.18869112780007,Alo,-0.3335875186569476,-0.33358751865695224,0.0,0.0,0.0,0.0,
213,Rd,-1.6688850134175277e-06,0.0,0.0,0.0,0.0,-1.6688850134175277e-06,Ibias,427.70262423499827,0.0,0.0,0.0,0.0,427.70262423499827,W1,34.75143429265049,0.0,0.0,0.0,0.0,34.75143429265049,W2,90.03134386278411,0.0,0.0,0.0,0.0,90.03134386278411,Alo,0.0,0.0,0.0,0.0,0.0,0.0,
214,Rd,-1.6201017959470913e-06,0.0,0.0,0.0,0.0,-1.6201017959470913e-06,Ibias,428.5111014746811,0.0,0.0,0.0,0.0,428.5111014746811,W1,34.411779750484314,0.0,0.0,0.0,0.0,34.411779750484314,W2,88.82406110025545,0.0,0.0,0.0,0.0,88.82406110025545,Alo,0.0,0.0,0.0,0.0,0.0,0.0,
215,Rd,-1.567917420707203e-06,0.0,0.0,0.0,0.0,-1.567917420707203e-06,Ibias,429.31602558675615,0.0,0.0,0.0,0.0,429.31602558675615,W1,34.097618670620875,0.0,0.0,0.0,0.0,34.097618670620875,W2,87.68907646072317,0.0,0.0,0.0,0.0,87.68907646072317,Alo,0.0,0.0,0.0,0.0,0.0,0.0,
216,Rd,-1.519224497117844e-06,0.0,0.0,0.0,0.0,-1.519224497117844e-06,Ibias,430.08467930070276,0.0,0.0,0.0,0.0,430.08467930070276,W1,33.782614103591854,0.0,0.0,0.0,0.0,33.782614103591854,W2,86.55139312401843,0.0,0.0,0.0,0.0,86.55139312401843,Alo,0.0,0.0,0.0,0.0,0.0,0.0,
217,Rd,-1.4774615406694818e-06,0.0,0.0,0.0,0.0,-1.4774615406694818e-06,Ibias,430.84106881905626,0.0,0.0,0.0,0.0,430.84106881905626,W1,33.493229284984544,0.0,0.0,0.0,0.0,33.493229284984544,W2,85.41104458421381,0.0,0.0,0.0,0.0,85.41104458421381,Alo,0.0,0.0,0.0,0.0,0.0,0.0,
218,Rd,-1.4322905846002221e-06,0.0,0.0,0.0,0.0,-1.4322905846002221e-06,Ibias,431.59062376718316,0.0,0.0,0.0,0.0,431.59062376718316,W1,33.20308073250925,0.0,0.0,0.0,0.0,33.20308073250925,W2,84.34343841064144,0.0,0.0,0.0,0.0,84.34343841064144,Alo,0.0,0.0,0.0,0.0,0.0,0.0,
219,Rd,-1.390598492213806e-06,0.0,0.0,0.0,0.0,-1.390598492213806e-06,Ibias,432.3592599934452,0.0,0.0,0.0,0.0,432.3592599934452,W1,32.93867395149398,0.0,0.0,0.0,0.0,32.93867395149398,W2,83.34882702559106,0.0,0.0,0.0,0.0,83.34882702559106,Alo,0.0,0.0,0.0,0.0,0.0,0.0,
220,Rd,-5.66938160099073e-05,-5.5344876654878285e-05,0.0,0.0,0.0,-1.3489393550286908e-06,Ibias,100.67412740751656,-332.4176152443799,0.0,0.0,0.0,433.09174265189836,W1,214.57940263001868,181.9058227494956,0.0,0.0,0.0,32.673579880528536,W2,256.56902369282545,174.29253361928588,0.0,0.0,0.0,82.27649007354512,Alo,-0.19958613549477813,-0.19958613549477697,0.0,0.0,0.0,0.0,
221,Rd,-1.3826613546464241e-06,0.0,0.0,0.0,0.0,-1.3826613546464241e-06,Ibias,432.2315324030179,0.0,0.0,0.0,0.0,432.2315324030179,W1,32.9797396072668,0.0,0.0,0.0,0.0,32.9797396072668,W2,83.15612673746143,0.0,0.0,0.0,0.0,83.15612673746143,Alo,0.0,0.0,0.0,0.0,0.0,0.0,
222,Rd,-1.3448451817734873e-06,0.0,0.0,0.0,0.0,-1.3448451817734873e-06,Ibias,432.94160754814203,0.0,0.0,0.0,0.0,432.94160754814203,W1,32.68636795333477,0.0,0.0,0.0,0.0,32.68636795333477,W2,82.15651794382978,0.0,0.0,0.0,0.0,82.15651794382978,Alo,0.0,0.0,0.0,0.0,0.0,0.0,
223,Rd,-9.426439409774315e-05,-9.295733588797372e-05,0.0,0.0,0.0,-1.3070582097691132e-06,Ibias,-140.52880883058427,-574.1904733755323,0.0,0.0,0.0,433.66166454495,W1,221.1016924926258,188.6827607306563,0.0,0.0,0.0,32.41893176197437,W2,277.6795522770696,196.52485519868458,0.0,0.0,0.0,81.1546970783821,Alo,-0.23974882326549385,-0.23974882326549182,0.0,0.0,0.0,0.0,
224,Rd,-1.3611826139028396e-06,0.0,0.0,0.0,0.0,-1.3611826139028396e-06,Ibias,432.2746470410706,0.0,0.0,0.0,0.0,432.2746470410706,W1,32.863492106551064,0.0,0.0,0.0,0.0,32.863492106551064,W2,82.58101046897436,0.0,0.0,0.0,0.0,82.58101046897436,Alo,0.0,0.0,0.0,0.0,0.0,0.0,
225,Rd,-1.3207000743764824e-06,0.0,0.0,0.0,0.0,-1.3207000743764824e-06,Ibias,432.9994085980288,0.0,0.0,0.0,0.0,432.9994085980288,W1,32.621433542065695,0.0,0.0,0.0,0.0,32.621433542065695,W2,81.57710730686452,0.0,0.0,0.0,0.0,81.57710730686452,Alo,0.0,0.0,0.0,0.0,0.0,0.0,
226,Rd,-1.283591522839846e-06,0.0,0.0,0.0,0.0,-1.283591522839846e-06,Ibias,433.7179091178523,0.0,0.0,0.0,0.0,433.7179091178523,W1,32.35190928643301,0.0,0.0,0.0,0.0,32.35190928643301,W2,80.64694550426634,0.0,0.0,0.0,0.0,80.64694550426634,Alo,0.0,0.0,0.0,0.0,0.0,0.0,
227,Rd,-7.232404848698e-05,-7.107419578994634e-05,0.0,0.0,0.0,-1.249852697033601e-06,Ibias,-23.168692118388513,-457.560569014233,0.0,0.0,0.0,434.39187689584486,W1,232.28920385244732,200.20749520021204,0.0,0.0,0.0,32.08170865223619,W2,307.4008582097345,227.76208046499713,0.0,0.0,0.0,79.63877774473572,Alo,-0.19530981725684793,-0.19530981725684884,0.0,0.0,0.0,0.0,
228,Rd,-1.2888469838376208e-06,0.0,0.0,0.0,0.0,-1.2888469838376208e-06,Ibias,433.30700331831787,0.0,0.0,0.0,0.0,433.30700331831787,W1,32.45384487491631,0.0,0.0,0.0,0.0,32.45384487491631,W2,80.7840460769089,0.0,0.0,0.0,0.0,80.7840460769089,Alo,0.0,0.0,0.0,0.0,0.0,0.0,
229,Rd,-1.2555650435204687e-06,0.0,0.0,0.0,0.0,-1.2555650435204687e-06,Ibias,433.99537664702524,0.0,0.0,0.0,0.0,433.99537664702524,W1,32.2090110658124,0.0,0.0,0.0,0.0,32.2090110658124,W2,79.84930019864274,0.0,0.0,0.0,0.0,79.84930019864274,Alo,0.0,0.0,0.0,0.0,0.0,0.0,
230,Rd,-1.2223078758895415e-06,0.0,0.0,0.0,0.0,-1.2223078758895415e-06,Ibias,434.6862080282846,0.0,0.0,0.0,0.0,434.6862080282846,W1,31.936524678324197,0.0,0.0,0.0,0.0,31.936524678324197,W2,78.83631437119202,0.0,0.0,0.0,0.0,78.83631437119202,Alo,0.0,0.0,0.0,0.0,0.0,0.0,
231,Rd,-0.00023828559580138273,-0.00023709652097481912,0.0,0.0,0.0,-1.1890748265636506e-06,Ibias,-1096.4086847385079,-1531.7489369811067,0.0,0.0,0.0,435.3402522425986,W1,238.83223110766525,207.14179861412921,0.0,0.0,0.0,31.6904324935337,W2,334.8288297230059,256.93133267502174,0.0,0.0,0.0,77.89749704797823,Alo,-0.1764277907306277,-0.17642779073062925,0.0,0.0,0.0,0.0,
232,Rd,-1.321576919388653e-06,0.0,0.0,0.0,0.0,-1.321576919388653e-06,Ibias,431.99824536847547,0.0,0.0,0.0,0.0,431.99824536847547,W1,32.63762952778187,0.0,0.0,0.0,0.0,32.63762952778187,W2,81.35627829166559,0.0,0.0,0.0,0.0,81.35627829166559,Alo,0.0,0.0,0.0,0.0,0.0,0.0,
233,Rd,-1.2834671922909714e-06,0.0,0.0,0.0,0.0,-1.2834671922909714e-06,Ibias,432.72201883028487,0.0,0.0,0.0,0.0,432.72201883028487,W1,32.39091419478871,0.0,0.0,0.0,0.0,32.39091419478871,W2,80.34136503377049,0.0,0.0,0.0,0.0,80.34136503377049,Alo,0.0,0.0,0.0,0.0,0.0,0.0,
234,Rd,-1.2485327992482453e-06,0.0,0.0,0.0,0.0,-1.2485327992482453e-06,Ibias,433.4274381194863,0.0,0.0,0.0,0.0,433.4274381194863,W1,32.14358470128861,0.0,0.0,0.0,0.0,32.14358470128861,W2,79.40085350157405,0.0,0.0,0.0,0.0,79.40085350157405,Alo,0.0,0.0,0.0,0.0,0.0,0.0,
235,Rd,-1.2136255153961438e-06,0.0,0.0,0.0,0.0,-1.2136255153961438e-06,Ibias,434.11825356488805,0.0,0.0,0.0,0.0,434.11825356488805,W1,31.89564540113811,0.0,0.0,0.0,0.0,31.89564540113811,W2,78.53497588248966,0.0,0.0,0.0,0.0,78.53497588248966,Alo,0.0,0.0,0.0,0.0,0.0,0.0,
236,Rd,-1.1818879041925526e-06,0.0,0.0,0.0,0.0,-1.1818879041925526e-06,Ibias,434.7982869254463,0.0,0.0,0.0,0.0,434.7982869254463,W1,31.674382650666608,0.0,0.0,0.0,0.0,31.674382650666608,W2,77.59061727856695,0.0,0.0,0.0,0.0,77.59061727856695,Alo,0.0,0.0,0.0,0.0,0.0,0.0,
237,Rd,-1.1533161636750464e-06,0.0,0.0,0.0,0.0,-1.1533161636750464e-06,Ibias,435.44887623027637,0.0,0.0,0.0,0.0,435.44887623027637,W1,31.425277903304515,0.0,0.0,0.0,0.0,31.425277903304515,W2,76.64431649433672,0.0,0.0,0.0,0.0,76.64431649433672,Alo,0.0,0.0,0.0,0.0,0.0,0.0,
238,Rd,-1.1216230919403014e-06,0.0,0.0,0.0,0.0,-1.1216230919403014e-06,Ibias,436.0956714225621,0.0,0.0,0.0,0.0,436.0956714225621,W1,31.20289906715224,0.0,0.0,0.0,0.0,31.20289906715224,W2,75.77286715523624,0.0,0.0,0.0,0.0,75.77286715523624,Alo,0.0,0.0,0.0,0.0,0.0,0.0,
239,Rd,-9.09905638817752e-05,-8.989747065452181e-05,0.0,0.0,0.0,-1.0930932272533974e-06,Ibias,-225.13565062144377,-661.8783428343781,0.0,0.0,0.0,436.74269221293434,W1,260.885198514028,229.90521026219773,0.0,0.0,0.0,30.979988251832772,W2,390.2484107642588,315.2719222185752,0.0,0.0,0.0,74.97648854568796,Alo,-0.10188637523520018,-0.10188637523520126,0.0,0.0,0.0,0.0,
240,Rd,-1.14097133796382e-06,0.0,0.0,0.0,0.0,-1.14097133796382e-06,Ibias,435.3051259043066,0.0,0.0,0.0,0.0,435.3051259043066,W1,31.425168227328104,0.0,0.0,0.0,0.0,31.425168227328104,W2,76.4864680348611,0.0,0.0,0.0,0.0,76.4864680348611,Alo,0.0,0.0,0.0,0.0,0.0,0.0,
241,Rd,-1.1098673516775071e-06,0.0,0.0,0.0,0.0,-1.1098673516775071e-06,Ibias,435.9475416652312,0.0,0.0,0.0,0.0,435.9475416652312,W1,31.2009066714336,0.0,0.0,0.0,0.0,31.2009066714336,W2,75.61096336034278,0.0,0.0,0.0,0.0,75.61096336034278,Alo,0.0,0.0,0.0,0.0,0.0,0.0,
242,Rd,-1.0818675108889414e-06,0.0,0.0,0.0,0.0,-1.0818675108889414e-06,Ibias,436.5926153689698,0.0,0.0,0.0,0.0,436.5926153689698,W1,30.976112920836318,0.0,0.0,0.0,0.0,30.976112920836318,W2,74.73371256156713,0.0,0.0,0.0,0.0,74.73371256156713,Alo,0.0,0.0,0.0,0.0,0.0,0.0,
243,Rd,-3.344562681641843e-05,-3.239173994240712e-05,0.0,0.0,0.0,-1.053886874010972e-06,Ibias,189.5187641096052,-247.70213298496412,0.0,0.0,0.0,437.2208970945719,W1,270.3782055630242,239.59986055815696,0.0,0.0,0.0,30.77834500486724,W2,418.21197666370773,344.28006840775356,0.0,0.0,0.0,73.93190825596405,Alo,-0.062964622794522,-0.06296462279452003,0.0,0.0,0.0,0.0,
244,Rd,-1.0712200855636218e-06,0.0,0.0,0.0,0.0,-1.0712200855636218e-06,Ibias,436.5709384981889,0.0,0.0,0.0,0.0,436.5709384981889,W1,31.00871750963563,0.0,0.0,0.0,0.0,31.00871750963563,W2,74.6113006060613,0.0,0.0,0.0,0.0,74.6113006060613,Alo,0.0,0.0,0.0,0.0,0.0,0.0,
245,Rd,-1.0434370442930435e-06,0.0,0.0,0.0,0.0,-1.0434370442930435e-06,Ibias,437.21435402690815,0.0,0.0,0.0,0.0,437.21435402690815,W1,30.8094379785815,0.0,0.0,0.0,0.0,30.8094379785815,W2,73.80617379245427,0.0,0.0,0.0,0.0,73.80617379245427,Alo,0.0,0.0,0.0,0.0,0.0,0.0,
246,Rd,-0.00020483654287230043,-0.00020381781109135672,0.0,0.0,0.0,-1.018731780944259e-06,Ibias,-1154.054292316658,-1591.8767148664988,0.0,0.0,0.0,437.82242254984055,W1,270.49060155824964,239.9086602365076,0.0,0.0,0.0,30.581941321740366,W2,432.5322519683288,359.5327662118024,0.0,0.0,0.0,72.99948575651902,Alo,-0.07536534235988887,-0.07536534235988847,0.0,0.0,0.0,0.0,
247,Rd,-1.1259924570974522e-06,0.0,0.0,0.0,0.0,-1.1259924570974522e-06,Ibias,434.63107595248675,0.0,0.0,0.0,0.0,434.63107595248675,W1,31.42455410936074,0.0,0.0,0.0,0.0,31.42455410936074,W2,76.09624987981003,0.0,0.0,0.0,0.0,76.09624987981003,Alo,0.0,0.0,0.0,0.0,0.0,0.0,
248,Rd,-1.0963960763990435e-06,0.0,0.0,0.0,0.0,-1.0963960763990435e-06,Ibias,435.29108834836666,0.0,0.0,0.0,0.0,435.29108834836666,W1,31.196213450148594,0.0,0.0,0.0,0.0,31.196213450148594,W2,75.28914608434584,0.0,0.0,0.0,0.0,75.28914608434584,Alo,0.0,0.0,0.0,0.0,0.0,0.0,
249,Rd,-1.0697521568495306e-06,0.0,0.0,0.0,0.0,-1.0697521568495306e-06,Ibias,435.93596719831913,0.0,0.0,0.0,0.0,435.93596719831913,W1,30.995289014294517,0.0,0.0,0.0,0.0,30.995289014294517,W2,74.40262369344023,0.0,0.0,0.0,0.0,74.40262369344023,Alo,0.0,0.0,0.0,0.0,0.0,0.0,
250,Rd,-1.0431272244719173e-06,0.0,0.0,0.0,0.0,-1.0431272244719173e-06,Ibias,436.5448945251432,0.0,0.0,0.0,0.0,436.5448945251432,W1,30.76592686610419,0.0,0.0,0.0,0.0,30.76592686610419,W2,73.59225678727823,0.0,0.0,0.0,0.0,73.59225678727823,Alo,0.0,0.0,0.0,0.0,0.0,0.0,
