Iteration No,Io,conv_gain_db,iip3_dbm,iip2_dbm,nf_db,p_src,gm1,vdsat1,vg1,vd1,bb_BW,gm2,gds1,region,
1,0.001303579,2.9608320446996905,-1.6042952357554796,63.971251467451,24.187093499127748,0.004386921,0.01323302,0.1006084,0.4909203,0.2810822,9999000.0,0.006638021,0.002279425,2.0,
2,0.001266989,1.4127423148925387,-1.4444666897509677,53.63797280899206,27.715312305839564,0.004257885,0.01288515,0.1004734,0.4903334,0.2835233,9999000.0,0.006491673,0.002207178,2.0,
3,0.001263636,1.4864478963313372,-1.3841394577144328,53.49073636056406,27.62658849500881,0.004245191,0.01288408,0.1002968,0.4897755,0.2839485,9999000.0,0.006494077,0.002202343,2.0,
4,0.001260688,1.5632204741281666,-1.357720526938735,53.58475832968327,27.492528632860186,0.004233919,0.01288669,0.1001224,0.489226,0.2843505,9999000.0,0.006497735,0.002198294,2.0,
5,0.001257795,1.6380686641554245,-1.3314375641886045,53.65282448951535,27.361145331722305,0.004222876,0.01288936,0.09995026,0.4886844,0.2847383,9999000.0,0.00650169,0.002194374,2.0,
6,0.00125496,1.7110074809544953,-1.305056831960215,53.71930846090112,27.23281203344451,0.004212061,0.01289214,0.09978041,0.4881505,0.2851173,9999000.0,0.00650568,0.002190569,2.0,
7,0.001252183,1.782164374101163,-1.278648280881363,53.81066102726521,27.107416135296134,0.00420147,0.01289504,0.09961284,0.487624,0.2854888,9999000.0,0.006509661,0.002186873,2.0,
8,0.001249182,1.8347286382072368,-1.2629717422426339,53.833203916133115,27.01252221704715,0.004190103,0.01289509,0.09944762,0.4871036,0.285874,9999000.0,0.006512166,0.002182704,2.0,
9,0.001245843,1.8634410407022188,-1.2617643505739622,53.833435365546464,26.957331867636043,0.00417757,0.01289119,0.0992844,0.4865877,0.2862792,9999000.0,0.006512778,0.002177844,2.0,
10,0.00124259,1.8945737668578921,-1.2584248250344743,53.8336711485953,26.898747765915665,0.004165349,0.01288782,0.09912261,0.4860767,0.2866775,9999000.0,0.006513559,0.002173152,2.0,
11,0.001239375,1.9250663706641093,-1.25540943959642,53.807728870298206,26.84130231119616,0.004153272,0.01288449,0.09896227,0.4855705,0.2870715,9999000.0,0.006514307,0.00216853,2.0,
12,0.001236201,1.9552580893849625,-1.252471689403869,53.80775524126037,26.784470489605994,0.004141353,0.01288124,0.09880334,0.4850689,0.2874608,9999000.0,0.006515053,0.002163988,2.0,
13,0.001233067,1.9851240423197885,-1.249639776017787,53.807642202026614,26.72830051698927,0.004129586,0.01287806,0.0986458,0.4845718,0.2878454,9999000.0,0.006515802,0.002159522,2.0,
14,0.001229971,2.0146809649728663,-1.2468673066368297,53.80739324914522,26.672766101643738,0.004117968,0.01287496,0.09848962,0.4840792,0.2882253,9999000.0,0.006516558,0.00215513,2.0,
15,0.001226913,2.043945468068782,-1.2442053057343472,53.8070088402805,26.61785671251698,0.004106495,0.01287192,0.09833478,0.4835911,0.2886006,9999000.0,0.006517325,0.002150812,2.0,
16,0.001223893,2.0729063952055733,-1.2416534613562789,53.806512550384085,26.563558996856415,0.004095165,0.01286895,0.09818125,0.4831072,0.2889714,9999000.0,0.006518105,0.002146564,2.0,
17,0.001220909,2.1015937468804693,-1.2391710405954228,53.80594061131099,26.50985154469907,0.004083975,0.01286605,0.09802902,0.4826276,0.2893377,9999000.0,0.006518903,0.002142386,2.0,
18,0.001217961,2.1299963466839333,-1.2367776544437135,53.805237740795945,26.45672189155068,0.004072921,0.01286321,0.09787805,0.4821522,0.2896998,9999000.0,0.00651972,0.002138275,2.0,
19,0.001215047,2.158143766047904,-1.234503211939078,53.7790778105408,26.40415306771444,0.004062002,0.01286044,0.09772834,0.4816808,0.2900575,9999000.0,0.006520555,0.002134231,2.0,
20,0.001212174,2.186038122392788,-1.232303720675901,53.77825098986719,26.352134781969234,0.004051224,0.01285777,0.09757991,0.4812135,0.2904136,9999000.0,0.006521275,0.002130249,2.0,
21,0.00120934,2.2136681806521774,-1.23019805257492,53.802553532550974,26.300664993194015,0.004040588,0.01285521,0.09743278,0.4807502,0.290769,9999000.0,0.006521832,0.002126328,2.0,
22,0.001206542,2.2410629237830517,-1.2281733169321427,53.80148192702143,26.249721055460746,0.004030082,0.01285274,0.09728686,0.4802907,0.2911212,9999000.0,0.00652236,0.002122469,2.0,
23,0.001203777,2.2682243816874195,-1.2262658809072207,53.7753054816437,26.199296972250234,0.004019703,0.01285033,0.09714213,0.4798351,0.2914704,9999000.0,0.006522855,0.002118669,2.0,
24,0.001201047,2.295154411518928,-1.2244458340793898,53.77413606536632,26.149383514421242,0.004009449,0.012848,0.09699858,0.4793832,0.2918166,9999000.0,0.006523314,0.002114928,2.0,
25,0.00119835,2.3218682771153274,-1.222723263506218,53.77290294275144,26.099970415708587,0.003999319,0.01284574,0.09685618,0.4789351,0.2921601,9999000.0,0.006523732,0.002111243,2.0,
26,0.001195685,2.3483543173197394,-1.2210865848831531,53.77159853673308,26.051042712971345,0.003989309,0.01284356,0.09671494,0.4784905,0.2925009,9999000.0,0.006524105,0.002107614,2.0,
27,0.001193053,2.374627659482525,-1.2195492415648346,53.7702256089614,26.002598840664007,0.003979418,0.01284145,0.09657481,0.4780496,0.2928393,9999000.0,0.006524428,0.00210404,2.0,
28,0.001190453,2.4006768118698383,-1.2180990582115996,53.768788364379404,25.954631572404047,0.003969645,0.01283942,0.09643581,0.4776122,0.2931752,9999000.0,0.006524699,0.002100519,2.0,
29,0.001187884,2.426542953114564,-1.2167510101615733,53.76728292509952,25.907117866981928,0.003959987,0.01283745,0.0962979,0.4771782,0.2935087,9999000.0,0.006524921,0.00209705,2.0,
30,0.001185345,2.4522012626047607,-1.2154886345885885,53.76571346309653,25.860065813120947,0.00395044,0.01283556,0.09616107,0.4767477,0.2938398,9999000.0,0.006525104,0.002093633,2.0,
31,0.001182835,2.477653294628944,-1.2143062251761023,53.76410856899295,25.81345201922786,0.003941002,0.01283372,0.09602528,0.4763205,0.2941677,9999000.0,0.006525285,0.002090266,2.0,
32,0.001180349,2.50293986399397,-1.2132333138088427,53.738147265044915,25.767276384399246,0.003931663,0.01283191,0.09589048,0.4758967,0.2944908,9999000.0,0.006525561,0.002086949,2.0,
33,0.001177878,2.528049158278367,-1.2122311078293393,53.78582596441848,25.721509702195824,0.003922402,0.01283004,0.09575654,0.4754761,0.2948043,9999000.0,0.006526151,0.002083682,2.0,
34,0.001175402,2.553034334218517,-1.2112530570046758,53.783964524048486,25.676082496315246,0.00391318,0.01282797,0.09562321,0.4750588,0.2950988,9999000.0,0.006527491,0.002080469,2.0,
35,0.001172908,2.5778315461080474,-1.210390325503461,53.78211509417888,25.631083885599786,0.003903971,0.01282559,0.09549031,0.4746446,0.2953678,9999000.0,0.006530109,0.002077308,2.0,
36,0.001170393,2.6024551503215183,-1.20960926839345,53.80432784572854,25.58650551740865,0.003894769,0.01282287,0.09535782,0.4742335,0.2956103,9999000.0,0.006534081,0.002074199,2.0,
37,0.001168231,2.626906419929225,-1.2089114375674228,53.778184657518864,25.542329345474396,0.003886303,0.01282287,0.09523028,0.4738255,0.2960143,9999000.0,0.006528683,0.002071083,2.0,
38,0.001165883,2.6511866111538156,-1.2083211858947251,53.776203074585865,25.49855552371305,0.003877519,0.0128212,0.0951011,0.4734206,0.2963092,9999000.0,0.006529335,0.002068044,2.0,
39,0.001163555,2.675309727324577,-1.2077936277829338,53.774165576016344,25.455171529013114,0.00386882,0.01281953,0.0949728,0.4730186,0.296599,9999000.0,0.006530122,0.002065048,2.0,
40,0.001161262,2.6992641578157612,-1.2073768223160997,53.77204581826405,25.41218363327446,0.003860233,0.012818,0.09484555,0.4726196,0.2968914,9999000.0,0.006530595,0.002062092,2.0,
41,0.001158906,2.723076498312163,-1.2070154240171291,53.769937680320425,25.369567225563763,0.003851567,0.01281581,0.09471814,0.4722235,0.297137,9999000.0,0.006533628,0.002059189,2.0,
42,0.001156721,2.7467351028928317,-1.2067611996264418,53.74407634451657,25.32733080718696,0.003843278,0.01281487,0.09459343,0.4718302,0.2974546,9999000.0,0.006532332,0.002056307,2.0,
43,0.001154504,2.7702409924709133,-1.2065700041490999,53.76560806930229,25.28546635019023,0.003834967,0.01281351,0.09446892,0.4714398,0.2977416,9999000.0,0.006532661,0.00205347,2.0,
44,0.0011523,2.7935952855158064,-1.2064834727320886,53.739840848448196,25.243957833053322,0.003826724,0.01281213,0.09434517,0.4710521,0.2980212,9999000.0,0.006533269,0.002050674,2.0,
45,0.001150119,2.8168115615268796,-1.2064490128288625,53.76115311321861,25.202811460743394,0.003818565,0.01281079,0.09422227,0.4706672,0.2982981,9999000.0,0.00653388,0.002047915,2.0,
46,0.00114796,2.8398907574521157,-1.2065011897276747,53.7589165971487,25.1620107729172,0.003810489,0.01280949,0.09410023,0.470285,0.2985726,9999000.0,0.006534496,0.002045194,2.0,
47,0.001145823,2.8628338267803617,-1.2066313823997277,53.75662289493502,25.12155818241812,0.003802495,0.01280823,0.09397902,0.4699055,0.2988444,9999000.0,0.006535116,0.002042508,2.0,
48,0.001143707,2.8856291987324023,-1.2068396642735806,53.75434835360866,25.081448234634138,0.003794582,0.01280701,0.09385865,0.4695286,0.2991138,9999000.0,0.00653574,0.002039859,2.0,
49,0.001141481,2.908315152416914,-1.207126087570586,53.75199990580809,25.04166836142098,0.003786491,0.01280475,0.09373746,0.4691544,0.2993141,9999000.0,0.006540339,0.002037255,2.0,
50,0.001139374,2.9308552344360814,-1.2074704732945136,53.749670047210714,25.002222307873012,0.00377867,0.01280333,0.09361828,0.4687826,0.2995617,9999000.0,0.006542,0.002034677,2.0,
51,0.00113731,2.953275120582726,-1.2078891426257599,53.72418839273581,24.96309749624308,0.003770969,0.01280214,0.09350019,0.4684135,0.2998184,9999000.0,0.006542985,0.002032131,2.0,
52,0.001135286,2.975575589064008,-1.2083852453906374,53.74494383535357,24.92429115918105,0.003763385,0.01280116,0.09338314,0.4680468,0.3000833,9999000.0,0.006543336,0.002029617,2.0,
53,0.001133437,2.997745138481357,-1.2089598876620613,53.74255121276491,24.885806797419356,0.00375618,0.01280152,0.09326881,0.4676826,0.3004254,9999000.0,0.006538896,0.002027126,2.0,
54,0.001131443,3.0197968635198613,-1.2095781131370131,53.71722249545573,24.84762950901179,0.003748725,0.01280054,0.09315318,0.4673208,0.3006807,9999000.0,0.006539541,0.002024678,2.0,
55,0.001129469,3.041743779992135,-1.2102778621799501,53.73773198126321,24.80975257629204,0.003741341,0.01279959,0.09303831,0.4669615,0.3009339,9999000.0,0.006540188,0.002022261,2.0,
56,0.001127513,3.063574306933744,-1.2110476945368163,53.73530344528284,24.77218367188165,0.003734029,0.01279868,0.0929242,0.4666045,0.3011849,9999000.0,0.006540837,0.002019875,2.0,
57,0.001125576,3.0852892083090233,-1.2118650906350226,53.71012651726687,24.7349068435752,0.003726787,0.0127978,0.09281082,0.4662498,0.3014337,9999000.0,0.006541488,0.00201752,2.0,
58,0.001123657,3.106889185656367,-1.2127579333241272,53.73042113818548,24.697925332649543,0.003719614,0.01279697,0.09269818,0.4658975,0.3016805,9999000.0,0.006542141,0.002015194,2.0,
59,0.001121757,3.1283871018878036,-1.213717290842439,53.72798352879687,24.661233473884913,0.003712509,0.01279616,0.09258626,0.4655475,0.3019252,9999000.0,0.006542796,0.002012898,2.0,
60,0.001119875,3.1497714957647656,-1.214726798805934,53.70295510717099,24.624823424719526,0.003705471,0.01279539,0.09247505,0.4651997,0.3021678,9999000.0,0.006543453,0.002010631,2.0,
61,0.001118011,3.1710551018470894,-1.2157824050201214,53.72305911129277,24.588690078606028,0.003698501,0.01279466,0.09236456,0.4648542,0.3024087,9999000.0,0.006544098,0.002008392,2.0,
62,0.001116165,3.192238557879494,-1.2169264548458472,53.720592518632984,24.552836376457638,0.003691596,0.01279397,0.09225478,0.4645109,0.3026477,9999000.0,0.006544735,0.002006181,2.0,
63,0.001114336,3.2133224413469663,-1.2180929866419632,53.71812232744384,24.517260366347795,0.003684756,0.01279331,0.09214568,0.4641697,0.3028847,9999000.0,0.006545375,0.002003997,2.0,
64,0.001112524,3.23430737775811,-1.2193498874033892,53.71565257030534,24.481946717103664,0.003677979,0.01279268,0.09203727,0.4638307,0.3031198,9999000.0,0.00654602,0.002001841,2.0,
65,0.001110728,3.2551699734853528,-1.2206285108415216,53.713185876775086,24.44690291618236,0.003671265,0.01279208,0.09192954,0.4634939,0.303353,9999000.0,0.006546667,0.001999711,2.0,
66,0.00110895,3.275958817650664,-1.2219934757161184,53.71071224346366,24.412118857903046,0.003664612,0.01279152,0.09182247,0.4631591,0.3035842,9999000.0,0.006547319,0.001997607,2.0,
67,0.001106978,3.2966623565561104,-1.2233810628741466,53.70821458084521,24.377593533857123,0.003657605,0.01278919,0.0917134,0.4628264,0.3037046,9999000.0,0.006554849,0.001995526,2.0,
68,0.001105285,3.3172692266273947,-1.2248461487177877,53.70573978927901,24.343318360029755,0.003651179,0.01278914,0.09160833,0.4624958,0.3039596,9999000.0,0.006553789,0.001993474,2.0,
69,0.0011036,3.3377799978281484,-1.2263354314070085,53.703286360646246,24.309300002160775,0.003644798,0.01278907,0.09150381,0.4621672,0.3042094,9999000.0,0.006552944,0.001991446,2.0,
70,0.001101927,3.3581952345209105,-1.2278857918016328,53.70080761897084,24.27553081652651,0.003638467,0.01278898,0.09139989,0.4618407,0.3044551,9999000.0,0.006552233,0.001989443,2.0,
71,0.001100187,3.378539010406068,-1.2294951308302586,53.698331840611246,24.242002407343584,0.003632028,0.01278822,0.09129553,0.4615161,0.3046557,9999000.0,0.006554281,0.001987462,2.0,
72,0.001098441,3.3987882544545123,-1.2311437062863604,53.695871371468726,24.208718376565223,0.003625605,0.0127873,0.09119154,0.4611935,0.3048435,9999000.0,0.006557047,0.001985504,2.0,
73,0.001096944,3.4189435157897554,-1.2328247286403737,53.69341699569134,24.175670209850963,0.003619705,0.01278843,0.09109116,0.4608728,0.3051524,9999000.0,0.006551951,0.001983578,2.0,
74,0.00109529,3.4390287163804723,-1.2345725199719624,53.690936824894834,24.142859142686746,0.003613517,0.01278811,0.0909892,0.460554,0.3053694,9999000.0,0.006552626,0.001981669,2.0,
75,0.001093651,3.4590325712882515,-1.2363504286145712,53.68847832532674,24.110284917681213,0.003607383,0.01278782,0.09088784,0.4602372,0.3055847,9999000.0,0.006553305,0.001979783,2.0,
76,0.001092026,3.4789672765205615,-1.2381897729644393,53.68604133727466,24.07793195384201,0.003601305,0.01278755,0.09078708,0.4599222,0.3057985,9999000.0,0.006553972,0.001977919,2.0,
77,0.001090416,3.498798163269497,-1.2400356845382632,53.70525188045116,24.045811475821107,0.003595278,0.01278732,0.09068692,0.4596091,0.3060108,9999000.0,0.006554639,0.001976077,2.0,
78,0.00108882,3.518560663922285,-1.2419626243251258,53.702759043981985,24.013916951925545,0.003589305,0.01278711,0.09058735,0.4592978,0.3062214,9999000.0,0.006555309,0.001974256,2.0,
79,0.001087238,3.5382436382192486,-1.2438987098833039,53.67872877490203,23.98223886096456,0.003583383,0.01278693,0.09048836,0.4589883,0.3064305,9999000.0,0.006555983,0.001972457,2.0,
80,0.00108551,3.5578474713873884,-1.2458887235838603,53.69777947246867,23.950783393146985,0.003577194,0.01278538,0.09038788,0.4586806,0.306554,9999000.0,0.006562153,0.001970667,2.0,
81,0.001084004,3.5773726506228227,-1.2479145125083946,53.69530802245103,23.919543717927688,0.003571473,0.01278568,0.09029068,0.4583747,0.3067858,9999000.0,0.006561146,0.001968913,2.0,
82,0.001082502,3.596819553514705,-1.249992248017584,53.671482763491554,23.888516006077754,0.00356578,0.01278592,0.09019389,0.4580706,0.3070104,9999000.0,0.006560507,0.001967179,2.0,
83,0.001081001,3.6162001124643837,-1.2521050669968403,53.6904159749146,23.85770548363938,0.003560115,0.01278609,0.09009753,0.4577682,0.307228,9999000.0,0.006560224,0.001965464,2.0,
84,0.001079505,3.6355146213106155,-1.2542405566219514,53.687969082527175,23.827098316714064,0.003554481,0.0127862,0.09000161,0.4574675,0.3074393,9999000.0,0.006560257,0.001963769,2.0,
85,0.001078018,3.6547520741544552,-1.2564087737137086,53.685545677334716,23.796698786543264,0.003548887,0.0127863,0.08990618,0.4571686,0.3076468,9999000.0,0.006560444,0.001962093,2.0,
86,0.001076536,3.6739128610185494,-1.2586253182401563,53.68312282654355,23.766503662164524,0.003543325,0.01278637,0.08981121,0.4568713,0.307849,9999000.0,0.00656088,0.001960436,2.0,
87,0.001075062,3.693008746767999,-1.260873053983559,53.680701772163886,23.736510044631835,0.003537801,0.01278642,0.0897167,0.4565757,0.3080473,9999000.0,0.006561485,0.001958797,2.0,
88,0.001073599,3.7120400659858364,-1.263147004414492,53.67830012827589,23.706717373066798,0.00353232,0.01278648,0.08962271,0.4562818,0.3082432,9999000.0,0.006562156,0.001957177,2.0,
89,0.001072062,3.730995847962861,-1.2654516205258943,53.69697953130327,23.677119657063308,0.003526711,0.01278579,0.08952812,0.4559895,0.3083915,9999000.0,0.006565931,0.001955566,2.0,
90,0.001070685,3.7498877736423686,-1.2678002536289057,53.673545707299596,23.647716996247038,0.003521445,0.01278644,0.08943598,0.4556988,0.3086173,9999000.0,0.006564415,0.00195399,2.0,
91,0.001069278,3.768716169185912,-1.270175541632824,53.69212719717858,23.618509128381127,0.00351614,0.01278674,0.08934381,0.4554098,0.3088193,9999000.0,0.0065644,0.001952427,2.0,
92,0.001067867,3.787481384194204,-1.2725785256825546,53.6897208631616,23.58948911518648,0.003510846,0.01278693,0.08925195,0.4551223,0.3090115,9999000.0,0.006564955,0.001950881,2.0,
93,0.001066464,3.8061837135214653,-1.2750064341194047,53.68734047260746,23.560659679251444,0.003505588,0.0127871,0.08916054,0.4548364,0.3092002,9999000.0,0.006565661,0.001949351,2.0,
94,0.001065073,3.8248122684517916,-1.2774784305524278,53.684956043575056,23.53201904339757,0.003500374,0.0127873,0.08906964,0.454552,0.3093875,9999000.0,0.006566369,0.001947838,2.0,
95,0.001063586,3.843389829004413,-1.2799758183082517,53.70340163656556,23.503558985241323,0.003494613,0.01278655,0.08897791,0.4542692,0.3095126,9999000.0,0.006572288,0.001946336,2.0,
96,0.001062317,3.861560150753593,-1.2827554071229912,53.679958048927844,23.475877981506184,0.00349005,0.01278768,0.0888893,0.4539879,0.3097575,9999000.0,0.006567834,0.001944854,2.0,
97,0.001060958,3.8803705303725518,-1.2850128219042602,53.69859379978965,23.447139602678803,0.003484966,0.01278794,0.08879978,0.4537082,0.3099367,9999000.0,0.006568846,0.001943402,2.0,
98,0.001059604,3.898729898184283,-1.287608763877337,53.69624309637098,23.41926392338511,0.003479902,0.01278815,0.08871074,0.4534299,0.3101146,9999000.0,0.006569856,0.001941954,2.0,
99,0.001058286,3.9170616342377467,-1.2902193414645637,53.69387965086135,23.391520959263623,0.003474931,0.01278862,0.08862251,0.4531532,0.3103046,9999000.0,0.006569944,0.001940528,2.0,
100,0.001056949,3.9353326349951523,-1.292848702681738,53.69154274481147,23.36395123456533,0.003469938,0.01278883,0.08853435,0.4528779,0.3104771,9999000.0,0.006571162,0.001939113,2.0,
101,0.001055574,3.9535432533369934,-1.2954839493163348,53.68922488721154,23.33655801578725,0.003464887,0.01278862,0.08844603,0.452604,0.3106222,9999000.0,0.006574191,0.001937705,2.0,
102,0.001054347,3.971693762339546,-1.2981798568585319,53.686911241530666,23.309334231477973,0.003460154,0.01278968,0.08835998,0.4523316,0.31084,9999000.0,0.006572105,0.001936335,2.0,
103,0.001053055,3.989795429313621,-1.3008775262954586,53.68461644665592,23.28227912291218,0.003455306,0.01279007,0.0882734,0.4520606,0.3110158,9999000.0,0.006572846,0.001934969,2.0,
104,0.001051772,4.007837557947209,-1.3035912907810001,53.68232149401038,23.255391210455755,0.003450496,0.01279048,0.08818727,0.4517911,0.31119,9999000.0,0.006573611,0.001933617,2.0,
105,0.001050499,4.025820414867242,-1.306350579075854,53.70041421006057,23.228668906505426,0.003445722,0.0127909,0.08810159,0.4515229,0.3113626,9999000.0,0.006574413,0.001932281,2.0,
106,0.001049235,4.043744315784456,-1.3091280326680632,53.698118703265834,23.202114647481103,0.003440983,0.01279133,0.08801634,0.4512561,0.3115335,9999000.0,0.006575261,0.001930959,2.0,
107,0.001047981,4.0616203776811695,-1.3119265067632,53.716131904920616,23.17571707046187,0.003436279,0.01279177,0.08793152,0.4509907,0.3117026,9999000.0,0.006576149,0.001929651,2.0,
108,0.001046738,4.079448896039023,-1.3147409645733745,53.693571834926075,23.149481710268645,0.003431617,0.01279225,0.08784718,0.4507267,0.3118716,9999000.0,0.006576965,0.001928358,2.0,
109,0.001045505,4.097208339647503,-1.317574875806912,53.71153878041049,23.12340584187515,0.00342699,0.01279275,0.08776327,0.450464,0.3120393,9999000.0,0.006577795,0.00192708,2.0,
110,0.001044281,4.114920735355217,-1.3204248078730814,53.709261227359804,23.09748745009784,0.003422399,0.01279326,0.08767979,0.4502027,0.3122058,9999000.0,0.00657864,0.001925815,2.0,
111,0.001043066,4.132586296670687,-1.3232993193958151,53.706987602318776,23.071725211959837,0.003417842,0.01279379,0.08759674,0.4499427,0.3123709,9999000.0,0.006579503,0.001924564,2.0,
112,0.001041861,4.150194440262215,-1.3262092499611384,53.70473642702365,23.04611370531617,0.00341332,0.01279434,0.08751411,0.449684,0.3125347,9999000.0,0.006580384,0.001923327,2.0,
113,0.001040665,4.16775621565914,-1.3291337851101446,53.70251050265347,23.020656107758874,0.003408833,0.0127949,0.08743189,0.4494266,0.3126971,9999000.0,0.006581286,0.001922103,2.0,
114,0.001039478,4.185261054418002,-1.332074200141676,53.72033242624343,22.9953513143261,0.003404378,0.01279547,0.0873501,0.4491705,0.3128582,9999000.0,0.00658221,0.001920893,2.0,
115,0.001038299,4.20272000974867,-1.3350181384277562,53.69809700157356,22.97019646785564,0.003399957,0.01279606,0.08726871,0.4489157,0.313018,9999000.0,0.006583159,0.001919696,2.0,
116,0.001037129,4.220122553063624,-1.3379962395420506,53.71585210070192,22.945189093817394,0.003395568,0.01279666,0.08718773,0.4486621,0.3131763,9999000.0,0.006584135,0.001918511,2.0,
117,0.001035967,4.237490277195726,-1.3410114683786674,53.71364442885742,22.92032747279937,0.003391212,0.01279728,0.08710714,0.4484098,0.3133332,9999000.0,0.006585139,0.00191734,2.0,
118,0.001034814,4.254791423366734,-1.3440161465302225,53.71146035553582,22.895609748573364,0.003386887,0.0127979,0.08702696,0.4481588,0.3134887,9999000.0,0.006586176,0.001916181,2.0,
119,0.001033669,4.272058179478531,-1.3470440706584839,53.72914015727065,22.871037304025577,0.003382594,0.01279854,0.08694717,0.4479089,0.3136427,9999000.0,0.006587247,0.001915034,2.0,
120,0.001032532,4.289269459131515,-1.3501064772660243,53.72693283920913,22.84661005267194,0.003378331,0.01279919,0.08686776,0.4476603,0.3137953,9999000.0,0.006588355,0.0019139,2.0,
121,0.001031402,4.306425548855027,-1.3531610290638696,53.724770096781356,22.822320960011673,0.003374098,0.01279984,0.08678875,0.447413,0.3139463,9999000.0,0.006589503,0.001912777,2.0,
122,0.00103028,4.323547797062233,-1.3562512950807672,53.72261007965571,22.798169050376124,0.003369895,0.01280051,0.08671011,0.4471668,0.3140958,9999000.0,0.006590695,0.001911667,2.0,
123,0.001029166,4.340615289284616,-1.3593391951027058,53.720469131678485,22.77415958207748,0.003365722,0.01280118,0.08663184,0.4469218,0.3142437,9999000.0,0.006591935,0.001910569,2.0,
124,0.001028059,4.357649288041735,-1.3624616163913714,53.738010687775414,22.750284882608444,0.003361577,0.01280186,0.08655395,0.446678,0.31439,9999000.0,0.006593225,0.001909482,2.0,
125,0.001026959,4.3746184639616015,-1.365596948055412,53.735849636855534,22.726550101490695,0.00335746,0.01280254,0.08647643,0.4464354,0.3145346,9999000.0,0.006594569,0.001908406,2.0,
126,0.001025866,4.391554555555621,-1.3687465928505915,53.75332688773959,22.70294720034436,0.003353371,0.01280323,0.08639926,0.4461939,0.3146775,9999000.0,0.006595973,0.001907342,2.0,
127,0.00102478,4.408436757847206,-1.3719117678122785,53.73161493060496,22.67947675063613,0.00334931,0.01280392,0.08632246,0.4459536,0.3148187,9999000.0,0.00659744,0.001906288,2.0,
128,0.001023701,4.42528621372231,-1.3750890275316294,53.74904609853026,22.65613636334907,0.003345275,0.01280461,0.08624601,0.4457144,0.314958,9999000.0,0.006598975,0.001905246,2.0,
129,0.001022826,4.442082222062754,-1.378303095177472,53.74693116976513,22.632931405916352,0.003341671,0.01280716,0.08617255,0.4454764,0.3152037,9999000.0,0.006592589,0.001904264,2.0,
130,0.00102178,4.458835398430148,-1.3815081375270921,53.7448135439449,22.609853782451598,0.003337731,0.01280806,0.08609708,0.4452395,0.3153511,9999000.0,0.006593382,0.001903249,2.0,
131,0.001020743,4.475545952599461,-1.384729850063323,53.74274312658697,22.58690454670478,0.003333821,0.01280897,0.08602198,0.4450037,0.3154976,9999000.0,0.006594178,0.001902245,2.0,
132,0.001019713,4.4922037141647735,-1.387985299230209,53.760085634558294,22.564085499949922,0.00332994,0.0128099,0.08594724,0.444769,0.3156432,9999000.0,0.006594977,0.001901252,2.0,
133,0.001018691,4.50882956858942,-1.3912274361200332,53.77738922038873,22.541387297551132,0.003326087,0.01281085,0.08587285,0.4445354,0.3157878,9999000.0,0.006595778,0.001900269,2.0,
134,0.001017677,4.525382305388656,-1.3945079289634208,53.77527368087236,22.518818130288828,0.003322262,0.01281181,0.08579883,0.4443029,0.3159316,9999000.0,0.006596582,0.001899297,2.0,
135,0.00101667,4.541924248865824,-1.397781413106813,53.77318277276551,22.496366167765835,0.003318466,0.01281279,0.08572515,0.4440715,0.3160744,9999000.0,0.00659739,0.001898337,2.0,
136,0.001015671,4.558424451265518,-1.401085270896516,53.77113567286706,22.474043077803426,0.003314697,0.01281378,0.08565184,0.4438411,0.3162164,9999000.0,0.006598201,0.001897386,2.0,
137,0.001014679,4.57487288379411,-1.4044035372106833,53.788331363579914,22.451841343588775,0.003310955,0.01281479,0.08557887,0.4436118,0.3163575,9999000.0,0.006599014,0.001896445,2.0,
138,0.001013695,4.591279968252565,-1.4077137665592332,53.786261942775354,22.42975513445436,0.00330724,0.01281582,0.08550624,0.4433836,0.3164977,9999000.0,0.006599831,0.001895515,2.0,
139,0.001012699,4.6076560971491896,-1.4110563158832576,53.784196374178634,22.40779277014342,0.003303513,0.01281667,0.0854337,0.4431564,0.3166266,9999000.0,0.006601436,0.00189459,2.0,
140,0.00101173,4.623981039980077,-1.4144096844155598,53.782167439902906,22.385944878267736,0.003299854,0.01281774,0.08536177,0.4429302,0.3167657,9999000.0,0.006602216,0.00189368,2.0,
141,0.001010768,4.640265156973291,-1.4177770956468834,53.79928379787657,22.36421842474546,0.003296221,0.01281882,0.08529018,0.4427051,0.3169039,9999000.0,0.006602996,0.00189278,2.0,
142,0.001009814,4.656518804468695,-1.421157111077008,53.79723941215161,22.342603644449586,0.003292616,0.01281992,0.08521894,0.442481,0.3170418,9999000.0,0.006603743,0.00189189,2.0,
143,0.001008868,4.672721814260047,-1.4245457064442206,53.81431540134952,22.32110117611585,0.003289036,0.01282104,0.08514802,0.4422579,0.3171788,9999000.0,0.00660449,0.001891009,2.0,
144,0.001007928,4.688894657043087,-1.4279490707717741,53.812291080117234,22.299717788503642,0.003285482,0.01282217,0.08507744,0.4420358,0.3173149,9999000.0,0.006605244,0.001890138,2.0,
145,0.001006995,4.705017238210523,-1.431361520348716,53.810274834440634,22.278444275963565,0.003281953,0.01282331,0.08500718,0.4418147,0.3174502,9999000.0,0.006606005,0.001889277,2.0,
146,0.001006068,4.721109926422231,-1.4347881248888044,53.82728014652203,22.257283077768516,0.003278448,0.01282447,0.08493725,0.4415945,0.3175846,9999000.0,0.006606774,0.001888425,2.0,
147,0.001005148,4.7371527245258385,-1.4382457821821362,53.825268817457726,22.23623479870476,0.003274969,0.01282563,0.08486763,0.4413754,0.3177181,9999000.0,0.00660755,0.001887582,2.0,
148,0.001004235,4.7531659486718505,-1.4416969362809695,53.84223389013606,22.21529725780949,0.003271513,0.01282682,0.08479833,0.4411572,0.3178507,9999000.0,0.006608334,0.001886748,2.0,
149,0.001003328,4.769139678648859,-1.4451547791295027,53.840200749268035,22.19446533174552,0.003268081,0.01282801,0.08472934,0.44094,0.3179824,9999000.0,0.006609125,0.001885923,2.0,
150,0.001002428,4.785064067211247,-1.448647688883149,53.83819718792466,22.173743860543222,0.003264673,0.01282922,0.08466067,0.4407237,0.3181133,9999000.0,0.006609924,0.001885107,2.0,
151,0.001001534,4.800959316377508,-1.4521265602740385,53.83621035737342,22.15312978225372,0.003261288,0.01283044,0.08459231,0.4405084,0.3182435,9999000.0,0.006610724,0.001884299,2.0,
152,0.001000646,4.816815558457981,-1.4556378144580293,53.85308539325926,22.13261997420193,0.003257927,0.01283167,0.08452425,0.440294,0.3183728,9999000.0,0.006611533,0.001883501,2.0,
153,0.0009997646,4.832642885550768,-1.459150651077664,53.86997359787266,22.112212813674684,0.003254589,0.01283291,0.08445651,0.4400806,0.3185012,9999000.0,0.006612352,0.001882711,2.0,
154,0.0009988892,4.8484215512403654,-1.4626861035191823,53.8679621907325,22.09191322286493,0.003251274,0.01283417,0.08438906,0.4398681,0.3186287,9999000.0,0.006613178,0.001881929,2.0,
155,0.0009980199,4.8641617121567755,-1.4662152010267704,53.88476669852898,22.071718113641452,0.003247981,0.01283543,0.08432192,0.4396565,0.3187554,9999000.0,0.006614012,0.001881156,2.0,
156,0.0009971568,4.879863477281621,-1.4697720250436817,53.8827711272603,22.05162334661024,0.003244711,0.01283671,0.08425507,0.4394458,0.3188814,9999000.0,0.006614854,0.001880391,2.0,
157,0.0009962997,4.895536911301484,-1.4733432065376206,53.89956190777639,22.031632773760027,0.003241464,0.012838,0.08418852,0.439236,0.3190065,9999000.0,0.006615701,0.001879635,2.0,
158,0.0009954487,4.9111623835695735,-1.476804997536611,53.89755591662015,22.011741729749307,0.003238238,0.0128393,0.08412227,0.4390271,0.3191308,9999000.0,0.006616554,0.001878887,2.0,
159,0.0009944612,4.926759799137243,-1.4803964326168852,53.895571261661885,21.991947772350663,0.003234743,0.01283923,0.08405439,0.4388191,0.3191759,9999000.0,0.006623591,0.001878099,2.0,
160,0.0009936808,4.942319427556019,-1.4839740993972228,53.91227932374582,21.972256679614567,0.003231682,0.01284113,0.08398951,0.438612,0.3193311,9999000.0,0.006621912,0.001877386,2.0,
161,0.0009928913,4.957841421556192,-1.487597529724276,53.91030275783055,21.952661810578423,0.003228612,0.0128429,0.08392472,0.4384058,0.3194773,9999000.0,0.006620877,0.001876677,2.0,
162,0.0009920919,4.973325932923066,-1.4912138109281514,53.92697646227752,21.93316738130109,0.003225531,0.01284452,0.08386001,0.4382004,0.3196142,9999000.0,0.006620523,0.001875971,2.0,
163,0.0009912819,4.988773112504721,-1.49485778313408,53.924989604953154,21.913767569427407,0.003222438,0.012846,0.08379536,0.4379959,0.3197412,9999000.0,0.006620887,0.001875266,2.0,
164,0.0009904604,5.004183110219692,-1.498505278553509,53.923049503196964,21.894463210237625,0.00321933,0.01284732,0.08373076,0.4377923,0.319858,9999000.0,0.006622005,0.001874564,2.0,
165,0.0009896268,5.019565819029369,-1.5021607672522777,53.939665290421615,21.87525211330593,0.003216207,0.01284847,0.08366621,0.4375895,0.3199643,9999000.0,0.006623914,0.001873862,2.0,
166,0.0009887803,5.03490188189344,-1.5058297211523453,53.956262786852136,21.85613919204051,0.003213066,0.01284946,0.08360168,0.4373875,0.3200596,9999000.0,0.006626646,0.001873162,2.0,
167,0.0009879203,5.050210916855797,-1.509513379121472,53.95426041005729,21.83711785036727,0.003209906,0.01285027,0.08353717,0.4371864,0.3201436,9999000.0,0.006630235,0.001872462,2.0,
168,0.0009872594,5.065483302625033,-1.5132026325643295,53.970826931076346,21.818189187628924,0.003207166,0.01285299,0.08347554,0.4369862,0.320334,9999000.0,0.006625261,0.001871839,2.0,
169,0.0009864714,5.080719232452557,-1.5169063483838983,53.968868899378734,21.799351077788085,0.003204172,0.01285442,0.08341241,0.4367867,0.3204504,9999000.0,0.006626151,0.001871176,2.0,
170,0.0009856888,5.095928485861028,-1.520616799397402,53.98540717026712,21.78060376559047,0.003201199,0.01285586,0.08334954,0.4365881,0.320566,9999000.0,0.006627048,0.00187052,2.0,
171,0.0009849113,5.111091872514589,-1.5243387777822548,53.98342300265051,21.76194961275964,0.003198244,0.01285732,0.08328694,0.4363903,0.3206809,9999000.0,0.006627954,0.001869871,2.0,
172,0.000984139,5.126219210945435,-1.528097325280406,53.99991731177738,21.743385484498372,0.003195309,0.01285877,0.0832246,0.4361933,0.320795,9999000.0,0.006628873,0.00186923,2.0,
173,0.0009833717,5.141320251544967,-1.5318435469702933,53.9979364338582,21.72490601776778,0.003192393,0.01286024,0.08316253,0.4359971,0.3209083,9999000.0,0.006629807,0.001868595,2.0,
174,0.0009826093,5.156385493944258,-1.5356022777243723,54.01437174789031,21.706518423805985,0.003189495,0.01286172,0.08310071,0.4358017,0.3210207,9999000.0,0.00663076,0.001867967,2.0,
175,0.0009818516,5.171415102358771,-1.5393859765422633,54.03082057525498,21.688214417616578,0.003186616,0.0128632,0.08303915,0.4356071,0.3211322,9999000.0,0.006631736,0.001867346,2.0,
176,0.0009810985,5.1864091692365015,-1.5431684394309286,54.02881933536365,21.670001437834415,0.003183754,0.01286469,0.08297784,0.4354133,0.3212427,9999000.0,0.00663274,0.001866731,2.0,
177,0.0009803498,5.201367857132616,-1.5469724778343235,54.04523802187761,21.65187354946893,0.003180909,0.01286618,0.08291678,0.4352202,0.3213522,9999000.0,0.006633776,0.001866123,2.0,
178,0.0009796054,5.216291327666011,-1.5507715925864218,54.043218966216386,21.63382773317697,0.003178082,0.01286767,0.08285596,0.4350279,0.3214606,9999000.0,0.006634853,0.001865522,2.0,
179,0.0009788651,5.231179670940207,-1.5545979453772816,54.077981917554325,21.61587043946154,0.003175271,0.01286916,0.08279539,0.4348364,0.3215678,9999000.0,0.006635974,0.001864926,2.0,
180,0.0009781287,5.246042563585122,-1.5584205086783953,54.057611828850796,21.597992933857068,0.003172476,0.01287065,0.08273505,0.4346457,0.3216738,9999000.0,0.006637149,0.001864337,2.0,
181,0.0009773968,5.260870568663623,-1.562275522038881,54.073924857032125,21.580203648449483,0.003169698,0.01287215,0.08267496,0.4344557,0.321779,9999000.0,0.006638342,0.001863754,2.0,
182,0.0009766695,5.275663868151359,-1.5661389193599575,54.09025601865737,21.56249331061776,0.003166938,0.01287366,0.08261512,0.4342665,0.3218834,9999000.0,0.006639552,0.001863178,2.0,
183,0.0009759462,5.290422572737202,-1.57001523364778,54.10653983508858,21.544865770315237,0.003164194,0.01287517,0.08255551,0.434078,0.3219867,9999000.0,0.006640806,0.001862607,2.0,
184,0.0009752268,5.305146815817599,-1.5254150991234,54.12281626522022,21.527319746552287,0.003161465,0.01287667,0.08249613,0.4338903,0.3220888,9999000.0,0.006642106,0.001862042,2.0,
185,0.000974511,5.319836729999446,-1.5326189452507677,54.12076886305918,21.50985564701278,0.003158752,0.01287818,0.08243699,0.4337032,0.3221898,9999000.0,0.006643457,0.001861483,2.0,
186,0.0009737989,5.334492470458708,-1.5398635519306794,54.13699860070422,21.49246782053217,0.003156054,0.01287968,0.08237807,0.433517,0.3222895,9999000.0,0.006644863,0.00186093,2.0,
187,0.0009730904,5.3491235026199515,-1.547106806390211,54.13498970713067,21.475159188393683,0.00315337,0.01288119,0.08231937,0.4333314,0.322388,9999000.0,0.006646328,0.001860383,2.0,
188,0.000972385,5.363720590829198,-1.5543964215861124,54.15118256839935,21.45793069029952,0.003150701,0.01288268,0.08226089,0.4331466,0.3224851,9999000.0,0.006647856,0.001859841,2.0,
189,0.0009716829,5.378274468495551,-1.5616802036946211,54.16736908335828,21.44078129456238,0.003148046,0.01288418,0.08220264,0.4329625,0.3225809,9999000.0,0.006649453,0.001859304,2.0,
190,0.0009709839,5.3928040260870125,-1.5689970561062125,53.31401111938408,21.423706174003367,0.003145404,0.01288566,0.0821446,0.4327791,0.3226752,9999000.0,0.006651125,0.001858773,2.0,
191,0.0009702877,5.407300003132571,-1.5763284425422057,53.313024368564726,21.406709209962425,0.003142776,0.01288714,0.08208676,0.4325964,0.3227681,9999000.0,0.006652877,0.001858247,2.0,
192,0.0009695967,5.421762550272087,-1.5836700194888067,53.32868816889538,21.38979005199291,0.003140165,0.01288864,0.08202918,0.4324144,0.3228607,9999000.0,0.006654603,0.001857727,2.0,
193,0.0009690908,5.436201035272875,-1.5910353851843269,53.32768429994276,21.372943670568052,0.003137944,0.01289196,0.08197426,0.432233,0.3230534,9999000.0,0.006647905,0.001857288,2.0,
194,0.0009684255,5.450597040072886,-1.5984286055252284,53.34334003130657,21.35617458558592,0.0031354,0.01289365,0.08191736,0.4320524,0.3231542,9999000.0,0.006648836,0.001856787,2.0,
195,0.0009677644,5.464959946512248,-1.6058267347200825,53.358949823395875,21.339480957163403,0.003132873,0.01289534,0.08186069,0.4318725,0.3232545,9999000.0,0.006649768,0.001856291,2.0,
196,0.0009671077,5.479289925376439,-1.6132567802251288,53.374556846144614,21.322859105591974,0.003130361,0.01289704,0.08180424,0.4316932,0.3233543,9999000.0,0.006650703,0.001855801,2.0,
197,0.0009664553,5.493596303612361,-1.6206881593135947,53.373518139707485,21.306307649065598,0.003127866,0.01289875,0.08174801,0.4315147,0.3234534,9999000.0,0.00665164,0.001855317,2.0,
198,0.0009658071,5.507860759545981,-1.628151807619446,53.372508157905685,21.289835377609624,0.003125385,0.01290046,0.08169201,0.4313368,0.323552,9999000.0,0.006652578,0.001854838,2.0,
199,0.0009651631,5.522101807003798,-1.63562793135398,53.38806448452931,21.27342877274571,0.003122921,0.01290219,0.08163623,0.4311595,0.32365,9999000.0,0.00665352,0.001854364,2.0,
200,0.0009645232,5.536310387582305,-1.6431251240868505,53.403595497802186,21.25709658345106,0.003120471,0.01290392,0.08158067,0.430983,0.3237474,9999000.0,0.006654463,0.001853896,2.0,
201,0.0009638873,5.550514120518255,-1.6506451924129095,53.40254873739745,21.24083264580139,0.003118036,0.01290566,0.08152533,0.4308071,0.3238443,9999000.0,0.006655409,0.001853434,2.0,
202,0.0009632554,5.564648887990652,-1.6581730972307085,53.41807217732743,21.224643776102457,0.003115616,0.01290741,0.0814702,0.4306318,0.3239406,9999000.0,0.006656357,0.001852976,2.0,
203,0.0009626276,5.5787606929888085,-1.6657237586806986,53.43353573252416,21.20852104477875,0.003113211,0.01290916,0.08141529,0.4304572,0.3240364,9999000.0,0.006657309,0.001852524,2.0,
204,0.0009620036,5.5928404885187355,-1.6732937774047798,53.43247738511994,21.192467112043957,0.003110821,0.01291092,0.0813606,0.4302832,0.3241315,9999000.0,0.006658264,0.001852076,2.0,
205,0.0009613836,5.606888415855028,-1.6808865665841068,53.46447034018101,21.176483853857263,0.003108445,0.01291269,0.08130611,0.4301099,0.3242261,9999000.0,0.006659224,0.001851634,2.0,
206,0.0009607675,5.620904569759146,-1.6884717914432628,53.46338482590602,21.16056786237604,0.003106083,0.01291446,0.08125183,0.4299372,0.3243202,9999000.0,0.006660188,0.001851197,2.0,
207,0.0009601552,5.63488906726679,-1.6961053068615115,53.46229789180755,21.144717964937886,0.003103736,0.01291624,0.08119776,0.4297651,0.3244136,9999000.0,0.006661159,0.001850765,2.0,
208,0.0009595467,5.64884202474997,-1.7037537512602157,53.49420338089024,21.1289379355326,0.003101403,0.01291803,0.0811439,0.4295937,0.3245065,9999000.0,0.006662136,0.001850338,2.0,
209,0.0009589419,5.662763580727082,-1.7114080838332413,53.493082191088746,21.11322287877849,0.003099083,0.01291983,0.08109024,0.4294229,0.3245988,9999000.0,0.006663121,0.001849916,2.0,
210,0.0009583407,5.676644793538532,-1.7190939743929334,53.508462157489305,21.097577325856886,0.003096778,0.01292162,0.08103678,0.4292527,0.3246904,9999000.0,0.006664117,0.001849498,2.0,
211,0.0009577431,5.6905038597389535,-1.7267669145211926,53.50734720400976,21.081995068900405,0.003094486,0.01292343,0.08098353,0.4290831,0.3247814,9999000.0,0.006665124,0.001849086,2.0,
212,0.000957149,5.704331844765039,-1.734499735508365,53.53914185588832,21.06647809653544,0.003092207,0.01292524,0.08093047,0.4289141,0.3248718,9999000.0,0.006666145,0.001848678,2.0,
213,0.0009565583,5.718128884459992,-1.7422264255486724,53.538007518124715,21.05102444676923,0.003089941,0.01292705,0.08087761,0.4287457,0.3249614,9999000.0,0.006667184,0.001848274,2.0,
214,0.0009559709,5.731895068557584,-1.7499382232876712,53.553302702450765,21.035634859980004,0.003087688,0.01292886,0.08082495,0.428578,0.3250504,9999000.0,0.006668242,0.001847875,2.0,
215,0.0009553867,5.745621546526422,-1.7577198996867267,53.55215037833989,21.02031235116168,0.003085447,0.01293068,0.08077248,0.4284108,0.3251385,9999000.0,0.006669326,0.001847481,2.0,
216,0.0009548057,5.759326391178556,-1.765524467014714,53.583865045768164,21.00504758294539,0.003083219,0.0129325,0.0807202,0.4282443,0.3252258,9999000.0,0.00667044,0.001847092,2.0,
217,0.0009542275,5.773000691230191,-1.7732828841776964,53.58268372320356,20.98984997991293,0.003081003,0.01293432,0.08066811,0.4280783,0.3253122,9999000.0,0.006671588,0.001846706,2.0,
218,0.0009536521,5.786644601960289,-1.7811305604253747,53.59793646530932,20.97471389184644,0.003078798,0.01293613,0.0806162,0.4279129,0.3253977,9999000.0,0.006672779,0.001846325,2.0,
219,0.0009530791,5.800249303920068,-1.7889790098652014,53.613143671628535,20.95963959701036,0.003076604,0.01293794,0.08056448,0.4277481,0.3254821,9999000.0,0.00667402,0.001845947,2.0,
220,0.0009525084,5.813832754760215,-1.7968116594034456,53.6283562499884,20.944625334563174,0.00307442,0.01293975,0.08051293,0.4275839,0.3255654,9999000.0,0.006675321,0.001845574,2.0,
221,0.0009519398,5.827377241481565,-1.8046622254550115,53.64355018089444,20.929672181271023,0.003072247,0.01294155,0.08046155,0.4274202,0.3256474,9999000.0,0.006676692,0.001845204,2.0,
222,0.000951373,5.84089177770418,-1.8125661458076436,53.6423011865984,20.914779320235105,0.003070082,0.01294333,0.08041034,0.4272572,0.325728,9999000.0,0.006678147,0.001844837,2.0,
223,0.0009508077,5.854385321114477,-1.820447379709485,53.65748618430902,20.899941988030672,0.003067926,0.0129451,0.08035929,0.4270946,0.325807,9999000.0,0.006679699,0.001844474,2.0,
224,0.0009502435,5.867840285032226,-1.828399241299195,53.67260690588941,20.885168344611948,0.003065778,0.01294686,0.08030839,0.4269327,0.3258843,9999000.0,0.006681365,0.001844114,2.0,
225,0.00094968,5.881265617208014,-1.836332311383984,53.687749864712146,20.870453977954444,0.003063637,0.01294859,0.08025765,0.4267713,0.3259596,9999000.0,0.006683162,0.001843757,2.0,
226,0.0009491168,5.894652612832148,-1.8442922982947252,53.70285517734902,20.855796923690267,0.003061502,0.01295029,0.08020706,0.4266105,0.3260328,9999000.0,0.006685111,0.001843403,2.0,
227,0.0009485536,5.908019009752122,-1.8522630726500466,53.71795183610381,20.841196551721026,0.003059372,0.01295197,0.0801566,0.4264502,0.3261036,9999000.0,0.006687235,0.001843051,2.0,
228,0.0009481571,5.921347327950354,-1.1914296490507468,53.73304433613529,20.82665783614332,0.003057593,0.01295536,0.08010853,0.4262905,0.3262656,9999000.0,0.006681231,0.001842784,2.0,
229,0.0009476233,5.934655227519576,-1.1965842435384246,53.74808039121392,20.81216816548657,0.003055534,0.01295728,0.08005875,0.4261313,0.3263483,9999000.0,0.006682205,0.001842452,2.0,
230,0.0009470926,5.947925258903158,-1.201798852821284,53.74676151655002,20.79774350977719,0.003053487,0.01295922,0.08000914,0.4259726,0.3264306,9999000.0,0.00668318,0.001842124,2.0,
231,0.0009465651,5.961157586705008,-1.2070187074294694,53.76179424571717,20.78337420657921,0.003051452,0.01296115,0.07995971,0.4258145,0.3265124,9999000.0,0.006684158,0.001841799,2.0,
232,0.0009460407,5.974369788752568,-1.2122861145462451,53.156429058008996,20.769057898846384,0.003049429,0.0129631,0.07991046,0.425657,0.3265937,9999000.0,0.006685137,0.001841479,2.0,
233,0.0009455193,5.987553210021922,-1.2175772923318675,53.170964286082366,20.754793540462437,0.003047417,0.01296504,0.07986139,0.4254999,0.3266746,9999000.0,0.006686118,0.001841163,2.0,
234,0.0009450009,6.000699270274157,-1.2229079880586013,53.185473357488064,20.740592021280236,0.003045415,0.01296699,0.07981249,0.4253434,0.3267549,9999000.0,0.006687102,0.00184085,2.0,
235,0.0009444855,6.013816776351292,-1.228253157543726,53.199941413658465,20.72643805392748,0.003043425,0.01296895,0.07976377,0.4251874,0.3268348,9999000.0,0.006688089,0.001840541,2.0,
236,0.0009439731,6.026923180940712,-1.2336389030427526,53.19910756665372,20.712344193760476,0.003041447,0.01297091,0.07971522,0.425032,0.3269142,9999000.0,0.006689078,0.001840236,2.0,
237,0.0009434638,6.039940531220504,-1.2390547931872362,53.21359243382719,20.69830237166084,0.003039479,0.01297287,0.07966685,0.424877,0.3269931,9999000.0,0.006690071,0.001839935,2.0,
238,0.0009429574,6.053024933405595,-1.2445063998280546,53.22802951232889,20.684311018886696,0.003037523,0.01297484,0.07961864,0.4247226,0.3270716,9999000.0,0.006691069,0.001839637,2.0,
239,0.0009424534,6.066003279809826,-1.2499880923838447,53.227126031882506,20.670380329014403,0.003035576,0.0129768,0.0795706,0.4245687,0.3271496,9999000.0,0.006692071,0.001839342,2.0,
240,0.0009419522,6.07896226517597,-1.2555014520955297,53.24152819202655,20.656495490311833,0.00303364,0.01297877,0.07952273,0.4244153,0.327227,9999000.0,0.006693081,0.001839051,2.0,
241,0.0009414538,6.091901969307891,-1.2610630837662598,53.25593227897318,20.642665304306437,0.003031714,0.01298075,0.07947501,0.4242624,0.3273039,9999000.0,0.0066941,0.001838764,2.0,
242,0.0009409581,6.104736434707695,-1.2666313129850337,53.27027924232516,20.628882864612006,0.003029798,0.01298272,0.07942747,0.4241099,0.3273803,9999000.0,0.006695131,0.00183848,2.0,
243,0.0009404654,6.117637831689625,-1.2722443233576612,53.28464339171438,20.615150745903293,0.003027894,0.0129847,0.07938009,0.4239581,0.327456,9999000.0,0.006696179,0.0018382,2.0,
244,0.0009399749,6.130520118443737,-1.2778816426648234,53.298974996390314,20.601474259692345,0.003025999,0.01298668,0.07933287,0.4238067,0.3275311,9999000.0,0.006697243,0.001837923,2.0,
245,0.0009394864,6.14329771779222,-1.2835661553748565,53.31331165216298,20.587847369810348,0.003024112,0.01298866,0.07928581,0.4236557,0.3276056,9999000.0,0.006698326,0.001837649,2.0,
246,0.0009390007,6.156056550096668,-1.2892715093547125,53.31233813671999,20.574268037815923,0.003022237,0.01299064,0.0792389,0.4235053,0.3276793,9999000.0,0.006699437,0.001837379,2.0,
247,0.000938518,6.168796692414233,-1.2950184556379085,53.32660718999408,20.560735890266088,0.003020372,0.01299262,0.07919217,0.4233554,0.3277526,9999000.0,0.006700552,0.001837112,2.0,
248,0.0009380372,6.181518177490094,-1.300792959193572,53.32564372806954,20.54726240069822,0.003018515,0.0129946,0.07914557,0.4232059,0.3278252,9999000.0,0.006701687,0.001836849,2.0,
249,0.0009375587,6.194221059883064,-1.3066195805755,53.35513899670798,20.53382798818573,0.003016667,0.01299658,0.07909913,0.4230569,0.3278971,9999000.0,0.006702848,0.001836588,2.0,
250,0.0009370821,6.20690541587309,-1.3124689814658907,53.35409609991035,20.520448448660883,0.003014827,0.01299856,0.07905284,0.4229084,0.3279684,9999000.0,0.006704035,0.00183633,3.0,
251,0.0009366077,6.21957127754504,-1.318332942008034,53.36831529853117,20.50711774987124,0.003012997,0.01300053,0.07900671,0.4227604,0.3280389,9999000.0,0.006705254,0.001836075,3.0,
252,0.0009361351,6.232133958405943,-1.3242468326905765,53.382520869022045,20.49383430909435,0.003011174,0.01300249,0.07896073,0.4226129,0.3281086,9999000.0,0.006706504,0.001835822,3.0,
253,0.0009356645,6.24467849789328,-1.3302911095090764,53.396720826926554,20.48059578518889,0.003009361,0.01300446,0.07891489,0.4224658,0.3281775,9999000.0,0.006707793,0.001835573,3.0,
254,0.000935196,6.257204970206898,-1.3362829391983269,53.41088872485115,20.467404727526358,0.003007555,0.01300642,0.07886918,0.4223191,0.3282455,9999000.0,0.006709124,0.001835327,3.0,
255,0.0009347291,6.269713405510611,-1.342306524905439,53.42500989516715,20.45425865926697,0.003005758,0.01300838,0.07882362,0.422173,0.3283127,9999000.0,0.006710498,0.001835083,3.0,
256,0.000934264,6.282203877517683,-1.3483608161401506,53.43913496372008,20.44116268911667,0.003003968,0.01301033,0.07877821,0.4220273,0.328379,9999000.0,0.006711919,0.001834842,3.0,
257,0.0009338002,6.294676415980305,-1.3544370394003309,53.453235002792354,20.42811312866896,0.003002185,0.01301227,0.07873294,0.421882,0.3284443,9999000.0,0.006713388,0.001834603,3.0,
258,0.0009333378,6.307131072315537,-1.3605975736930986,53.452123456353476,20.415107218594763,0.003000409,0.0130142,0.0786878,0.4217372,0.3285087,9999000.0,0.00671491,0.001834367,3.0,
259,0.0009328767,6.319484005543245,-1.3667542900712633,53.48142062051184,20.402148178895988,0.00299864,0.01301612,0.0786428,0.4215929,0.3285722,9999000.0,0.006716487,0.001834132,3.0,
260,0.0009324172,6.331819419584832,-1.3729382423381864,53.49547984361419,20.38923638696874,0.002996878,0.01301804,0.07859793,0.421449,0.3286346,9999000.0,0.006718122,0.0018339,3.0,
261,0.0009319674,6.344137342364248,-1.3791845218264953,53.509516770834296,20.376365042008512,0.00299514,0.01302004,0.07855331,0.4213055,0.3287007,9999000.0,0.006719367,0.001833676,3.0,
262,0.0009315371,6.3564378234091325,-1.3854486132577009,53.52353956278793,20.363534992399877,0.002993446,0.01302222,0.07850906,0.4211625,0.3287762,9999000.0,0.006719717,0.001833463,3.0,
263,0.0009311085,6.3687209337648865,-1.391749778765579,53.537565170424486,20.350747766315394,0.002991761,0.0130244,0.07846495,0.4210199,0.3288506,9999000.0,0.006720116,0.001833254,3.0,
264,0.0009306812,6.380986700777768,-1.3981026799965264,53.551528956670154,20.338014591114177,0.002990082,0.01302657,0.07842097,0.4208778,0.3289242,9999000.0,0.006720559,0.001833046,3.0,
265,0.0009302549,6.393151989887387,-1.4045142374709485,53.565485511727715,20.325316857332197,0.002988408,0.01302872,0.07837711,0.420736,0.3289969,9999000.0,0.006721044,0.00183284,3.0,
266,0.0009298303,6.405300288311359,-1.4109280073374748,53.57944547786727,20.312668290990565,0.002986742,0.01303088,0.0783334,0.4205947,0.3290687,9999000.0,0.006721573,0.001832637,3.0,
267,0.0009294073,6.4175145730423155,-1.4173837445999027,53.59337642313051,20.300051785453363,0.002985084,0.01303303,0.07828981,0.4204539,0.3291398,9999000.0,0.006722146,0.001832436,3.0,
268,0.0009289856,6.429546037806608,-1.4239155911470078,53.62258756714087,20.287495385254147,0.002983431,0.01303516,0.07824636,0.4203135,0.3292099,9999000.0,0.006722756,0.001832237,3.0,
269,0.0009285654,6.441643604926623,-1.4304308861006731,53.62122763065436,20.27496662401143,0.002981786,0.0130373,0.07820303,0.4201734,0.3292793,9999000.0,0.006723405,0.001832041,3.0,
270,0.0009281467,6.453724326853787,-1.437011877878689,53.635101370508664,20.26248322678476,0.002980147,0.01303943,0.07815984,0.4200338,0.3293479,9999000.0,0.00672409,0.001831847,3.0,
271,0.0009277294,6.465705823826805,-1.4436424536914672,53.64896161599316,20.25004280147307,0.002978516,0.01304155,0.07811677,0.4198947,0.3294156,9999000.0,0.006724808,0.001831655,3.0,
272,0.000927314,6.477753174535353,-1.4503208853226681,53.6628003047945,20.237636113938745,0.002976891,0.01304367,0.07807384,0.4197559,0.3294828,9999000.0,0.006725558,0.001831466,3.0,
273,0.0009269,6.4897015988189395,-1.457023817588393,53.6919174679241,20.225285381064314,0.002975273,0.01304578,0.07803105,0.4196176,0.3295492,9999000.0,0.006726337,0.001831278,3.0,
274,0.0009264873,6.50163361159679,-1.4637587757994552,53.70571395657238,20.212967668576574,0.002973661,0.01304788,0.07798837,0.4194796,0.329615,9999000.0,0.00672714,0.001831093,3.0,
275,0.0009260763,6.513467219064224,-1.4705284699848988,53.71951450916822,20.200694481955843,0.002972057,0.01304999,0.07794582,0.4193421,0.3296801,9999000.0,0.006727967,0.001830909,3.0,
276,0.0009256665,6.5253666775524355,-1.4773382476386487,53.73330921852303,20.188452892446556,0.002970459,0.01305208,0.0779034,0.419205,0.329744,9999000.0,0.006728869,0.001830729,3.0,
277,0.0009252575,6.537168043487778,-1.4842308041480976,53.76235587671651,20.1762540760663,0.002968865,0.01305416,0.07786109,0.4190683,0.3298071,9999000.0,0.006729818,0.00183055,3.0,
278,0.0009248506,6.549035103471429,-1.491120511432669,53.776093548454156,20.164096667858615,0.00296728,0.01305625,0.07781891,0.418932,0.3298697,9999000.0,0.006730769,0.001830373,3.0,
279,0.0009244455,6.560804381749761,-1.4980569826038348,53.80516790332514,20.15197884707979,0.002965701,0.01305833,0.07777686,0.418796,0.3299321,9999000.0,0.00673172,0.001830198,3.0,
280,0.0009240423,6.572557758169589,-1.505047526351504,53.81884887307619,20.139901940253363,0.00296413,0.01306041,0.07773495,0.4186605,0.3299939,9999000.0,0.006732671,0.001830025,3.0,
281,0.000923641,6.584213881154215,-1.5120898563116114,53.83254795807187,20.12785573956769,0.002962566,0.01306249,0.07769316,0.4185253,0.3300555,9999000.0,0.006733623,0.001829855,3.0,
282,0.0009232421,6.595935649563468,-1.5191611775073852,53.846227951953864,20.115851076717174,0.002961012,0.01306458,0.07765152,0.4183906,0.3301166,9999000.0,0.006734579,0.001829688,3.0,
283,0.0009228448,6.607560489666431,-1.5262537240118945,53.87523433087921,20.10388826714218,0.002959463,0.01306666,0.07760999,0.4182563,0.3301774,9999000.0,0.006735531,0.001829522,3.0,
284,0.0009224496,6.619169794772408,-1.5334292123129956,53.88888890395371,20.09195962322533,0.002957923,0.01306874,0.0775686,0.4181223,0.3302377,9999000.0,0.006736486,0.001829359,3.0,
285,0.0009220563,6.6307636063403095,-1.540608864565428,53.90250735835596,20.08006661234703,0.002956389,0.01307083,0.07752733,0.4179887,0.3302978,9999000.0,0.006737441,0.001829198,3.0,
286,0.0009216649,6.6423419656633245,-1.5478710397387516,53.91612230300369,20.068214263357078,0.002954863,0.01307292,0.07748618,0.4178555,0.3303574,9999000.0,0.006738396,0.00182904,3.0,
287,0.0009212751,6.653904935213781,-1.5551716145839407,53.94510324645928,20.056393799051122,0.002953343,0.013075,0.07744517,0.4177227,0.3304166,9999000.0,0.00673935,0.001828883,3.0,
288,0.000920887,6.665371918490619,-1.5624996810232332,53.97408369885348,20.044617963388482,0.002951829,0.01307708,0.07740428,0.4175902,0.3304755,9999000.0,0.006740302,0.001828728,3.0,
289,0.0009205009,6.6768237856386525,-1.5698653104452518,53.9722228512521,20.032869938601458,0.002950324,0.01307917,0.07736352,0.4174582,0.330534,9999000.0,0.006741257,0.001828576,3.0,
290,0.0009201166,6.688260597752382,-1.5773103267610722,54.00114946257936,20.02116372363425,0.002948825,0.01308125,0.07732288,0.4173265,0.3305922,9999000.0,0.006742211,0.001828425,3.0,
291,0.0009197339,6.699682351853858,-1.5847689816106296,54.03012603321059,20.0094908297484,0.002947332,0.01308333,0.07728235,0.4171951,0.33065,9999000.0,0.006743165,0.001828276,3.0,
292,0.0009193533,6.7110089365188665,-1.5922919312918182,54.04364442753109,19.99785068116029,0.002945848,0.01308541,0.07724196,0.4170642,0.3307074,9999000.0,0.00674412,0.00182813,3.0,
293,0.0009189743,6.7224008831567446,-1.5998501824682023,54.05712974547214,19.986248629592826,0.002944369,0.0130875,0.07720168,0.4169336,0.3307645,9999000.0,0.006745074,0.001827986,3.0,
294,0.0009185969,6.733697905284044,-1.6074723430889861,54.086091823128584,19.974683067553315,0.002942897,0.01308958,0.07716152,0.4168033,0.3308213,9999000.0,0.006746026,0.001827843,3.0,
295,0.0009182212,6.744980277093684,-1.6151339051462088,54.099514182392824,19.963151824599954,0.002941431,0.01309166,0.07712148,0.4166735,0.3308777,9999000.0,0.006746979,0.001827702,3.0,
296,0.0009178471,6.756248015380743,-1.6228252674459185,54.128451730796385,19.951650551061384,0.002939971,0.01309373,0.07708156,0.4165439,0.3309337,9999000.0,0.00674793,0.001827564,3.0,
297,0.0009174746,6.7674214838829325,-1.6305793021658133,54.14189081503004,19.940189233147866,0.002938518,0.01309581,0.07704175,0.4164147,0.3309894,9999000.0,0.00674888,0.001827426,3.0,
298,0.0009171042,6.778660171750321,-1.6383621674870952,54.1708218428401,19.928761074683383,0.002937072,0.01309789,0.07700208,0.416286,0.3310447,9999000.0,0.006749832,0.001827292,3.0,
299,0.0009167349,6.789804891234452,-1.6462054041813303,54.19975415714262,19.917364110046183,0.002935631,0.01309997,0.0769625,0.4161575,0.3310997,9999000.0,0.006750781,0.001827158,3.0,
300,0.0009163674,6.800935331976637,-1.6541245726114084,54.22873781016763,19.906002003772674,0.002934197,0.01310204,0.07692305,0.4160293,0.3311544,9999000.0,0.006751729,0.001827027,3.0,
301,0.0009160013,6.811972264097831,-1.662056645801485,54.24210953068953,19.894676752987376,0.002932769,0.01310411,0.07688372,0.4159016,0.3312087,9999000.0,0.006752675,0.001826897,3.0,
302,0.0009156374,6.82307435810788,-1.6700489266220444,54.25539050921688,19.883381045582635,0.002931348,0.01310618,0.07684451,0.4157742,0.3312627,9999000.0,0.006753624,0.001826769,3.0,
303,0.0009152745,6.834083217485506,-1.678053266789746,54.28435651519206,19.872122580297344,0.002929932,0.01310825,0.0768054,0.4156471,0.3313163,9999000.0,0.006754568,0.001826643,3.0,
304,0.0009149133,6.8450781651019765,-1.6861449297855557,54.31330972557157,19.86088725843833,0.002928522,0.01311032,0.0767664,0.4155204,0.3313695,9999000.0,0.006755513,0.001826519,3.0,
305,0.0009145538,6.85605921503965,-1.6942947046951957,54.32657527214772,19.84968480267994,0.002927119,0.0131124,0.07672751,0.415394,0.3314225,9999000.0,0.006756455,0.001826396,3.0,
306,0.0009141959,6.866947615179044,-1.7024927699739578,54.355530402150706,19.83851937298102,0.002925722,0.01311446,0.07668875,0.4152679,0.3314751,9999000.0,0.006757397,0.001826275,3.0,
307,0.0009138395,6.877901095258081,-1.710747312689449,54.36877538547108,19.827382786934173,0.002924331,0.01311653,0.07665009,0.4151422,0.3315273,9999000.0,0.006758337,0.001826157,3.0,
308,0.0009134843,6.888762192700819,-1.719027315804773,54.41347753141747,19.81628023022774,0.002922944,0.0131186,0.07661154,0.4150168,0.3315792,9999000.0,0.006759274,0.001826039,3.0,
309,0.0009131307,6.899609749697274,-1.727340625811138,54.426701506912906,19.80520065338101,0.002921564,0.01312066,0.0765731,0.4148917,0.3316308,9999000.0,0.006760213,0.001825923,3.0,
310,0.0009127787,6.910365300609305,-1.7357583307024242,54.455644114521675,19.794221353359276,0.00292019,0.01312272,0.07653477,0.414767,0.331682,9999000.0,0.006761149,0.001825809,3.0,
311,0.0009124286,6.9211860386669555,-1.7441955550511636,54.48465467708883,19.7831397530565,0.002918823,0.01312479,0.07649655,0.4146426,0.3317329,9999000.0,0.006762089,0.001825697,3.0,
312,0.0009120793,6.931993210889252,-1.7527282537928244,54.51367753841765,19.772160470970974,0.00291746,0.01312685,0.07645843,0.4145185,0.3317834,9999000.0,0.006763023,0.001825586,3.0,
313,0.0009117313,6.942708874038335,-1.7612561362165593,54.54268363676326,19.761211433145856,0.002916102,0.0131289,0.07642043,0.4143947,0.3318337,9999000.0,0.006763955,0.001825476,3.0,
314,0.0009113845,6.9533333499912775,-1.7698738807334635,54.55582001089252,19.75029130140242,0.002914748,0.01313095,0.07638252,0.4142713,0.3318837,9999000.0,0.006764884,0.001825367,3.0,
315,0.0009110396,6.964022760838695,-1.7784988930054055,54.60074088584264,19.739400733311847,0.002913402,0.013133,0.07634473,0.4141482,0.3319332,9999000.0,0.006765814,0.00182526,3.0,
316,0.0009106958,6.974621240038745,-1.787204083836187,54.613859735632445,19.72853863667831,0.002912061,0.01313505,0.07630704,0.4140254,0.3319824,9999000.0,0.006766743,0.001825155,3.0,
317,0.0009103533,6.985206805477144,-1.7959962534628744,54.64291146914408,19.717704570661912,0.002910724,0.01313709,0.07626946,0.4139029,0.3320314,9999000.0,0.00676767,0.001825051,3.0,
318,0.0009100123,6.99577944671189,-1.804795307160873,54.671946885211696,19.70691917393715,0.002909393,0.01313914,0.07623198,0.4137807,0.33208,9999000.0,0.006768596,0.001824949,3.0,
319,0.0009096727,7.006339257889204,-1.8136454392644552,54.70102036926568,19.696165541397654,0.002908068,0.01314118,0.07619461,0.4136589,0.3321282,9999000.0,0.006769521,0.001824848,3.0,
320,0.0009093343,7.016808914608779,-1.8225847201785044,54.730107718646934,19.685380161885103,0.002906747,0.01314322,0.07615733,0.4135373,0.3321762,9999000.0,0.006770443,0.001824748,3.0,
321,0.0009089968,7.027265906873749,-1.8314372863164934,54.75919466095971,19.674667468976597,0.002905431,0.01314525,0.07612016,0.413416,0.3322238,9999000.0,0.006771361,0.001824649,3.0,
322,0.0009086609,7.0377103277416255,-1.8404445128464033,54.788310268532825,19.663980739155818,0.00290412,0.01314729,0.07608308,0.4132951,0.3322711,9999000.0,0.006772281,0.001824552,3.0,
323,0.000908326,7.048142228271946,-1.8495561148492214,54.817467419576346,19.65331133728187,0.002902814,0.01314932,0.07604611,0.4131744,0.332318,9999000.0,0.006773198,0.001824456,3.0,
324,0.0009079918,7.058484570067613,-1.8586513045432582,54.86279454888842,19.64267994148688,0.002901511,0.01315133,0.07600922,0.413054,0.3323648,9999000.0,0.00677411,0.00182436,3.0,
325,0.0009076595,7.068814572872669,-1.8678485184097013,54.8757480998857,19.63208350249764,0.002900215,0.01315336,0.07597245,0.412934,0.3324111,9999000.0,0.006775024,0.001824267,3.0,
326,0.0009073284,7.079132349325244,-1.877085634836888,54.92121131474498,19.621503651227933,0.002898923,0.01315538,0.07593577,0.4128142,0.3324572,9999000.0,0.006775935,0.001824175,3.0,
327,0.0009069984,7.08943782430147,-1.8863730852609564,54.950415179181846,19.610993238310442,0.002897637,0.01315739,0.07589919,0.4126948,0.3325029,9999000.0,0.006776844,0.001824084,3.0,
328,0.0009066698,7.099654551999894,-1.895741332699572,54.97967525597002,19.600412666924797,0.002896355,0.01315941,0.07586273,0.4125757,0.3325483,9999000.0,0.006777752,0.001823994,3.0,
329,0.0009063422,7.1098592169131045,-1.9051337188501805,55.00892964969296,19.589912255937158,0.002895078,0.01316141,0.07582637,0.4124569,0.3325935,9999000.0,0.006778658,0.001823905,3.0,
330,0.0009060157,7.120051888886159,-1.9146164549065787,55.03820005397252,19.579442279641817,0.002893805,0.01316342,0.07579009,0.4123383,0.3326383,9999000.0,0.006779562,0.001823817,3.0,
331,0.0009056904,7.13023261679165,-1.7471866551554527,54.742021946162794,19.56899861778311,0.002892537,0.01316542,0.0757539,0.41222,0.3326827,9999000.0,0.006780464,0.001823731,3.0,
332,0.0009053659,7.140325103853444,-1.7535688557815305,54.77052490330492,19.558581984924093,0.002891272,0.01316742,0.07571781,0.412102,0.332727,9999000.0,0.006781362,0.001823645,3.0,
333,0.0009050425,7.150405818158099,-1.7599859044966237,54.79905907407624,19.548237531024352,0.002890012,0.01316941,0.07568181,0.4119843,0.3327708,9999000.0,0.006782258,0.00182356,3.0,
334,0.0009047204,7.160474973749952,-1.7663794528267687,54.82760789260854,19.53783574613589,0.002888758,0.0131714,0.0756459,0.4118669,0.3328143,9999000.0,0.006783153,0.001823477,3.0,
335,0.0009043995,7.1705324315124255,-1.7728223327910868,54.840157737769616,19.527480454490092,0.002887507,0.01317339,0.0756101,0.4117497,0.3328576,9999000.0,0.006784045,0.001823394,3.0,
336,0.000904079,7.180502287577842,-1.7792426350930555,54.88470037878045,19.517169685177578,0.002886259,0.01317536,0.07557437,0.4116328,0.3329005,9999000.0,0.006784932,0.001823312,3.0,
337,0.0009037599,7.19046071599716,-1.7856765405398605,54.89722737072128,19.506869491476316,0.002885016,0.01317734,0.07553875,0.4115162,0.3329432,9999000.0,0.006785819,0.001823231,3.0,
338,0.0009034417,7.200331923181656,-1.7921649925822862,54.9257872820224,19.496607360238663,0.002883778,0.01317931,0.07550322,0.4113999,0.3329856,9999000.0,0.006786702,0.001823151,3.0,
339,0.000903125,7.210267640697605,-1.7986103561401023,54.970472396683334,19.486365894035302,0.002882544,0.01318128,0.07546779,0.4112839,0.3330276,9999000.0,0.006787587,0.001823073,3.0,
340,0.0009028091,7.220116361403209,-1.8050757668592041,54.946495330701524,19.47616839024737,0.002881315,0.01318325,0.07543245,0.4111682,0.3330693,9999000.0,0.006788467,0.001822995,3.0,
341,0.0009024943,7.229953930353115,-1.7323514755992093,54.95889797634183,19.465999281308413,0.00288009,0.01318521,0.07539719,0.4110527,0.3331107,9999000.0,0.006789346,0.001822919,3.0,
342,0.0009021805,7.23978045547721,-1.7383535617729393,55.00337125399314,19.45579294964554,0.002878868,0.01318717,0.07536202,0.4109375,0.3331519,9999000.0,0.006790223,0.001822844,3.0,
343,0.0009018673,7.249520446309332,-1.7444123238144869,55.031848480246765,19.445652878619434,0.00287765,0.01318912,0.07532694,0.4108225,0.3331928,9999000.0,0.006791095,0.001822768,3.0,
344,0.0009015554,7.2592495509055555,-1.7504658452278221,55.06031992248735,19.435527848710787,0.002876436,0.01319107,0.07529195,0.4107078,0.3332333,9999000.0,0.006791967,0.001822694,3.0,
345,0.0009012442,7.268967772981573,-1.7565132781999182,55.08883203923773,19.425431756656355,0.002875226,0.01319301,0.07525704,0.4105934,0.3332736,9999000.0,0.006792834,0.001822621,3.0,
346,0.0009009342,7.2786751162088414,-1.762587512779568,55.11730910597528,19.415361969676635,0.002874021,0.01319495,0.07522223,0.4104793,0.3333135,9999000.0,0.006793701,0.001822549,3.0,
347,0.0009006246,7.288296590543516,-1.7686632346548308,55.14581902399692,19.40531647011493,0.002872817,0.01319688,0.0751875,0.4103654,0.3333532,9999000.0,0.006794561,0.001822477,3.0,
348,0.0009003161,7.297907421747826,-1.7747744311880354,55.190632439817875,19.39528898063553,0.002871618,0.0131988,0.07515286,0.4102517,0.3333925,9999000.0,0.006795421,0.001822406,3.0,
349,0.0009000084,7.3074327842210085,-1.7808784578471233,55.21919223001112,19.38528726831436,0.002870423,0.01320072,0.07511831,0.4101384,0.3334315,9999000.0,0.006796277,0.001822335,3.0,
350,0.0008997018,7.317022482271803,-1.7870370045216433,55.247793932131344,19.375305256314853,0.002869232,0.01320264,0.07508384,0.4100253,0.3334703,9999000.0,0.006797132,0.001822266,3.0,
351,0.0008993955,7.326526902070803,-1.793183134657582,55.27637566090711,19.36534897780716,0.002868043,0.01320455,0.07504946,0.4099124,0.3335088,9999000.0,0.006797981,0.001822196,3.0,
352,0.0008990906,7.335946208912482,-1.7993442461631233,55.305009945342235,19.355476392919734,0.002866859,0.01320645,0.07501516,0.4097998,0.3335469,9999000.0,0.006798831,0.001822128,3.0,
353,0.0008987872,7.345430002483836,-1.8055031093822294,55.350096859634846,19.34552629753419,0.002865681,0.01320836,0.07498096,0.4096875,0.3335847,9999000.0,0.006799681,0.001822062,3.0,
354,0.0008984841,7.354903455318675,-1.8116919406285419,55.395354465134716,19.335613327498475,0.002864504,0.01321026,0.07494684,0.4095755,0.3336223,9999000.0,0.006800526,0.001821996,3.0,
355,0.0008981813,7.364292147260648,-1.817880373576763,55.424073309215416,19.325751568789958,0.00286333,0.01321215,0.07491279,0.4094636,0.3336597,9999000.0,0.006801365,0.001821929,3.0,
356,0.0008978791,7.373596423962412,-1.8240642871620736,55.469439340538884,19.315910703580045,0.002862158,0.01321403,0.07487882,0.409352,0.3336967,9999000.0,0.0068022,0.001821863,3.0,
357,0.0008975781,7.382964948939046,-1.8302876919076851,55.498223239746025,19.306082490329647,0.002860991,0.0132159,0.07484494,0.4092407,0.3337334,9999000.0,0.006803035,0.001821798,3.0,
358,0.0008972777,7.39224924104287,-1.8365401310377507,55.52699135306662,19.296282775582757,0.002859826,0.01321777,0.07481114,0.4091296,0.3337699,9999000.0,0.006803866,0.001821733,3.0,
359,0.0008969782,7.401449559464215,-1.8427581472892172,55.57261869869946,19.286514414207634,0.002858665,0.01321964,0.07477742,0.4090187,0.333806,9999000.0,0.006804694,0.001821669,3.0,
360,0.0008966798,7.410714151500183,-1.8490371118859201,55.60148082590675,19.276731437170284,0.002857509,0.01322151,0.07474379,0.4089081,0.3338418,9999000.0,0.006805522,0.001821607,3.0,
361,0.0008963816,7.419894928024561,-1.8552829616991744,55.64724317676067,19.266998885406238,0.002856354,0.01322336,0.07471023,0.4087977,0.3338774,9999000.0,0.006806344,0.001821544,3.0,
362,0.0008960842,7.429066054923178,-1.8615568109651832,55.67614665742215,19.257275871657708,0.002855203,0.0132252,0.07467675,0.4086876,0.3339127,9999000.0,0.006807163,0.001821482,3.0,
363,0.0008957874,7.4381536787353415,-1.8678383595678838,55.705092755033235,19.247597578381843,0.002854055,0.01322705,0.07464334,0.4085777,0.3339477,9999000.0,0.006807978,0.00182142,3.0,
364,0.0008954921,7.447305563263869,-1.8741390626755674,55.76815499727783,19.237901946758242,0.002852912,0.01322889,0.07461002,0.408468,0.3339824,9999000.0,0.006808795,0.00182136,3.0,
365,0.000895197,7.456374180853393,-1.8804475419172348,55.79718128305642,19.22825366923923,0.00285177,0.01323072,0.07457679,0.4083586,0.3340169,9999000.0,0.006809605,0.001821299,3.0,
366,0.0008949023,7.465359823004278,-1.8867844827076041,55.826207853890395,19.218621608657426,0.002850631,0.01323254,0.07454364,0.4082495,0.334051,9999000.0,0.00681041,0.001821238,3.0,
367,0.0008946086,7.474409585294204,-1.8931277147978065,55.87249640624859,19.20902383709659,0.002849495,0.01323436,0.07451054,0.4081405,0.3340849,9999000.0,0.006811215,0.001821179,3.0,
368,0.0008943153,7.483376645585381,-1.8994514528194202,55.918904808126115,19.19941104020049,0.002848362,0.01323617,0.07447753,0.4080318,0.3341186,9999000.0,0.006812016,0.001821119,3.0,
369,0.0008940228,7.492261107190487,-1.905830233583039,55.96544490638507,19.189842285246627,0.002847232,0.01323797,0.0744446,0.4079233,0.3341519,9999000.0,0.006812812,0.00182106,3.0,
370,0.0008937311,7.501209629571432,-1.9121890137851096,55.99466101172993,19.18032920175378,0.002846105,0.01323978,0.07441174,0.407815,0.3341848,9999000.0,0.006813607,0.001821002,3.0,
371,0.00089344,7.510075966316183,-1.918555212688986,56.02390040794799,19.17074986929976,0.002844982,0.01324157,0.07437896,0.407707,0.3342175,9999000.0,0.0068144,0.001820944,3.0,
372,0.0008931495,7.518933183206177,-1.9249492832422845,56.070684349791534,19.16123379532904,0.002843861,0.01324336,0.07434627,0.4075992,0.33425,9999000.0,0.006815189,0.001820887,3.0,
373,0.0008928596,7.5277083251529255,-1.9313425062036416,56.117565966183804,19.15175556181879,0.002842742,0.01324514,0.07431364,0.4074917,0.3342822,9999000.0,0.006815973,0.001820829,3.0,
374,0.0008925705,7.536547636166593,-1.9377640325198797,56.16458804657833,19.142256790356516,0.002841627,0.01324691,0.07428109,0.4073843,0.3343141,9999000.0,0.006816758,0.001820773,3.0,
375,0.0008922815,7.545232209735816,-1.9441828704170803,56.19399466154661,19.13280642401717,0.002840513,0.01324867,0.07424861,0.4072772,0.3343458,9999000.0,0.006817534,0.001820716,3.0,
376,0.0008919932,7.553980865490156,-1.9506025912331282,56.24123448953256,19.123366637387594,0.002839403,0.01325043,0.07421619,0.4071703,0.3343771,9999000.0,0.006818309,0.001820659,3.0,
377,0.0008917054,7.562648040837226,-1.9570641733387362,56.306427372865784,19.11394398029447,0.002838295,0.01325218,0.07418386,0.4070636,0.3344082,9999000.0,0.00681908,0.001820603,3.0,
378,0.0008914185,7.571306518246395,-1.9634781599523023,56.33600962751686,19.104570476923378,0.00283719,0.01325393,0.07415161,0.4069572,0.3344389,9999000.0,0.006819849,0.001820547,3.0,
379,0.0008911322,7.579956437259852,-1.9699459435276054,56.383627750996624,19.095168491463454,0.002836088,0.01325567,0.07411943,0.4068509,0.3344694,9999000.0,0.006820616,0.001820492,3.0,
380,0.000890846,7.58852526940347,-1.9764401184709257,56.43140250980312,19.085792361593793,0.002834987,0.0132574,0.07408731,0.4067449,0.3344997,9999000.0,0.006821376,0.001820437,3.0,
381,0.0008905604,7.597085618936003,-1.9828969634189662,56.47926408686743,19.07644605053831,0.002833889,0.01325912,0.07405526,0.4066391,0.3345297,9999000.0,0.006822134,0.001820382,3.0,
382,0.0008902754,7.605637461781395,-1.9893824256185155,56.5090389399716,19.067163311176355,0.002832794,0.01326084,0.07402328,0.4065334,0.3345594,9999000.0,0.006822888,0.001820327,3.0,
383,0.0008899912,7.614108767369839,-1.9958888942507897,56.575455837627544,19.0578185535864,0.002831701,0.01326255,0.07399138,0.4064281,0.3345888,9999000.0,0.00682364,0.001820273,3.0,
384,0.0008897072,7.622571781501204,-2.0024152234742303,56.62376794417932,19.048519001976793,0.002830611,0.01326425,0.07395955,0.4063229,0.334618,9999000.0,0.006824387,0.001820218,3.0,
385,0.0008894234,7.631026520261912,-2.008914000729632,56.653701000475905,19.03924873546838,0.002829521,0.01326594,0.07392778,0.4062179,0.3346469,9999000.0,0.006825129,0.001820163,3.0,
386,0.0008891403,7.639473040369161,-2.015438261377355,56.70223569975363,19.0299914489265,0.002828435,0.01326762,0.07389608,0.4061131,0.3346755,9999000.0,0.006825869,0.001820109,3.0,
387,0.0008888573,7.64783934658209,-2.021978713940399,56.76950034336534,19.0207569491183,0.00282735,0.0132693,0.07386445,0.4060085,0.3347039,9999000.0,0.006826603,0.001820054,3.0,
388,0.0008885748,7.656125682996347,-2.0285171744584503,56.79964015100042,19.011537348879642,0.002826267,0.01327096,0.0738329,0.4059042,0.334732,9999000.0,0.006827333,0.00182,3.0,
389,0.0008882932,7.664475978582226,-2.035055646482121,56.848588275876395,19.002337032205173,0.002825188,0.01327262,0.07380142,0.4058001,0.3347598,9999000.0,0.006828062,0.001819946,3.0,
390,0.0008880117,7.672746452370345,-2.0416229942864845,56.89767906501774,18.993153004917012,0.00282411,0.01327427,0.07377,0.4056961,0.3347874,9999000.0,0.006828786,0.001819892,3.0,
391,0.0008877307,7.681009061846349,-2.04816832233044,56.946917763928866,18.983987908879772,0.002823035,0.01327592,0.07373865,0.4055924,0.3348147,9999000.0,0.006829506,0.001819838,3.0,
392,0.0008874496,7.689192152896307,-2.0547481644352104,56.9963059799467,18.974840696391432,0.002821959,0.01327755,0.07370735,0.4054888,0.3348417,9999000.0,0.006830219,0.001819783,3.0,
393,0.0008871696,7.697367565251954,-2.0613303536160927,57.06503356145919,18.965707324097,0.002820888,0.01327918,0.07367613,0.4053855,0.3348684,9999000.0,0.006830932,0.001819729,3.0,
394,0.0008868897,7.705535252485285,-2.0679339671910952,57.11479883322781,18.956590281373394,0.002819819,0.0132808,0.07364498,0.4052824,0.3348949,9999000.0,0.00683164,0.001819676,3.0,
395,0.0008866104,7.713623842538048,-2.074529526622655,57.1647575228462,18.94749425109608,0.002818751,0.01328241,0.07361389,0.4051794,0.3349212,9999000.0,0.006832346,0.001819622,3.0,
396,0.0008863315,7.721704890142047,-2.081140724140198,57.21488638282625,18.938410244476607,0.002817687,0.01328402,0.07358288,0.4050767,0.3349471,9999000.0,0.006833049,0.001819568,3.0,
397,0.0008860531,7.729778429562239,-2.087765648399099,57.26514541897953,18.92934514190288,0.002816624,0.01328562,0.07355192,0.4049742,0.3349728,9999000.0,0.006833747,0.001819515,3.0,
398,0.0008857748,7.737844454459697,-2.0944201115102032,57.33521974439135,18.920297383501776,0.002815562,0.0132872,0.07352102,0.4048718,0.3349982,9999000.0,0.006834441,0.001819462,3.0,
399,0.0008854971,7.745831816225874,-2.10105399803804,57.36618542180776,18.91126930135143,0.002814503,0.01328878,0.07349021,0.4047697,0.3350233,9999000.0,0.006835131,0.001819408,3.0,
400,0.0008852194,7.753811741587972,-2.1077173619546983,57.436792579314414,18.90230043470913,0.002813445,0.01329035,0.07345945,0.4046677,0.3350483,9999000.0,0.006835816,0.001819354,3.0,
401,0.0008849425,7.761713454738759,-2.114359989691401,57.48779226298967,18.893255789569533,0.00281239,0.01329192,0.07342876,0.404566,0.3350729,9999000.0,0.0068365,0.001819301,3.0,
402,0.0008846658,7.769678896470154,-2.1210247281742625,57.559038580010835,18.884275981092273,0.002811337,0.01329348,0.07339813,0.4044644,0.3350972,9999000.0,0.006837178,0.001819247,3.0,
403,0.0008843892,7.777495176347937,-2.1277066802979476,57.61053250015948,18.875306079929736,0.002810284,0.01329502,0.07336756,0.404363,0.3351214,9999000.0,0.006837851,0.001819193,3.0,
404,0.0008841131,7.785375271635701,-2.1344235246724352,57.66215848495048,18.866369590558133,0.002809234,0.01329656,0.07333706,0.4042619,0.3351452,9999000.0,0.006838522,0.001819139,3.0,
405,0.0008838372,7.793177391374952,-2.141107719055775,57.71397295093182,18.85746114903383,0.002808186,0.01329809,0.07330661,0.4041609,0.3351688,9999000.0,0.006839188,0.001819085,3.0,
406,0.0008835617,7.800972593182007,-2.147826941496774,57.78649046843296,18.848517524670545,0.002807139,0.01329961,0.07327623,0.40406,0.3351921,9999000.0,0.006839852,0.001819032,3.0,
407,0.0008832861,7.808760768169886,-2.154535073287782,57.81812066363068,18.839610347412783,0.002806093,0.01330111,0.07324591,0.4039594,0.3352152,9999000.0,0.006840509,0.001818977,3.0,
408,0.0008830108,7.81647134321387,-2.1612530216350123,57.89120239488446,18.830720580559948,0.002805048,0.01330261,0.07321564,0.4038589,0.335238,9999000.0,0.00684116,0.001818922,3.0,
409,0.000882736,7.824175062520703,-2.1680140003478385,57.94384575675039,18.821851310372626,0.002804006,0.01330411,0.07318544,0.4037586,0.3352606,9999000.0,0.00684181,0.001818867,3.0,
410,0.0008824612,7.83180141647615,-2.174756768815314,58.0176335813144,18.813029014897023,0.002802965,0.01330558,0.07315532,0.4036586,0.3352828,9999000.0,0.006842453,0.001818812,3.0,
411,0.0008821871,7.839421164220585,-2.1815088486156355,58.070738712190874,18.804168390925103,0.002801926,0.01330706,0.07312525,0.4035587,0.3353048,9999000.0,0.006843095,0.001818757,3.0,
412,0.0008819135,7.847034135552304,-2.188291830985605,58.145311921028124,18.79538506895581,0.00280089,0.01330853,0.07309525,0.4034591,0.3353266,9999000.0,0.006843734,0.001818703,3.0,
413,0.0008816401,7.854640564443952,-2.195061688732295,58.198926159366366,18.786535430319336,0.002799855,0.01330999,0.0730653,0.4033595,0.3353481,9999000.0,0.00684437,0.001818648,3.0,
414,0.0008813666,7.862170025332812,-2.201886259886521,58.27425362063681,18.77775157845861,0.002798821,0.01331144,0.07303541,0.4032602,0.3353693,9999000.0,0.006844999,0.001818593,3.0,
415,0.0008810934,7.869692947877056,-2.2086977964128636,58.32834674917693,18.76897194290793,0.002797789,0.01331288,0.07300557,0.403161,0.3353903,9999000.0,0.006845625,0.001818537,3.0,
416,0.0008808203,7.87720936354948,-2.215512461406526,58.38267683481361,18.76021137213449,0.002796757,0.0133143,0.0729758,0.403062,0.3354109,9999000.0,0.006846245,0.001818481,3.0,
417,0.0008805475,7.8846492099015055,-2.2223381063998175,58.43721801306057,18.751468980445495,0.002795727,0.01331572,0.07294609,0.4029632,0.3354315,9999000.0,0.006846862,0.001818425,3.0,
418,0.0008802751,7.892082551059303,-2.229194936724511,58.51397019251979,18.742805214681997,0.0027947,0.01331714,0.07291644,0.4028646,0.3354517,9999000.0,0.006847477,0.001818369,3.0,
419,0.0008800031,7.899439867311477,-2.2360755126749154,58.59122482190152,18.734021215519004,0.002793674,0.01331854,0.07288686,0.4027662,0.3354716,9999000.0,0.006848089,0.001818313,3.0,
420,0.000879731,7.906860694093513,-2.2429673703963147,58.64662051527435,18.725321047870324,0.002792648,0.01331993,0.07285731,0.4026679,0.3354913,9999000.0,0.006848695,0.001818257,3.0,
