Iteration No,Rb,loss,loss_gain,loss_iip3,loss_iip2,loss_nf,loss_Io,loss_BW,loss_region,Rd1,loss,loss_gain,loss_iip3,loss_iip2,loss_nf,loss_Io,loss_BW,loss_region,Rd2,loss,loss_gain,loss_iip3,loss_iip2,loss_nf,loss_Io,loss_BW,loss_region,Rbias3,loss,loss_gain,loss_iip3,loss_iip2,loss_nf,loss_Io,loss_BW,loss_region,Rbias4,loss,loss_gain,loss_iip3,loss_iip2,loss_nf,loss_Io,loss_BW,loss_region,Cload,loss,loss_gain,loss_iip3,loss_iip2,loss_nf,loss_Io,loss_BW,loss_region,len2,loss,loss_gain,loss_iip3,loss_iip2,loss_nf,loss_Io,loss_BW,loss_region,Ibias1,loss,loss_gain,loss_iip3,loss_iip2,loss_nf,loss_Io,loss_BW,loss_region,Ibias2,loss,loss_gain,loss_iip3,loss_iip2,loss_nf,loss_Io,loss_BW,loss_region,W1,loss,loss_gain,loss_iip3,loss_iip2,loss_nf,loss_Io,loss_BW,loss_region,W2,loss,loss_gain,loss_iip3,loss_iip2,loss_nf,loss_Io,loss_BW,loss_region,W3,loss,loss_gain,loss_iip3,loss_iip2,loss_nf,loss_Io,loss_BW,loss_region,Alo,loss,loss_gain,loss_iip3,loss_iip2,loss_nf,loss_Io,loss_BW,loss_region,
1,Rb,0.00035719117905545756,0.0004765470068927701,0.0,0.0,-1.4641904496221678e-05,-0.0001047139233410909,0.0,0.0,Rd1,-0.0030826960722340597,-0.0020503407748550793,0.0,0.0,-0.0009880690951962628,-4.4286202182761536e-05,0.0,0.0,Rd2,-0.002545946491760457,-0.0025254380543934976,0.0,0.0,-3.0527118257922808e-06,-1.745572554120233e-05,0.0,0.0,Rbias3,7.0298565637754116e-06,9.690876981615864e-06,0.0,0.0,8.285104697707065e-07,-3.4895308876117498e-06,0.0,0.0,Rbias4,-7.472019926249416e-06,-1.0453732790470418e-05,0.0,0.0,-8.840639036160759e-07,3.865776767837078e-06,0.0,0.0,Cload,89278858.1387495,2705778.2110982696,0.0,0.0,86573079.92765123,0.0,0.0,0.0,len2,-5476930.948240581,-6748533.50696625,0.0,0.0,84580.9676195871,1187021.5911059938,0.0,0.0,Ibias1,-404.6722237593888,-333.2674876270885,0.0,0.0,-207.17742801376147,135.77269188146664,0.0,0.0,Ibias2,-329.6602636588236,-403.0842499203971,0.0,0.0,-22.883000664961678,96.30698692653515,0.0,0.0,W1,-658.6713024721398,-383.95000690519146,0.0,0.0,-310.6012132138908,35.87991764690757,0.0,0.0,W2,-4062.1079964787314,-3526.397008143115,0.0,0.0,-563.5132775602473,27.80228922471125,0.0,0.0,W3,-3071.173774535078,-2524.7813775294558,0.0,0.0,-675.339307584706,128.9469105790836,0.0,0.0,Alo,-0.7719263282566422,-0.6321359672807052,0.0,0.0,-0.13979036097595976,0.0,0.0,0.0,
2,Rb,0.0039833979926595904,0.003414946186715286,0.0,0.0,0.000670893515315217,-0.00010244170937089634,0.0,0.0,Rd1,0.0018966375486196836,0.0019591018086579193,0.0,0.0,-1.72698871410208e-05,-4.5194372897214695e-05,0.0,0.0,Rd2,0.0014370430944428034,0.0007114909629494705,0.0,0.0,0.0007430838944576492,-1.753176296433364e-05,0.0,0.0,Rbias3,7.38591322609091e-05,6.387519109290141e-05,0.0,0.0,1.3530239522578518e-05,-3.546298354571119e-06,0.0,0.0,Rbias4,6.62392678478201e-05,4.9440575160680165e-05,0.0,0.0,1.3132790049914139e-05,3.6659026372254624e-06,0.0,0.0,Cload,99553975400.72406,80579317252.25758,0.0,0.0,18974658148.466476,0.0,0.0,0.0,len2,14222937.441654209,9203337.532084826,0.0,0.0,3809518.8423044165,1210081.067264967,0.0,0.0,Ibias1,853.0654967427313,680.923333176969,0.0,0.0,35.51359761763774,136.62856594813005,0.0,0.0,Ibias2,772.4194001096611,489.13425615451604,0.0,0.0,185.71371030264706,97.57143365249799,0.0,0.0,W1,7207.710462683207,5990.577133808692,0.0,0.0,1184.403253087091,32.730075787423054,0.0,0.0,W2,13722.521667665895,10785.766210771028,0.0,0.0,2858.6811723597975,78.07428453515065,0.0,0.0,W3,30140.603829600146,24344.70701421756,0.0,0.0,5652.160393456993,143.73642192544565,0.0,0.0,Alo,1.8716291480266634,1.5083397776362464,0.0,0.0,0.363289370390417,0.0,0.0,0.0,
3,Rb,0.00034071240667299087,0.00047688614902570783,0.0,0.0,-4.0365720341501275e-05,-9.580802201118221e-05,0.0,0.0,Rd1,-0.003075985503144339,-0.0020411927270986433,0.0,0.0,-0.000989146485108401,-4.564629093727327e-05,0.0,0.0,Rd2,-0.00258607489837576,-0.002565446158225602,0.0,0.0,-3.0510607439382485e-06,-1.757767940620213e-05,0.0,0.0,Rbias3,8.922222373031076e-06,1.1613732320611353e-05,0.0,0.0,9.472533933145488e-07,-3.6387633408945166e-06,0.0,0.0,Rbias4,-9.393305052940436e-06,-1.234483514618684e-05,0.0,0.0,-9.88634919778019e-07,3.940165013024758e-06,0.0,0.0,Cload,89538604.5765416,-6852570.437396282,0.0,0.0,96391175.01439518,0.0,0.0,0.0,len2,-6185201.086294063,-7358841.438295915,0.0,0.0,-2694.9432998740917,1176335.2953018143,0.0,0.0,Ibias1,-410.840382353506,-341.5343348143408,0.0,0.0,-211.48474696699367,142.178699427834,0.0,0.0,Ibias2,-348.2142136744732,-420.63305628912303,0.0,0.0,-23.733674393473688,96.15251700812846,0.0,0.0,W1,-577.126520880904,-295.5937129002914,0.0,0.0,-315.7650782090557,34.232270228551144,0.0,0.0,W2,-4417.261527612375,-3879.5892111414673,0.0,0.0,-620.728141716164,83.05582524542076,0.0,0.0,W3,-3055.899484662239,-2827.6299557150514,0.0,0.0,-664.754272254783,436.48474330789884,0.0,0.0,Alo,-0.8988431013961636,-0.750214262778924,0.0,0.0,-0.1486288386172396,0.0,0.0,0.0,
4,Rb,0.000344475281385982,0.000483807066238739,0.0,0.0,-4.231278947056746e-05,-9.70189953821895e-05,0.0,0.0,Rd1,-0.0029125508377282313,-0.0019403673069372503,0.0,0.0,-0.0009255878893625228,-4.6595641428436946e-05,0.0,0.0,Rd2,-0.002443398590824899,-0.002426107314636865,0.0,0.0,3.0765041554264774e-07,-1.7598926603559435e-05,0.0,0.0,Rbias3,7.348648162837911e-06,1.0190179687408992e-05,0.0,0.0,8.529911787825913e-07,-3.69452270335336e-06,0.0,0.0,Rbias4,-7.443051510936884e-06,-1.0531510642558052e-05,0.0,0.0,-8.572847424375614e-07,3.945743874058729e-06,0.0,0.0,Cload,85996601.77843882,-6508313.399630345,0.0,0.0,92504915.17852648,0.0,0.0,0.0,len2,-5906172.560620314,-7147873.965315227,0.0,0.0,37364.14451410781,1204337.2601808931,0.0,0.0,Ibias1,-380.9347028408562,-320.9862006718829,0.0,0.0,-201.20117539385123,141.25267322488338,0.0,0.0,Ibias2,-318.8462989126862,-395.1959710632175,0.0,0.0,-21.319473215871266,97.66914536640255,0.0,0.0,W1,-706.4760907736077,-406.53035852743125,0.0,0.0,-327.4845696217353,27.538837375558924,0.0,0.0,W2,-4067.4586961533896,-3536.013156671521,0.0,0.0,-559.6243234475801,28.17878396571123,0.0,0.0,W3,-2807.7730517805903,-2639.714593490485,0.0,0.0,-602.984855216668,434.9263969267141,0.0,0.0,Alo,-0.7787795851845758,-0.639639642483079,0.0,0.0,-0.1391399427014968,0.0,0.0,0.0,
5,Rb,0.000347038192712504,0.0004898418545127653,0.0,0.0,-4.45923276289122e-05,-9.821133417133225e-05,0.0,0.0,Rd1,-0.002764959514434203,-0.0018479673451342912,0.0,0.0,-0.0008694566560689332,-4.7535513230999276e-05,0.0,0.0,Rd2,-0.002265945767130489,-0.0022500076237757724,0.0,0.0,1.6786962028107438e-06,-1.7616839557543727e-05,0.0,0.0,Rbias3,5.216627517017944e-06,8.192540790943638e-06,0.0,0.0,7.736564665865076e-07,-3.749569740512201e-06,0.0,0.0,Rbias4,-5.039268725100885e-06,-8.221283013092721e-06,0.0,0.0,-7.747374275101332e-07,3.95675171550197e-06,0.0,0.0,Cload,91171589.89035532,2607057.7514997064,0.0,0.0,88564532.1388556,0.0,0.0,0.0,len2,-5694123.041153061,-6987941.222764329,0.0,0.0,67396.29300051033,1226421.8886108438,0.0,0.0,Ibias1,-353.4446755442341,-301.91161803471357,0.0,0.0,-191.87615227428387,140.34309476475795,0.0,0.0,Ibias2,-281.8668169797987,-361.2749214493487,0.0,0.0,-19.60991236778575,99.01801683733572,0.0,0.0,W1,-694.7338585360028,-397.90446604253947,0.0,0.0,-324.6615213492614,27.83212885579816,0.0,0.0,W2,-3960.886541311129,-3443.0554132608304,0.0,0.0,-544.0585189806546,26.227390930356123,0.0,0.0,W3,-2548.250114891165,-2423.236958988344,0.0,0.0,-559.0959407286226,434.0827848258019,0.0,0.0,Alo,-0.6214046240414252,-0.4892214096783487,0.0,0.0,-0.1321832143630764,0.0,0.0,0.0,
6,Rb,0.0003508239134488443,0.0004966603017583279,0.0,0.0,-4.6458940243332724e-05,-9.937744806613389e-05,0.0,0.0,Rd1,-0.002620029331641706,-0.0017547061227975972,0.0,0.0,-0.0008168500052927283,-4.8473203551380925e-05,0.0,0.0,Rd2,-0.0020508394200261797,-0.002035231668724818,0.0,0.0,2.002257914809584e-06,-1.7610009216171343e-05,0.0,0.0,Rbias3,2.5189483401128186e-06,5.602010676292229e-06,0.0,0.0,7.170521681400148e-07,-3.8001145043194254e-06,0.0,0.0,Rbias4,-2.1396409909030536e-06,-5.385312109153975e-06,0.0,0.0,-7.254948696984053e-07,3.971165987949327e-06,0.0,0.0,Cload,84406850.41960399,100110.75570466921,0.0,0.0,84306739.66389932,0.0,0.0,0.0,len2,-5519423.524866862,-6856324.601458365,0.0,0.0,93817.41834141432,1243083.6582500027,0.0,0.0,Ibias1,-326.12561488055366,-282.68375244352956,0.0,0.0,-182.89035425037568,139.4484918133463,0.0,0.0,Ibias2,-237.48722884892084,-319.25351515195547,0.0,0.0,-18.474625114849253,100.24091141787915,0.0,0.0,W1,-684.6316475694244,-390.81974698020304,0.0,0.0,-321.936182109103,28.12428151988157,0.0,0.0,W2,-3840.1830897402783,-3330.3089076092415,0.0,0.0,-534.2709588286882,24.39677669765129,0.0,0.0,W3,-2224.798085082599,-2138.036566715429,0.0,0.0,-520.2281597452222,433.4666413782029,0.0,0.0,Alo,-0.42706031331868466,-0.30009662538200016,0.0,0.0,-0.12696368793668453,0.0,0.0,0.0,
7,Rb,0.00032269328679761445,0.0005065350838968194,-3.526795396465409e-05,0.0,-4.808024396422197e-05,-0.0001004935991702949,0.0,0.0,Rd1,-0.0005341069032363308,-0.0016653917662108285,0.0019495916264528346,0.0,-0.0007689299169139193,-4.9376846564367763e-05,0.0,0.0,Rd2,0.004655674671006632,-0.0018195279563576077,0.006490728346091114,0.0,2.04053124912659e-06,-1.7566249976017856e-05,0.0,0.0,Rbias3,-8.658107546927275e-05,2.9044199574778066e-06,-8.632230260367322e-05,0.0,6.822654672602033e-07,-3.8454582903362754e-06,0.0,0.0,Rbias4,8.530615049584297e-05,-2.539031670347091e-06,8.45377078800811e-05,0.0,-6.831125375757502e-07,3.990586823684053e-06,0.0,0.0,Cload,-18920767550.136845,102877.14808867412,-19000784910.708298,0.0,79914483.42382163,0.0,0.0,0.0,len2,-12439263.654874124,-6764567.35836272,-7044620.640315967,0.0,115815.96074156687,1254108.383062997,0.0,0.0,Ibias1,-185.739347952143,-264.4106720494276,114.66396521947271,0.0,-174.57447176926257,138.58183064708228,0.0,0.0,Ibias2,1197.9417600583533,-275.246102063173,1389.3933819883716,0.0,-17.52507135040414,101.31955148356357,0.0,0.0,W1,-482.13051817336554,-245.72972973870793,23.940780926168163,0.0,-294.92890308535533,34.58733372452953,0.0,0.0,W2,1193.8174597837674,-3637.836766895796,5293.243679820824,0.0,-537.2327049110927,75.6432517699119,0.0,0.0,W3,13837.235659696513,-1856.8825433834813,15746.93039258052,0.0,-485.97428258923037,433.1620930887051,0.0,0.0,Alo,5.121764788078449,-0.1102035132457862,5.354311624562112,0.0,-0.12234332323787675,0.0,0.0,0.0,
8,Rb,0.0003583190301566965,0.0005116813986457379,0.0,0.0,-4.747022658286288e-05,-0.0001058921419061786,0.0,0.0,Rd1,-0.002488422463612977,-0.0016581679107717012,0.0,0.0,-0.0007801072667079029,-5.0147286133372956e-05,0.0,0.0,Rd2,-0.0026148726326901527,-0.002594830689834048,0.0,0.0,-4.707806589341326e-06,-1.5334136266763033e-05,0.0,0.0,Rbias3,8.510627487020318e-06,1.141866023646086e-05,0.0,0.0,7.814637760836635e-07,-3.6894965255245095e-06,0.0,0.0,Rbias4,-9.432796031457663e-06,-1.2728265534468534e-05,0.0,0.0,-8.603202474917795e-07,4.155789750502995e-06,0.0,0.0,Cload,78967307.60206208,-3186697.5484335236,0.0,0.0,82154005.1504956,0.0,0.0,0.0,len2,-4336308.59758497,-5562019.980239621,0.0,0.0,76097.54989912013,1149613.832755449,0.0,0.0,Ibias1,-287.8276304056356,-253.83352650246735,0.0,0.0,-170.46197395632964,136.46787005316656,0.0,0.0,Ibias2,-374.47437362316,-449.6719881539966,0.0,0.0,-24.368169710917424,99.56578424175409,0.0,0.0,W1,-726.7839903003784,-462.8158744650456,0.0,0.0,-296.4152256350934,32.44710979976064,0.0,0.0,W2,-4405.781433940889,-3922.548001524933,0.0,0.0,-555.2072605661505,71.97382815019458,0.0,0.0,W3,-2816.4629528470987,-2718.4317795548004,0.0,0.0,-530.8030540745672,432.77188078226885,0.0,0.0,Alo,-0.8941422672412892,-0.7596411070085664,0.0,0.0,-0.13450116023272288,0.0,0.0,0.0,
9,Rb,0.0003664580467137509,0.0005213267017092258,0.0,0.0,-4.948478983169091e-05,-0.00010538386516380974,0.0,0.0,Rd1,-0.0023569284024046277,-0.0015742050454929856,0.0,0.0,-0.0007316266748382974,-5.109668207337382e-05,0.0,0.0,Rd2,-0.0024841630266366054,-0.002467391976483357,0.0,0.0,-1.209449072510379e-06,-1.5561601080771195e-05,0.0,0.0,Rbias3,7.273749593885251e-06,1.035797963026075e-05,0.0,0.0,6.792271913346783e-07,-3.763457227710178e-06,0.0,0.0,Rbias4,-7.809704997385786e-06,-1.1260797978930298e-05,0.0,0.0,-7.300821090059354e-07,4.181175090549935e-06,0.0,0.0,Cload,85598346.6363652,5112704.034906595,0.0,0.0,80485642.60145861,0.0,0.0,0.0,len2,-4120719.1657367754,-5376001.463373473,0.0,0.0,94425.54407903738,1160856.7535574567,0.0,0.0,Ibias1,-261.17913948663664,-234.862825669942,0.0,0.0,-162.61179064917025,136.2954768324705,0.0,0.0,Ibias2,-345.8288477495798,-424.7233262481679,0.0,0.0,-21.827677915349874,100.72215641393315,0.0,0.0,W1,-714.8275688896633,-453.15799343788393,0.0,0.0,-292.8557741166701,31.18619866480236,0.0,0.0,W2,-4036.6489837889135,-3528.8871399390614,0.0,0.0,-523.8605655741541,16.098721724183477,0.0,0.0,W3,-2674.3855635009763,-2611.3332569200866,0.0,0.0,-498.0506413686696,434.99833478762855,0.0,0.0,Alo,-0.8023111897386416,-0.6764960933289909,0.0,0.0,-0.12581509640968147,0.0,0.0,0.0,
10,Rb,0.0003757624871315246,0.0005313071330838026,0.0,0.0,-5.0173186336449806e-05,-0.00010537145961582816,0.0,0.0,Rd1,-0.0022304445170517047,-0.0014915015837916365,0.0,0.0,-0.0006869187549184036,-5.2024178341683444e-05,0.0,0.0,Rd2,-0.002322291029325738,-0.0023088721334067154,0.0,0.0,2.376832879945924e-06,-1.5795728798951927e-05,0.0,0.0,Rbias3,5.608452917341373e-06,8.832037051758406e-06,0.0,0.0,6.137034783331403e-07,-3.8372876127498665e-06,0.0,0.0,Rbias4,-5.860275558251721e-06,-9.42792940038572e-06,0.0,0.0,-6.431859130047228e-07,4.210839755138551e-06,0.0,0.0,Cload,81102764.22857578,2466014.988998968,0.0,0.0,78636749.23957682,0.0,0.0,0.0,len2,-3959718.99751581,-5235479.274341637,0.0,0.0,106231.53464949099,1169528.742176376,0.0,0.0,Ibias1,-235.5383932137732,-216.48755975867724,0.0,0.0,-154.95650091958635,135.9056674644879,0.0,0.0,Ibias2,-310.0496145776539,-392.12047723296604,0.0,0.0,-19.646200684757332,101.71706334006711,0.0,0.0,W1,-711.3502111028438,-452.5661623727856,0.0,0.0,-289.35358937740364,30.569540647363038,0.0,0.0,W2,-3975.175899319882,-3479.4740874999206,0.0,0.0,-511.63586702911624,15.934055209076854,0.0,0.0,W3,-2463.3916963957327,-2443.306421105296,0.0,0.0,-457.6763941003733,437.59111880986103,0.0,0.0,Alo,-0.6773402696307376,-0.5592328604577422,0.0,0.0,-0.11810740917300135,0.0,0.0,0.0,
11,Rb,0.0003856282917907607,0.0005431352099508795,0.0,0.0,-5.189324882115709e-05,-0.0001056136693389617,0.0,0.0,Rd1,-0.00210976159957022,-0.0014109523154241833,0.0,0.0,-0.0006459425624724627,-5.2866721673564304e-05,0.0,0.0,Rd2,-0.0021141667727999783,-0.002102481555080615,0.0,0.0,4.323567315812599e-06,-1.600878503515224e-05,0.0,0.0,Rbias3,3.4200651465177083e-06,6.768518409271988e-06,0.0,0.0,5.604444158228477e-07,-3.908897678577281e-06,0.0,0.0,Rbias4,-3.2193288736067643e-06,-6.890318697194741e-06,0.0,0.0,-5.733431255618595e-07,4.2443329491503434e-06,0.0,0.0,Cload,78841950.98376058,2497900.3184826327,0.0,0.0,76344050.66595934,0.0,0.0,0.0,len2,-3809803.418308538,-5103503.300294626,0.0,0.0,118604.40270641731,1175095.4792797503,0.0,0.0,Ibias1,-210.92540553310056,-198.26582139917522,0.0,0.0,-148.05895535382408,135.3993712198938,0.0,0.0,Ibias2,-263.87908539812156,-348.5014309425284,0.0,0.0,-17.970858536765785,102.59320408117728,0.0,0.0,W1,-433.88011728806316,-196.1579007091722,0.0,0.0,-273.49369163095827,35.771475052032265,0.0,0.0,W2,-4033.1148813751042,-3581.693297153856,0.0,0.0,-521.1368764472719,69.71529222602352,0.0,0.0,W3,-2199.8072096019378,-2210.8452535442802,0.0,0.0,-429.48979772703444,440.5278416693765,0.0,0.0,Alo,-0.5079838316017738,-0.39533520241198783,0.0,0.0,-0.11264862918978603,0.0,0.0,0.0,
12,Rb,-0.00015949394072204502,0.0,0.0,0.0,-5.331648089330422e-05,-0.00010617745982874951,0.0,0.0,Rd1,-0.0006617480640749272,0.0,0.0,0.0,-0.0006079184877402126,-5.3829576334696204e-05,0.0,0.0,Rd2,-1.1111326951262458e-05,0.0,0.0,0.0,5.073714829874064e-06,-1.6185041781144193e-05,0.0,0.0,Rbias3,-3.4653455003353602e-06,0.0,0.0,0.0,5.111322112697836e-07,-3.976477711605299e-06,0.0,0.0,Rbias4,3.7557198008058313e-06,0.0,0.0,0.0,-5.269258738535594e-07,4.282645674659559e-06,0.0,0.0,Cload,73599824.09770553,0.0,0.0,0.0,73599824.09793267,0.0,0.0,0.0,len2,1307228.3166761557,0.0,0.0,0.0,130545.50572684778,1176682.8109494264,0.0,0.0,Ibias1,-6.619426526098621,0.0,0.0,0.0,-141.38456597770866,134.7651394516125,0.0,0.0,Ibias2,86.62343815291804,0.0,0.0,0.0,-16.74472355232059,103.36816170524094,0.0,0.0,W1,-270.60719853815255,0.0,0.0,0.0,-300.6237127876407,30.016514249505676,0.0,0.0,W2,-472.02957511314133,0.0,0.0,0.0,-487.16491109044136,15.135335977415393,0.0,0.0,W3,42.420559977749406,0.0,0.0,0.0,-401.3059429136856,443.72650289151,0.0,0.0,Alo,-0.10819052551223708,0.0,0.0,0.0,-0.10819052551221915,0.0,0.0,0.0,
13,Rb,-0.00015845452878401905,0.0,0.0,0.0,-5.208046584013375e-05,-0.0001063740629439027,0.0,0.0,Rd1,-0.0006506262455196111,0.0,0.0,0.0,-0.0005965668221689727,-5.4059423350656565e-05,0.0,0.0,Rd2,0.11152988203838875,0.0,0.11154092539830492,0.0,5.170213177493969e-06,-1.6213573093675863e-05,0.0,0.0,Rbias3,-3.4715651811766963e-06,0.0,0.0,0.0,5.064512184439647e-07,-3.9780163996206614e-06,0.0,0.0,Rbias4,3.7604465651383263e-06,0.0,0.0,0.0,-5.215684851272249e-07,4.282015050265888e-06,0.0,0.0,Cload,72953691.44382009,0.0,0.0,0.0,72953691.44427437,0.0,0.0,0.0,len2,1309336.6051478342,0.0,0.0,0.0,131162.858917983,1178173.74622993,0.0,0.0,Ibias1,-4.277511292030031,0.0,0.0,0.0,-138.73400699438682,134.4564957023568,0.0,0.0,Ibias2,86.7878362225115,0.0,0.0,0.0,-16.58572409606978,103.37356031857898,0.0,0.0,W1,-269.14246924011996,0.0,0.0,0.0,-299.24205542319373,30.099586183108734,0.0,0.0,W2,-469.34233282221544,0.0,0.0,0.0,-484.54479967733533,15.202466855119928,0.0,0.0,W3,45.11795683575013,0.0,0.0,0.0,-398.46482060782483,443.5827774436499,0.0,0.0,Alo,87.2819597333365,0.0,87.38957407944375,0.0,-0.10761434610723365,0.0,0.0,0.0,
14,Rb,0.00044860620730483264,0.0005661028794783173,0.0,0.0,-1.0799696956317917e-05,-0.00010669697521711455,0.0,0.0,Rd1,-0.002320752006898008,-0.0012776195525785012,0.0,0.0,-0.000988778050785177,-5.435440353438425e-05,0.0,0.0,Rd2,-0.010093531626738327,-0.00946766798047209,0.0,0.0,-0.0006104074067945822,-1.5456239471533043e-05,0.0,0.0,Rbias3,2.256863258552818e-05,2.1703692850186215e-05,0.0,0.0,4.821227911058414e-06,-3.956288175717689e-06,0.0,0.0,Rbias4,-2.3948439532993072e-05,-2.3148550549503873e-05,0.0,0.0,-5.06491506513002e-06,4.26502608163981e-06,0.0,0.0,Cload,60415208.37945023,-16156448.545793222,0.0,0.0,76571656.92524345,0.0,0.0,0.0,len2,-6476875.1111919265,-6165200.329430952,0.0,0.0,-1383014.7661903792,1071339.9844296414,0.0,0.0,Ibias1,-166.63432086732365,-164.05119325570448,0.0,0.0,-136.70480021088608,134.121672599262,0.0,0.0,Ibias2,-406.46025686484586,-471.0433127194658,0.0,0.0,-45.97356634032114,110.55662219490885,0.0,0.0,W1,-519.3090294921633,-342.4051279728844,0.0,0.0,-206.9606374805452,30.056735961545535,0.0,0.0,W2,-3746.211197649849,-2872.257620848633,0.0,0.0,-892.4318958470493,18.478319045986662,0.0,0.0,W3,-8294.655127729102,-5122.978682738748,0.0,0.0,-3617.3294632655875,445.65301827418585,0.0,0.0,Alo,-6.69432632518051,-4.269620687972758,0.0,0.0,-2.4247056372077522,0.0,0.0,0.0,
15,Rb,0.0004609834529281135,0.0005802700331359778,0.0,0.0,-1.2019162616968215e-05,-0.00010726741759096607,0.0,0.0,Rd1,-0.0021538011241934913,-0.0011976753690560787,0.0,0.0,-0.0009008317412724065,-5.5294013865006104e-05,0.0,0.0,Rd2,-0.00981563562523516,-0.009258652456447553,0.0,0.0,-0.0005414863626146716,-1.549680617335502e-05,0.0,0.0,Rbias3,2.1458061598042673e-05,2.111685207439028e-05,0.0,0.0,4.367439997294327e-06,-4.026230473644451e-06,0.0,0.0,Rbias4,-2.2151982929423447e-05,-2.191114616500094e-05,0.0,0.0,-4.459696320628728e-06,4.218859556205225e-06,0.0,0.0,Cload,93061302.25129744,18273397.91499589,0.0,0.0,74787904.33630155,0.0,0.0,0.0,len2,-5690680.864570793,-5612724.107992191,0.0,0.0,-1148970.775986964,1071014.0194081282,0.0,0.0,Ibias1,-138.38834479771234,-143.84206616511432,0.0,0.0,-127.94258333151043,133.3963046988691,0.0,0.0,Ibias2,-386.43406038253977,-459.39213715112,0.0,0.0,-40.16743171266793,113.12550848123006,0.0,0.0,W1,-509.32807655741107,-333.47660311045047,0.0,0.0,-205.95506794277827,30.103594495504357,0.0,0.0,W2,-3787.111540685533,-2951.749731599079,0.0,0.0,-854.6233569953052,19.261547908470728,0.0,0.0,W3,-7842.156005289408,-4960.405002410792,0.0,0.0,-3322.4736893331105,440.7226864544949,0.0,0.0,Alo,-6.2373026153903615,-4.064352123740014,0.0,0.0,-2.1729504916506737,0.0,0.0,0.0,
16,Rb,0.0004722268302609828,0.0005946247432330005,0.0,0.0,-1.4546696537334132e-05,-0.00010785121643473628,0.0,0.0,Rd1,-0.002001907069481915,-0.001121609204033028,0.0,0.0,-0.0008241250781063909,-5.617278734256549e-05,0.0,0.0,Rd2,-0.009546788445013206,-0.00904950622425963,0.0,0.0,-0.0004817575516019376,-1.5524669152044744e-05,0.0,0.0,Rbias3,2.043402260335343e-05,2.0552454243853797e-05,0.0,0.0,3.972703994468052e-06,-4.09113563497033e-06,0.0,0.0,Rbias4,-2.0550905564477383e-05,-2.077481863350759e-05,0.0,0.0,-3.949297108373632e-06,4.173210177401872e-06,0.0,0.0,Cload,62953535.56835787,-10344021.976927586,0.0,0.0,73297557.54210518,0.0,0.0,0.0,len2,-5030917.522095191,-5134542.083945888,0.0,0.0,-965530.829951153,1069155.3918011596,0.0,0.0,Ibias1,-111.9384511358698,-124.38571136698792,0.0,0.0,-120.27358506909643,132.72084530020024,0.0,0.0,Ibias2,-368.07141035368824,-448.2675729285601,0.0,0.0,-35.28158578506061,115.47774835992364,0.0,0.0,W1,-500.20176346435835,-325.4155810023405,0.0,0.0,-205.06251635455934,30.27633389229837,0.0,0.0,W2,-4466.69982020754,-3552.3766243895293,0.0,0.0,-984.7740419616538,70.45084614311425,0.0,0.0,W3,-6863.302918915248,-4211.658158598903,0.0,0.0,-2907.679531356227,256.0347710397356,0.0,0.0,Alo,-5.839602463375318,-3.880329358781197,0.0,0.0,-1.959273104594486,0.0,0.0,0.0,
17,Rb,0.0004848241461283857,0.0006103566046069931,0.0,0.0,-1.727628314019262e-05,-0.0001082561753384678,0.0,0.0,Rd1,-0.0018616095164523043,-0.0010488666185573974,0.0,0.0,-0.0007558090032381995,-5.693389465669017e-05,0.0,0.0,Rd2,-0.009287036465185026,-0.008841839814136075,0.0,0.0,-0.00042959501935508243,-1.5601631694265532e-05,0.0,0.0,Rbias3,1.9514505714335148e-05,2.00385816243701e-05,0.0,0.0,3.6289493561357e-06,-4.153025266172593e-06,0.0,0.0,Rbias4,-1.9121127435696824e-05,-1.9734098281383385e-05,0.0,0.0,-3.5165963601189262e-06,4.129567205806133e-06,0.0,0.0,Cload,91273880.08833158,19193274.274581593,0.0,0.0,72080605.80920662,0.0,0.0,0.0,len2,-4438600.351139724,-4702057.244211054,0.0,0.0,-806957.7406236513,1070414.633694528,0.0,0.0,Ibias1,-86.83722572799822,-105.49201619485903,0.0,0.0,-113.4529312614685,132.1077217283388,0.0,0.0,Ibias2,-350.8776448312417,-437.45545018873867,0.0,0.0,-31.041077038518452,117.61888239599365,0.0,0.0,W1,-283.9370570303718,-146.24842416359488,0.0,0.0,-172.50541632808694,34.81678346117148,0.0,0.0,W2,-3836.5404024122486,-3067.7215812336494,0.0,0.0,-789.2409122958311,20.422091116708668,0.0,0.0,W3,-7113.727596051094,-4705.719196727381,0.0,0.0,-2843.225323172927,435.21692384892197,0.0,0.0,Alo,-5.484880697034327,-3.7105089233435145,0.0,0.0,-1.774371773691081,0.0,0.0,0.0,
18,Rb,0.0004971315979375409,0.0006255586683637528,0.0,0.0,-1.9754667565158315e-05,-0.0001086724028610003,0.0,0.0,Rd1,-0.001732910182026738,-0.0009803382296338504,0.0,0.0,-0.0006948047114103993,-5.776724098240407e-05,0.0,0.0,Rd2,-0.00903543003543003,-0.00863573285575049,0.0,0.0,-0.000384013487915373,-1.568369176378074e-05,0.0,0.0,Rbias3,1.8679446797390367e-05,1.956371232852779e-05,0.0,0.0,3.326741585089924e-06,-4.211007116226691e-06,0.0,0.0,Rbias4,-1.7845510600521563e-05,-1.8785970960858675e-05,0.0,0.0,-3.1464862046663983e-06,4.086946565003512e-06,0.0,0.0,Cload,89325092.15721112,18237970.759586457,0.0,0.0,71087121.39898773,0.0,0.0,0.0,len2,-3938302.2761104833,-4320311.048253177,0.0,0.0,-684903.1892124934,1066911.9613553362,0.0,0.0,Ibias1,-62.09412085394028,-86.59834606696234,0.0,0.0,-107.01534609255548,131.51957130557753,0.0,0.0,Ibias2,-334.87681203915537,-426.9819366989644,0.0,0.0,-27.496637281572912,119.60176194139476,0.0,0.0,W1,-619.5305008258331,-404.7486129090918,0.0,0.0,-245.30898075375137,30.527092837044677,0.0,0.0,W2,-3857.2503031551705,-3119.073256131371,0.0,0.0,-759.7608486601803,21.58380163675173,0.0,0.0,W3,-6794.414619983358,-4586.174345790265,0.0,0.0,-2640.0491869421353,431.80891274991023,0.0,0.0,Alo,-5.170055458865932,-3.5573514234843633,0.0,0.0,-1.6127040353814373,0.0,0.0,0.0,
19,Rb,0.0005107930983468798,0.0006420090726344059,0.0,0.0,-2.2245238194588824e-05,-0.00010897073609293724,0.0,0.0,Rd1,-0.0016135747679118296,-0.0009150514142529624,0.0,0.0,-0.000639971953156996,-5.855140050193727e-05,0.0,0.0,Rd2,-0.008794295345892059,-0.008434362134879345,0.0,0.0,-0.000343950649728628,-1.5982561284031877e-05,0.0,0.0,Rbias3,1.7901268696163633e-05,1.9105443793626703e-05,0.0,0.0,3.061591793341532e-06,-4.2657668908062575e-06,0.0,0.0,Rbias4,-1.6714191358650476e-05,-1.7929041791486108e-05,0.0,0.0,-2.8293462039721013e-06,4.044196636806469e-06,0.0,0.0,Cload,63263817.22387517,-7046974.0723482445,0.0,0.0,70310791.29486032,0.0,0.0,0.0,len2,-3506770.636809414,-3985714.3916091016,0.0,0.0,-584355.8357579027,1063299.5905575901,0.0,0.0,Ibias1,-38.43714500622527,-68.28043005910136,0.0,0.0,-101.13140464338133,130.9746896962621,0.0,0.0,Ibias2,-320.1388867543025,-417.1099562479315,0.0,0.0,-24.44477482509165,121.41584431869539,0.0,0.0,W1,-609.214392723419,-397.47153761328605,0.0,0.0,-242.29889923405844,30.55604412396002,0.0,0.0,W2,-4291.587195919826,-3534.235093539552,0.0,0.0,-827.3702614667809,70.01815908636009,0.0,0.0,W3,-6500.968160300097,-4470.200802842581,0.0,0.0,-2459.321101799638,428.55374434169215,0.0,0.0,Alo,-4.88821060019952,-3.416976006092974,0.0,0.0,-1.4712345941066325,0.0,0.0,0.0,
20,Rb,0.0005239385548033486,0.0006580609046637384,0.0,0.0,-2.4907440746393982e-05,-0.0001092149091140857,0.0,0.0,Rd1,-0.0015019011296916488,-0.0008520865350915305,0.0,0.0,-0.0005904654865600222,-5.934910804009626e-05,0.0,0.0,Rd2,-0.008559902812066226,-0.008235426512633506,0.0,0.0,-0.0003083345519283872,-1.6141747504332504e-05,0.0,0.0,Rbias3,1.7145800916547045e-05,1.8640553207594427e-05,0.0,0.0,2.82188447373093e-06,-4.316636764779315e-06,0.0,0.0,Rbias4,-1.5674829440150846e-05,-1.7128008064263808e-05,0.0,0.0,-2.550419107976599e-06,4.0035977320879965e-06,0.0,0.0,Cload,63274043.54070356,-6410373.57431187,0.0,0.0,69684417.11501543,0.0,0.0,0.0,len2,-3103380.8443222237,-3666997.276670186,0.0,0.0,-496021.81889909983,1059638.251246696,0.0,0.0,Ibias1,-15.886031187858384,-50.55465862506551,0.0,0.0,-95.81841609323061,130.48704353042848,0.0,0.0,Ibias2,-306.08036677656713,-407.44194635614247,0.0,0.0,-21.778280066875027,123.13985964644209,0.0,0.0,W1,-601.7335015303352,-392.75330699203533,0.0,0.0,-239.44209947269738,30.46190493436315,0.0,0.0,W2,-3876.906054660637,-3198.2560779607475,0.0,0.0,-701.9620195270124,23.312042826831664,0.0,0.0,W3,-6236.566665634766,-4366.4261017759545,0.0,0.0,-2295.8870703471916,425.7465064880962,0.0,0.0,Alo,-4.633319872393292,-3.287495149286038,0.0,0.0,-1.3458247231074223,0.0,0.0,0.0,
21,Rb,0.0005368542641382255,0.0006741786177059088,0.0,0.0,-2.7986445282053772e-05,-0.00010933790828561142,0.0,0.0,Rd1,-0.0014011782651047388,-0.0007945546303301359,0.0,0.0,-0.000546577309544482,-6.004632523007283e-05,0.0,0.0,Rd2,-0.008331393391678843,-0.00803826154317152,0.0,0.0,-0.00027681389857101045,-1.6317949936159715e-05,0.0,0.0,Rbias3,1.6481755065259473e-05,1.8237832458359534e-05,0.0,0.0,2.613596294953099e-06,-4.369673688052146e-06,0.0,0.0,Rbias4,-1.4739270705482587e-05,-1.6394753591104594e-05,0.0,0.0,-2.3123835625339894e-06,3.967866448156304e-06,0.0,0.0,Cload,93122647.68253414,23879153.956840567,0.0,0.0,69243493.72614796,0.0,0.0,0.0,len2,-2768015.896584267,-3397468.8750391616,0.0,0.0,-426928.29916446,1056381.2776193547,0.0,0.0,Ibias1,5.090313704947483,-33.76528998884202,0.0,0.0,-91.23068181104239,130.0862855048411,0.0,0.0,Ibias2,-292.9437827836003,-398.1641301832593,0.0,0.0,-19.464989297592663,124.68533669725169,0.0,0.0,W1,-237.25399209054447,-105.07410072999234,0.0,0.0,-166.37574162963003,34.19585026914644,0.0,0.0,W2,-3881.4990596911744,-3230.494999589357,0.0,0.0,-675.6173733833259,24.613313281580837,0.0,0.0,W3,-5995.7223396274485,-4269.958066400262,0.0,0.0,-2149.43528272309,423.67100949590406,0.0,0.0,Alo,-4.40312941840524,-3.168168849696701,0.0,0.0,-1.2349605687085392,0.0,0.0,0.0,
22,Rb,0.0005492626105611832,0.0006896786133567247,0.0,0.0,-3.107911087120487e-05,-0.00010933689192430012,0.0,0.0,Rd1,-0.0013075458727406385,-0.0007399550320127062,0.0,0.0,-0.0005068871274234646,-6.070371330445183e-05,0.0,0.0,Rd2,-0.008110922014079938,-0.007845532907933848,0.0,0.0,-0.00024886206497428147,-1.65270411718577e-05,0.0,0.0,Rbias3,1.5860790783862753e-05,1.7853676210186502e-05,0.0,0.0,2.4293535548001025e-06,-4.4222389811241924e-06,0.0,0.0,Rbias4,-1.3887390931763748e-05,-1.5716220731281038e-05,0.0,0.0,-2.1057752481653927e-06,3.9346050476829895e-06,0.0,0.0,Cload,63606006.06025097,-5383922.706987269,0.0,0.0,68989928.76769264,0.0,0.0,0.0,len2,-2472744.119217987,-3157044.6154844067,0.0,0.0,-369121.55248389026,1053422.0487500222,0.0,0.0,Ibias1,25.17424343236332,-17.558078785309462,0.0,0.0,-86.98387090325015,129.71619312091835,0.0,0.0,Ibias2,-280.39657049329196,-389.07032779785044,0.0,0.0,-17.43599958069762,126.1097568852601,0.0,0.0,W1,-228.79326532045235,-96.99304348467619,0.0,0.0,-165.82772851572057,34.02750667987597,0.0,0.0,W2,-4177.421735065405,-3538.959209601729,0.0,0.0,-708.6545874086992,70.19206194516605,0.0,0.0,W3,-5477.820732602748,-3883.4344312271514,0.0,0.0,-1895.331453958857,300.9451525829807,0.0,0.0,Alo,-4.195687538901425,-3.0585716994706846,0.0,0.0,-1.1371158394306995,0.0,0.0,0.0,
23,Rb,0.0005605867042946356,0.0007043192666265233,0.0,0.0,-3.4457966218911045e-05,-0.00010927459611303163,0.0,0.0,Rd1,-0.0012214382278943716,-0.0006891321297417619,0.0,0.0,-0.00047103854632657264,-6.126755182606826e-05,0.0,0.0,Rd2,-0.007894297835473879,-0.00765366928891782,0.0,0.0,-0.00022379347999322067,-1.6835066562789518e-05,0.0,0.0,Rbias3,1.5261437657598234e-05,1.7473419681299797e-05,0.0,0.0,2.2602223125615714e-06,-4.47220433626417e-06,0.0,0.0,Rbias4,-1.3117102948184816e-05,-1.5098634463149473e-05,0.0,0.0,-1.9207835121332144e-06,3.902315027096659e-06,0.0,0.0,Cload,71350157.29823981,2451314.705521671,0.0,0.0,68898842.59317255,0.0,0.0,0.0,len2,-2193058.2697482444,-2927993.909271784,0.0,0.0,-316009.82986257604,1050945.4693860444,0.0,0.0,Ibias1,43.89759471158174,-2.2560963808714813,0.0,0.0,-83.25322283246531,129.40691392491854,0.0,0.0,Ibias2,-268.46099082998126,-380.33330301485995,0.0,0.0,-15.601301302303806,127.47361348718249,0.0,0.0,W1,-440.4377991524969,-271.10576267094496,0.0,0.0,-199.86841949271354,30.536383011093225,0.0,0.0,W2,-3874.7096271341034,-3275.2060559310194,0.0,0.0,-625.7749519299186,26.271380726834806,0.0,0.0,W3,-5300.722824606644,-3826.8345462068132,0.0,0.0,-1780.096594735574,306.2083163357423,0.0,0.0,Alo,-4.007602747402812,-2.957782684962534,0.0,0.0,-1.0498200624402778,0.0,0.0,0.0,
24,Rb,0.0005702590056322119,0.0007174489366935764,0.0,0.0,-3.804149474755759e-05,-0.00010914843631384378,0.0,0.0,Rd1,-0.0011429795343560465,-0.0006422999389664037,0.0,0.0,-0.0004388826603753602,-6.179693501428253e-05,0.0,0.0,Rd2,-0.007685668447066163,-0.007467060106126527,0.0,0.0,-0.0002015437634189528,-1.706457752072975e-05,0.0,0.0,Rbias3,1.4722031775319732e-05,1.7134124776172246e-05,0.0,0.0,2.1156368225210986e-06,-4.527729823373611e-06,0.0,0.0,Rbias4,-1.2429805291354344e-05,-1.454069716940497e-05,0.0,0.0,-1.7639687197267842e-06,3.874860597776808e-06,0.0,0.0,Cload,71446394.45059046,2415975.9881817303,0.0,0.0,69030418.46331759,0.0,0.0,0.0,len2,-1951443.0860001706,-2731596.2446989957,0.0,0.0,-271554.05574057205,1051707.2144395385,0.0,0.0,Ibias1,61.037941949385456,11.829315823566384,0.0,0.0,-79.97689385008488,129.18551997589938,0.0,0.0,Ibias2,-256.9921985716693,-371.6843699156201,0.0,0.0,-13.957158952965727,128.64933029691656,0.0,0.0,W1,-435.4219761594595,-266.74556623978356,0.0,0.0,-199.26572107909467,30.58931115941867,0.0,0.0,W2,-3871.3110729354585,-3295.482814914367,0.0,0.0,-603.1244635108638,27.29620548942153,0.0,0.0,W3,-5420.881687752698,-4043.5610411894886,0.0,0.0,-1798.9721091891925,421.6514626255689,0.0,0.0,Alo,-3.8368998748627763,-2.864081724931654,0.0,0.0,-0.972818149931201,0.0,0.0,0.0,
25,Rb,0.0005812769946939269,0.000732119437928356,0.0,0.0,-4.1953951659842004e-05,-0.00010888849157455925,0.0,0.0,Rd1,-0.0010699307644067588,-0.0005980920441776371,0.0,0.0,-0.0004097111271842279,-6.212759304489386e-05,0.0,0.0,Rd2,-0.007479543775204121,-0.007280830267156664,0.0,0.0,-0.0001814434197176234,-1.727008832978786e-05,0.0,0.0,Rbias3,1.4209179541335518e-05,1.6806447119112766e-05,0.0,0.0,1.9826178775430957e-06,-4.5798854553191115e-06,0.0,0.0,Rbias4,-1.1769467959725884e-05,-1.3995413165990831e-05,0.0,0.0,-1.6228120807916354e-06,3.84875728705703e-06,0.0,0.0,Cload,71693141.5537394,2507173.6003339672,0.0,0.0,69185967.95408708,0.0,0.0,0.0,len2,-1743056.2215844465,-2555561.4222987173,0.0,0.0,-237134.87575675864,1049640.0764712752,0.0,0.0,Ibias1,76.9759418047179,25.09929907153927,0.0,0.0,-77.16799955576415,129.04464228894506,0.0,0.0,Ibias2,-245.86661650024865,-363.09242130068156,0.0,0.0,-12.546244796617128,129.77204959706714,0.0,0.0,W1,-427.1015700917029,-258.9027890665093,0.0,0.0,-198.71862820007917,30.519847174970614,0.0,0.0,W2,-4017.3007030348235,-3474.3836348744153,0.0,0.0,-613.2864734283222,70.36940526805304,0.0,0.0,W3,-5243.942427824316,-3964.432690220764,0.0,0.0,-1700.1901331090369,420.6803955056909,0.0,0.0,Alo,-3.6777038149744814,-2.775099338654384,0.0,0.0,-0.9026044763200973,0.0,0.0,0.0,
26,Rb,0.0005889090578761801,0.0007436754261222398,0.0,0.0,-4.62059425618761e-05,-0.00010856042568422088,0.0,0.0,Rd1,-0.00100394283879775,-0.00055826508966424,0.0,0.0,-0.0003833029361958759,-6.237481293762665e-05,0.0,0.0,Rd2,-0.00728179918001634,-0.0071010527318033844,0.0,0.0,-0.0001632935513789051,-1.7452896834071896e-05,0.0,0.0,Rbias3,1.3705569016692897e-05,1.647542430110419e-05,0.0,0.0,1.8587911485052994e-06,-4.628646432916772e-06,0.0,0.0,Rbias4,-1.115726273075171e-05,-1.3486814184697554e-05,0.0,0.0,-1.4944043900989033e-06,3.823955844044895e-06,0.0,0.0,Cload,72023754.01905064,2593309.2713891836,0.0,0.0,69430444.74766147,0.0,0.0,0.0,len2,-1536545.6454239353,-2380696.7911021393,0.0,0.0,-203614.71725033427,1047765.8629285733,0.0,0.0,Ibias1,91.16559153914237,36.98034442539096,0.0,0.0,-74.80976755406753,128.9950146678008,0.0,0.0,Ibias2,-235.27210568126975,-354.8794447336065,0.0,0.0,-11.263974291249392,130.87131334358796,0.0,0.0,W1,-420.38280489450534,-252.5485172113545,0.0,0.0,-198.16362332297007,30.32933563980223,0.0,0.0,W2,-3843.3145762877916,-3312.995876243648,0.0,0.0,-560.0782338380079,29.75953379376105,0.0,0.0,W3,-5081.677033250839,-3892.962916790666,0.0,0.0,-1608.976710812062,420.2625943520941,0.0,0.0,Alo,-3.5324389939283667,-2.6934637674983897,0.0,0.0,-0.8389752264300724,0.0,0.0,0.0,
27,Rb,0.0005962825481548626,0.0007551679444552219,0.0,0.0,-5.072605844162399e-05,-0.00010815933785877276,0.0,0.0,Rd1,-0.0009432734133219719,-0.0005212595946772441,0.0,0.0,-0.0003595280430647013,-6.248577558009371e-05,0.0,0.0,Rd2,-0.007085195189786798,-0.006920320635396823,0.0,0.0,-0.0001469489047686185,-1.7925649621378617e-05,0.0,0.0,Rbias3,1.3252324669659145e-05,1.6185359890984207e-05,0.0,0.0,1.7499510965516618e-06,-4.682986317876723e-06,0.0,0.0,Rbias4,-1.0584694133945873e-05,-1.3003393521307135e-05,0.0,0.0,-1.3827172220117046e-06,3.80141660937238e-06,0.0,0.0,Cload,78774523.17521709,8968857.668957101,0.0,0.0,69805665.50671446,0.0,0.0,0.0,len2,-1370197.2431965228,-2237796.1651191483,0.0,0.0,-178993.20104121658,1046592.1229637726,0.0,0.0,Ibias1,104.07119069091058,47.882584328317854,0.0,0.0,-72.83966806260594,129.0282744251851,0.0,0.0,Ibias2,-225.1356949884638,-346.8316577005945,0.0,0.0,-10.131902501546797,131.82786521368485,0.0,0.0,W1,-412.3143769539233,-244.82278440282636,0.0,0.0,-197.6319843198195,30.140391768620994,0.0,0.0,W2,-3948.393223573083,-3459.7357787700516,0.0,0.0,-559.4172718415853,70.75982703855385,0.0,0.0,W3,-4936.619002775313,-3830.4714526239877,0.0,0.0,-1526.0416310253975,419.89408087420804,0.0,0.0,Alo,-3.3989094171614718,-2.617177628038418,0.0,0.0,-0.7817317891231099,0.0,0.0,0.0,
28,Rb,0.0006006666382814986,0.0007641195145538994,0.0,0.0,-5.5837467661268605e-05,-0.00010761540861110393,0.0,0.0,Rd1,-0.0008898089956700884,-0.0004892321901607213,0.0,0.0,-0.0003382198797836685,-6.235692572564682e-05,0.0,0.0,Rd2,-0.006895146079401892,-0.0067449542696132,0.0,0.0,-0.00013213389888779188,-1.8057910900941993e-05,0.0,0.0,Rbias3,1.2793197787766851e-05,1.5878517853696088e-05,0.0,0.0,1.64745729031287e-06,-4.7327773562424685e-06,0.0,0.0,Rbias4,-1.005414667206821e-05,-1.2555204612094796e-05,0.0,0.0,-1.2799762249579826e-06,3.7810341649855857e-06,0.0,0.0,Cload,63973336.39362258,-6282406.2918395605,0.0,0.0,70255742.68659832,0.0,0.0,0.0,len2,-1199476.0879144932,-2091289.1188277167,0.0,0.0,-153710.4368251013,1045523.4677383939,0.0,0.0,Ibias1,114.46893133612626,56.75852880010246,0.0,0.0,-71.46047938592696,129.17088192195527,0.0,0.0,Ibias2,-215.12023707100207,-338.79670983390764,0.0,0.0,-9.089032286869662,132.76550504977706,0.0,0.0,W1,-183.3077396450137,-54.773063210768946,0.0,0.0,-161.16661935260407,32.6319429184776,0.0,0.0,W2,-3808.6480437314763,-3320.0887829166995,0.0,0.0,-520.6756252083264,32.11636439354985,0.0,0.0,W3,-4796.5204917337305,-3767.0111542458,0.0,0.0,-1449.0768054354362,419.5674679477067,0.0,0.0,Alo,-3.2758834139801514,-2.5463063451845693,0.0,0.0,-0.729577068795582,0.0,0.0,0.0,
29,Rb,0.0006051988566029683,0.000773158701196328,0.0,0.0,-6.090005414516901e-05,-0.0001070597904482287,0.0,0.0,Rd1,-0.0008404021751533046,-0.000459428878408849,0.0,0.0,-0.0003187702957356386,-6.220300100881707e-05,0.0,0.0,Rd2,-0.006708449385379986,-0.006571115842727978,0.0,0.0,-0.00011871954665534898,-1.8613995996616914e-05,0.0,0.0,Rbias3,1.2363486276500188e-05,1.5594808213188927e-05,0.0,0.0,1.5570667113924278e-06,-4.788388648081348e-06,0.0,0.0,Rbias4,-9.568898096444156e-06,-1.214147077444219e-05,0.0,0.0,-1.1901266081432206e-06,3.762699286140821e-06,0.0,0.0,Cload,64891306.76999646,-5918960.855698323,0.0,0.0,70810267.62455857,0.0,0.0,0.0,len2,-1071141.0709963345,-1980399.8665812425,0.0,0.0,-136063.7264798685,1045322.5220649135,0.0,0.0,Ibias1,124.49934206922833,65.3145865092644,0.0,0.0,-70.17702716977442,129.3617827297474,0.0,0.0,Ibias2,-205.65675232292475,-331.06959976147675,0.0,0.0,-8.170662493541558,133.5835099320811,0.0,0.0,W1,-534.248094128189,-342.44480162724284,0.0,0.0,-221.72465501859384,29.921362517613872,0.0,0.0,W2,-3786.7940004521743,-3317.944648107423,0.0,0.0,-502.3515429493706,33.50219060461936,0.0,0.0,W3,-4666.291286590415,-3707.220521487227,0.0,0.0,-1378.3522461016742,419.28148099801865,0.0,0.0,Alo,-3.161796032022124,-2.4796031799771145,0.0,0.0,-0.6821928520450453,0.0,0.0,0.0,
30,Rb,0.0006081058278987445,0.0007807193495637473,0.0,0.0,-6.61210353569769e-05,-0.00010649248630802591,0.0,0.0,Rd1,-0.0007952582017325811,-0.00043233333995198553,0.0,0.0,-0.00030095375191275576,-6.197110986786159e-05,0.0,0.0,Rd2,-0.006526442745813447,-0.006400904191461309,0.0,0.0,-0.00010655399747330887,-1.8984556878908868e-05,0.0,0.0,Rbias3,1.1947260414847292e-05,1.5314853232141095e-05,0.0,0.0,1.4745225447135116e-06,-4.842115362008233e-06,0.0,0.0,Rbias4,-9.028137092688034e-06,-1.1742464047939588e-05,0.0,0.0,-1.1092448388343335e-06,3.823571794086172e-06,0.0,0.0,Cload,66019840.099406704,-5437632.985192677,0.0,0.0,71457473.08414489,0.0,0.0,0.0,len2,-933445.4891640671,-1877645.2528211311,0.0,0.0,-120856.12889467791,1065055.8925517763,0.0,0.0,Ibias1,133.19116747765395,72.7546105026168,0.0,0.0,-69.16276873054765,129.59932570558027,0.0,0.0,Ibias2,-196.48269978064755,-323.52102258136534,0.0,0.0,-7.336574021051712,134.37489682176601,0.0,0.0,W1,-527.9343507367884,-337.7097427698421,0.0,0.0,-219.82034218916021,29.595734222247586,0.0,0.0,W2,-3793.2830225997527,-3372.6196779053553,0.0,0.0,-492.28905569288884,71.62571099832586,0.0,0.0,W3,-4264.310756236312,-3378.9368098197774,0.0,0.0,-1220.6954060340508,335.3214596175157,0.0,0.0,Alo,-3.056892104763881,-2.417785833559908,0.0,0.0,-0.6391062712040088,0.0,0.0,0.0,
